"title","tag"
"Add-ConAnd","condition-functions"
"Add-ConEquals","condition-functions"
"Add-ConIf","condition-functions"
"Add-ConNot","condition-functions"
"Add-ConOr","condition-functions"
"Export-Vaporshell","core-functions"
"Import-Vaporshell","core-functions"
"Import-VSTemplateConfig","core-functions"
"Initialize-Vaporshell","core-functions"
"Add-FnBase64","intrinsic-functions"
"Add-FnCidr","intrinsic-functions"
"Add-FnFindInMap","intrinsic-functions"
"Add-FnGetAtt","intrinsic-functions"
"Add-FnGetAZs","intrinsic-functions"
"Add-FnImportValue","intrinsic-functions"
"Add-FnJoin","intrinsic-functions"
"Add-FnRef","intrinsic-functions"
"Add-FnSelect","intrinsic-functions"
"Add-FnSplit","intrinsic-functions"
"Add-FnSub","intrinsic-functions"
"Add-FnTransform","intrinsic-functions"
"New-VaporCondition","primary-functions"
"New-VaporMapping","primary-functions"
"New-VaporMetadata","primary-functions"
"New-VaporOutput","primary-functions"
"New-VaporParameter","primary-functions"
"New-VaporResource","primary-functions"
"Add-CreationPolicy","resource-attributes"
"Add-UpdatePolicy","resource-attributes"
"Add-PolicyAction","resource-helpers"
"Add-UserData","resource-helpers"
"Add-VSAccessAnalyzerAnalyzerAnalysisRule","resource-property-types"
"Add-VSAccessAnalyzerAnalyzerAnalysisRuleCriteria","resource-property-types"
"Add-VSAccessAnalyzerAnalyzerAnalyzerConfiguration","resource-property-types"
"Add-VSAccessAnalyzerAnalyzerArchiveRule","resource-property-types"
"Add-VSAccessAnalyzerAnalyzerFilter","resource-property-types"
"Add-VSAccessAnalyzerAnalyzerInternalAccessAnalysisRule","resource-property-types"
"Add-VSAccessAnalyzerAnalyzerInternalAccessAnalysisRuleCriteria","resource-property-types"
"Add-VSAccessAnalyzerAnalyzerInternalAccessConfiguration","resource-property-types"
"Add-VSAccessAnalyzerAnalyzerUnusedAccessConfiguration","resource-property-types"
"Add-VSACMPCACertificateApiPassthrough","resource-property-types"
"Add-VSACMPCACertificateAuthorityAccessDescription","resource-property-types"
"Add-VSACMPCACertificateAuthorityAccessMethod","resource-property-types"
"Add-VSACMPCACertificateAuthorityCrlConfiguration","resource-property-types"
"Add-VSACMPCACertificateAuthorityCrlDistributionPointExtensionConfiguration","resource-property-types"
"Add-VSACMPCACertificateAuthorityCsrExtensions","resource-property-types"
"Add-VSACMPCACertificateAuthorityCustomAttribute","resource-property-types"
"Add-VSACMPCACertificateAuthorityEdiPartyName","resource-property-types"
"Add-VSACMPCACertificateAuthorityGeneralName","resource-property-types"
"Add-VSACMPCACertificateAuthorityKeyUsage","resource-property-types"
"Add-VSACMPCACertificateAuthorityOcspConfiguration","resource-property-types"
"Add-VSACMPCACertificateAuthorityOtherName","resource-property-types"
"Add-VSACMPCACertificateAuthorityRevocationConfiguration","resource-property-types"
"Add-VSACMPCACertificateAuthoritySubject","resource-property-types"
"Add-VSACMPCACertificateCustomAttribute","resource-property-types"
"Add-VSACMPCACertificateCustomExtension","resource-property-types"
"Add-VSACMPCACertificateEdiPartyName","resource-property-types"
"Add-VSACMPCACertificateExtendedKeyUsage","resource-property-types"
"Add-VSACMPCACertificateExtensions","resource-property-types"
"Add-VSACMPCACertificateGeneralName","resource-property-types"
"Add-VSACMPCACertificateKeyUsage","resource-property-types"
"Add-VSACMPCACertificateOtherName","resource-property-types"
"Add-VSACMPCACertificatePolicyInformation","resource-property-types"
"Add-VSACMPCACertificatePolicyQualifierInfo","resource-property-types"
"Add-VSACMPCACertificateQualifier","resource-property-types"
"Add-VSACMPCACertificateSubject","resource-property-types"
"Add-VSACMPCACertificateValidity","resource-property-types"
"Add-VSAIOpsInvestigationGroupChatbotNotificationChannel","resource-property-types"
"Add-VSAIOpsInvestigationGroupCrossAccountConfiguration","resource-property-types"
"Add-VSAIOpsInvestigationGroupEncryptionConfigMap","resource-property-types"
"Add-VSAlexaASKSkillAuthenticationConfiguration","resource-property-types"
"Add-VSAlexaASKSkillOverrides","resource-property-types"
"Add-VSAlexaASKSkillSkillPackage","resource-property-types"
"Add-VSAmazonMQBrokerConfigurationId","resource-property-types"
"Add-VSAmazonMQBrokerEncryptionOptions","resource-property-types"
"Add-VSAmazonMQBrokerLdapServerMetadata","resource-property-types"
"Add-VSAmazonMQBrokerLogList","resource-property-types"
"Add-VSAmazonMQBrokerMaintenanceWindow","resource-property-types"
"Add-VSAmazonMQBrokerTagsEntry","resource-property-types"
"Add-VSAmazonMQBrokerUser","resource-property-types"
"Add-VSAmazonMQConfigurationAssociationConfigurationId","resource-property-types"
"Add-VSAmazonMQConfigurationTagsEntry","resource-property-types"
"Add-VSAmplifyAppAutoBranchCreationConfig","resource-property-types"
"Add-VSAmplifyAppBasicAuthConfig","resource-property-types"
"Add-VSAmplifyAppCacheConfig","resource-property-types"
"Add-VSAmplifyAppCustomRule","resource-property-types"
"Add-VSAmplifyAppEnvironmentVariable","resource-property-types"
"Add-VSAmplifyAppJobConfig","resource-property-types"
"Add-VSAmplifyBranchBackend","resource-property-types"
"Add-VSAmplifyBranchBasicAuthConfig","resource-property-types"
"Add-VSAmplifyBranchEnvironmentVariable","resource-property-types"
"Add-VSAmplifyDomainCertificate","resource-property-types"
"Add-VSAmplifyDomainCertificateSettings","resource-property-types"
"Add-VSAmplifyDomainSubDomainSetting","resource-property-types"
"Add-VSAmplifyUIBuilderComponentActionParameters","resource-property-types"
"Add-VSAmplifyUIBuilderComponentComponentBindingPropertiesValue","resource-property-types"
"Add-VSAmplifyUIBuilderComponentComponentBindingPropertiesValueProperties","resource-property-types"
"Add-VSAmplifyUIBuilderComponentComponentChild","resource-property-types"
"Add-VSAmplifyUIBuilderComponentComponentConditionProperty","resource-property-types"
"Add-VSAmplifyUIBuilderComponentComponentDataConfiguration","resource-property-types"
"Add-VSAmplifyUIBuilderComponentComponentEvent","resource-property-types"
"Add-VSAmplifyUIBuilderComponentComponentProperty","resource-property-types"
"Add-VSAmplifyUIBuilderComponentComponentPropertyBindingProperties","resource-property-types"
"Add-VSAmplifyUIBuilderComponentComponentVariant","resource-property-types"
"Add-VSAmplifyUIBuilderComponentFormBindingElement","resource-property-types"
"Add-VSAmplifyUIBuilderComponentMutationActionSetStateParameter","resource-property-types"
"Add-VSAmplifyUIBuilderComponentPredicate","resource-property-types"
"Add-VSAmplifyUIBuilderComponentSortProperty","resource-property-types"
"Add-VSAmplifyUIBuilderFormFieldConfig","resource-property-types"
"Add-VSAmplifyUIBuilderFormFieldInputConfig","resource-property-types"
"Add-VSAmplifyUIBuilderFormFieldPosition","resource-property-types"
"Add-VSAmplifyUIBuilderFormFieldValidationConfiguration","resource-property-types"
"Add-VSAmplifyUIBuilderFormFileUploaderFieldConfig","resource-property-types"
"Add-VSAmplifyUIBuilderFormFormButton","resource-property-types"
"Add-VSAmplifyUIBuilderFormFormCTA","resource-property-types"
"Add-VSAmplifyUIBuilderFormFormDataTypeConfig","resource-property-types"
"Add-VSAmplifyUIBuilderFormFormInputBindingPropertiesValue","resource-property-types"
"Add-VSAmplifyUIBuilderFormFormInputBindingPropertiesValueProperties","resource-property-types"
"Add-VSAmplifyUIBuilderFormFormInputValueProperty","resource-property-types"
"Add-VSAmplifyUIBuilderFormFormInputValuePropertyBindingProperties","resource-property-types"
"Add-VSAmplifyUIBuilderFormFormStyle","resource-property-types"
"Add-VSAmplifyUIBuilderFormFormStyleConfig","resource-property-types"
"Add-VSAmplifyUIBuilderFormSectionalElement","resource-property-types"
"Add-VSAmplifyUIBuilderFormValueMapping","resource-property-types"
"Add-VSAmplifyUIBuilderFormValueMappings","resource-property-types"
"Add-VSAmplifyUIBuilderThemeThemeValue","resource-property-types"
"Add-VSAmplifyUIBuilderThemeThemeValues","resource-property-types"
"Add-VSApiGatewayApiKeyStageKey","resource-property-types"
"Add-VSApiGatewayDeploymentAccessLogSetting","resource-property-types"
"Add-VSApiGatewayDeploymentCanarySetting","resource-property-types"
"Add-VSApiGatewayDeploymentDeploymentCanarySettings","resource-property-types"
"Add-VSApiGatewayDeploymentMethodSetting","resource-property-types"
"Add-VSApiGatewayDeploymentStageDescription","resource-property-types"
"Add-VSApiGatewayDocumentationPartLocation","resource-property-types"
"Add-VSApiGatewayDomainNameEndpointConfiguration","resource-property-types"
"Add-VSApiGatewayDomainNameMutualTlsAuthentication","resource-property-types"
"Add-VSApiGatewayDomainNameV2EndpointConfiguration","resource-property-types"
"Add-VSApiGatewayMethodIntegration","resource-property-types"
"Add-VSApiGatewayMethodIntegrationResponse","resource-property-types"
"Add-VSApiGatewayMethodMethodResponse","resource-property-types"
"Add-VSApiGatewayRestApiEndpointConfiguration","resource-property-types"
"Add-VSApiGatewayRestApiS3Location","resource-property-types"
"Add-VSApiGatewayStageAccessLogSetting","resource-property-types"
"Add-VSApiGatewayStageCanarySetting","resource-property-types"
"Add-VSApiGatewayStageMethodSetting","resource-property-types"
"Add-VSApiGatewayUsagePlanApiStage","resource-property-types"
"Add-VSApiGatewayUsagePlanQuotaSettings","resource-property-types"
"Add-VSApiGatewayUsagePlanThrottleSettings","resource-property-types"
"Add-VSApiGatewayV2ApiBodyS3Location","resource-property-types"
"Add-VSApiGatewayV2ApiCors","resource-property-types"
"Add-VSApiGatewayV2ApiGatewayManagedOverridesAccessLogSettings","resource-property-types"
"Add-VSApiGatewayV2ApiGatewayManagedOverridesIntegrationOverrides","resource-property-types"
"Add-VSApiGatewayV2ApiGatewayManagedOverridesRouteOverrides","resource-property-types"
"Add-VSApiGatewayV2ApiGatewayManagedOverridesRouteSettings","resource-property-types"
"Add-VSApiGatewayV2ApiGatewayManagedOverridesStageOverrides","resource-property-types"
"Add-VSApiGatewayV2AuthorizerJWTConfiguration","resource-property-types"
"Add-VSApiGatewayV2DomainNameDomainNameConfiguration","resource-property-types"
"Add-VSApiGatewayV2DomainNameMutualTlsAuthentication","resource-property-types"
"Add-VSApiGatewayV2IntegrationResponseParameter","resource-property-types"
"Add-VSApiGatewayV2IntegrationResponseParameterMap","resource-property-types"
"Add-VSApiGatewayV2IntegrationTlsConfig","resource-property-types"
"Add-VSApiGatewayV2RouteResponseParameterConstraints","resource-property-types"
"Add-VSApiGatewayV2RoutingRuleAction","resource-property-types"
"Add-VSApiGatewayV2RoutingRuleActionInvokeApi","resource-property-types"
"Add-VSApiGatewayV2RoutingRuleCondition","resource-property-types"
"Add-VSApiGatewayV2RoutingRuleMatchBasePaths","resource-property-types"
"Add-VSApiGatewayV2RoutingRuleMatchHeaders","resource-property-types"
"Add-VSApiGatewayV2RoutingRuleMatchHeaderValue","resource-property-types"
"Add-VSApiGatewayV2StageAccessLogSettings","resource-property-types"
"Add-VSApiGatewayV2StageRouteSettings","resource-property-types"
"Add-VSAppConfigApplicationTags","resource-property-types"
"Add-VSAppConfigConfigurationProfileTags","resource-property-types"
"Add-VSAppConfigConfigurationProfileValidators","resource-property-types"
"Add-VSAppConfigDeploymentDynamicExtensionParameters","resource-property-types"
"Add-VSAppConfigEnvironmentMonitor","resource-property-types"
"Add-VSAppConfigExtensionParameter","resource-property-types"
"Add-VSAppFlowConnectorConnectorProvisioningConfig","resource-property-types"
"Add-VSAppFlowConnectorLambdaConnectorProvisioningConfig","resource-property-types"
"Add-VSAppFlowConnectorProfileAmplitudeConnectorProfileCredentials","resource-property-types"
"Add-VSAppFlowConnectorProfileApiKeyCredentials","resource-property-types"
"Add-VSAppFlowConnectorProfileBasicAuthCredentials","resource-property-types"
"Add-VSAppFlowConnectorProfileConnectorOAuthRequest","resource-property-types"
"Add-VSAppFlowConnectorProfileConnectorProfileConfig","resource-property-types"
"Add-VSAppFlowConnectorProfileConnectorProfileCredentials","resource-property-types"
"Add-VSAppFlowConnectorProfileConnectorProfileProperties","resource-property-types"
"Add-VSAppFlowConnectorProfileCustomAuthCredentials","resource-property-types"
"Add-VSAppFlowConnectorProfileCustomConnectorProfileCredentials","resource-property-types"
"Add-VSAppFlowConnectorProfileCustomConnectorProfileProperties","resource-property-types"
"Add-VSAppFlowConnectorProfileDatadogConnectorProfileCredentials","resource-property-types"
"Add-VSAppFlowConnectorProfileDatadogConnectorProfileProperties","resource-property-types"
"Add-VSAppFlowConnectorProfileDynatraceConnectorProfileCredentials","resource-property-types"
"Add-VSAppFlowConnectorProfileDynatraceConnectorProfileProperties","resource-property-types"
"Add-VSAppFlowConnectorProfileGoogleAnalyticsConnectorProfileCredentials","resource-property-types"
"Add-VSAppFlowConnectorProfileInforNexusConnectorProfileCredentials","resource-property-types"
"Add-VSAppFlowConnectorProfileInforNexusConnectorProfileProperties","resource-property-types"
"Add-VSAppFlowConnectorProfileMarketoConnectorProfileCredentials","resource-property-types"
"Add-VSAppFlowConnectorProfileMarketoConnectorProfileProperties","resource-property-types"
"Add-VSAppFlowConnectorProfileOAuth2Credentials","resource-property-types"
"Add-VSAppFlowConnectorProfileOAuth2Properties","resource-property-types"
"Add-VSAppFlowConnectorProfileOAuthCredentials","resource-property-types"
"Add-VSAppFlowConnectorProfileOAuthProperties","resource-property-types"
"Add-VSAppFlowConnectorProfilePardotConnectorProfileCredentials","resource-property-types"
"Add-VSAppFlowConnectorProfilePardotConnectorProfileProperties","resource-property-types"
"Add-VSAppFlowConnectorProfileRedshiftConnectorProfileCredentials","resource-property-types"
"Add-VSAppFlowConnectorProfileRedshiftConnectorProfileProperties","resource-property-types"
"Add-VSAppFlowConnectorProfileSalesforceConnectorProfileCredentials","resource-property-types"
"Add-VSAppFlowConnectorProfileSalesforceConnectorProfileProperties","resource-property-types"
"Add-VSAppFlowConnectorProfileSAPODataConnectorProfileCredentials","resource-property-types"
"Add-VSAppFlowConnectorProfileSAPODataConnectorProfileProperties","resource-property-types"
"Add-VSAppFlowConnectorProfileServiceNowConnectorProfileCredentials","resource-property-types"
"Add-VSAppFlowConnectorProfileServiceNowConnectorProfileProperties","resource-property-types"
"Add-VSAppFlowConnectorProfileSingularConnectorProfileCredentials","resource-property-types"
"Add-VSAppFlowConnectorProfileSlackConnectorProfileCredentials","resource-property-types"
"Add-VSAppFlowConnectorProfileSlackConnectorProfileProperties","resource-property-types"
"Add-VSAppFlowConnectorProfileSnowflakeConnectorProfileCredentials","resource-property-types"
"Add-VSAppFlowConnectorProfileSnowflakeConnectorProfileProperties","resource-property-types"
"Add-VSAppFlowConnectorProfileTrendmicroConnectorProfileCredentials","resource-property-types"
"Add-VSAppFlowConnectorProfileVeevaConnectorProfileCredentials","resource-property-types"
"Add-VSAppFlowConnectorProfileVeevaConnectorProfileProperties","resource-property-types"
"Add-VSAppFlowConnectorProfileZendeskConnectorProfileCredentials","resource-property-types"
"Add-VSAppFlowConnectorProfileZendeskConnectorProfileProperties","resource-property-types"
"Add-VSAppFlowFlowAggregationConfig","resource-property-types"
"Add-VSAppFlowFlowAmplitudeSourceProperties","resource-property-types"
"Add-VSAppFlowFlowConnectorOperator","resource-property-types"
"Add-VSAppFlowFlowCustomConnectorDestinationProperties","resource-property-types"
"Add-VSAppFlowFlowCustomConnectorSourceProperties","resource-property-types"
"Add-VSAppFlowFlowDatadogSourceProperties","resource-property-types"
"Add-VSAppFlowFlowDataTransferApi","resource-property-types"
"Add-VSAppFlowFlowDestinationConnectorProperties","resource-property-types"
"Add-VSAppFlowFlowDestinationFlowConfig","resource-property-types"
"Add-VSAppFlowFlowDynatraceSourceProperties","resource-property-types"
"Add-VSAppFlowFlowErrorHandlingConfig","resource-property-types"
"Add-VSAppFlowFlowEventBridgeDestinationProperties","resource-property-types"
"Add-VSAppFlowFlowGlueDataCatalog","resource-property-types"
"Add-VSAppFlowFlowGoogleAnalyticsSourceProperties","resource-property-types"
"Add-VSAppFlowFlowIncrementalPullConfig","resource-property-types"
"Add-VSAppFlowFlowInforNexusSourceProperties","resource-property-types"
"Add-VSAppFlowFlowLookoutMetricsDestinationProperties","resource-property-types"
"Add-VSAppFlowFlowMarketoDestinationProperties","resource-property-types"
"Add-VSAppFlowFlowMarketoSourceProperties","resource-property-types"
"Add-VSAppFlowFlowMetadataCatalogConfig","resource-property-types"
"Add-VSAppFlowFlowPardotSourceProperties","resource-property-types"
"Add-VSAppFlowFlowPrefixConfig","resource-property-types"
"Add-VSAppFlowFlowRedshiftDestinationProperties","resource-property-types"
"Add-VSAppFlowFlowS3DestinationProperties","resource-property-types"
"Add-VSAppFlowFlowS3InputFormatConfig","resource-property-types"
"Add-VSAppFlowFlowS3OutputFormatConfig","resource-property-types"
"Add-VSAppFlowFlowS3SourceProperties","resource-property-types"
"Add-VSAppFlowFlowSalesforceDestinationProperties","resource-property-types"
"Add-VSAppFlowFlowSalesforceSourceProperties","resource-property-types"
"Add-VSAppFlowFlowSAPODataDestinationProperties","resource-property-types"
"Add-VSAppFlowFlowSAPODataPaginationConfig","resource-property-types"
"Add-VSAppFlowFlowSAPODataParallelismConfig","resource-property-types"
"Add-VSAppFlowFlowSAPODataSourceProperties","resource-property-types"
"Add-VSAppFlowFlowScheduledTriggerProperties","resource-property-types"
"Add-VSAppFlowFlowServiceNowSourceProperties","resource-property-types"
"Add-VSAppFlowFlowSingularSourceProperties","resource-property-types"
"Add-VSAppFlowFlowSlackSourceProperties","resource-property-types"
"Add-VSAppFlowFlowSnowflakeDestinationProperties","resource-property-types"
"Add-VSAppFlowFlowSourceConnectorProperties","resource-property-types"
"Add-VSAppFlowFlowSourceFlowConfig","resource-property-types"
"Add-VSAppFlowFlowSuccessResponseHandlingConfig","resource-property-types"
"Add-VSAppFlowFlowTask","resource-property-types"
"Add-VSAppFlowFlowTaskPropertiesObject","resource-property-types"
"Add-VSAppFlowFlowTrendmicroSourceProperties","resource-property-types"
"Add-VSAppFlowFlowTriggerConfig","resource-property-types"
"Add-VSAppFlowFlowUpsolverDestinationProperties","resource-property-types"
"Add-VSAppFlowFlowUpsolverS3OutputFormatConfig","resource-property-types"
"Add-VSAppFlowFlowVeevaSourceProperties","resource-property-types"
"Add-VSAppFlowFlowZendeskDestinationProperties","resource-property-types"
"Add-VSAppFlowFlowZendeskSourceProperties","resource-property-types"
"Add-VSAppIntegrationsApplicationApplicationConfig","resource-property-types"
"Add-VSAppIntegrationsApplicationApplicationSourceConfig","resource-property-types"
"Add-VSAppIntegrationsApplicationContactHandling","resource-property-types"
"Add-VSAppIntegrationsApplicationExternalUrlConfig","resource-property-types"
"Add-VSAppIntegrationsApplicationIframeConfig","resource-property-types"
"Add-VSAppIntegrationsDataIntegrationFileConfiguration","resource-property-types"
"Add-VSAppIntegrationsDataIntegrationScheduleConfig","resource-property-types"
"Add-VSAppIntegrationsEventIntegrationEventFilter","resource-property-types"
"Add-VSApplicationAutoScalingScalableTargetScalableTargetAction","resource-property-types"
"Add-VSApplicationAutoScalingScalableTargetScheduledAction","resource-property-types"
"Add-VSApplicationAutoScalingScalableTargetSuspendedState","resource-property-types"
"Add-VSApplicationAutoScalingScalingPolicyCustomizedMetricSpecification","resource-property-types"
"Add-VSApplicationAutoScalingScalingPolicyMetricDimension","resource-property-types"
"Add-VSApplicationAutoScalingScalingPolicyPredefinedMetricSpecification","resource-property-types"
"Add-VSApplicationAutoScalingScalingPolicyPredictiveScalingCustomizedCapacityMetric","resource-property-types"
"Add-VSApplicationAutoScalingScalingPolicyPredictiveScalingCustomizedLoadMetric","resource-property-types"
"Add-VSApplicationAutoScalingScalingPolicyPredictiveScalingCustomizedScalingMetric","resource-property-types"
"Add-VSApplicationAutoScalingScalingPolicyPredictiveScalingMetric","resource-property-types"
"Add-VSApplicationAutoScalingScalingPolicyPredictiveScalingMetricDataQuery","resource-property-types"
"Add-VSApplicationAutoScalingScalingPolicyPredictiveScalingMetricDimension","resource-property-types"
"Add-VSApplicationAutoScalingScalingPolicyPredictiveScalingMetricSpecification","resource-property-types"
"Add-VSApplicationAutoScalingScalingPolicyPredictiveScalingMetricStat","resource-property-types"
"Add-VSApplicationAutoScalingScalingPolicyPredictiveScalingPolicyConfiguration","resource-property-types"
"Add-VSApplicationAutoScalingScalingPolicyPredictiveScalingPredefinedLoadMetric","resource-property-types"
"Add-VSApplicationAutoScalingScalingPolicyPredictiveScalingPredefinedMetricPair","resource-property-types"
"Add-VSApplicationAutoScalingScalingPolicyPredictiveScalingPredefinedScalingMetric","resource-property-types"
"Add-VSApplicationAutoScalingScalingPolicyStepAdjustment","resource-property-types"
"Add-VSApplicationAutoScalingScalingPolicyStepScalingPolicyConfiguration","resource-property-types"
"Add-VSApplicationAutoScalingScalingPolicyTargetTrackingMetric","resource-property-types"
"Add-VSApplicationAutoScalingScalingPolicyTargetTrackingMetricDataQuery","resource-property-types"
"Add-VSApplicationAutoScalingScalingPolicyTargetTrackingMetricDimension","resource-property-types"
"Add-VSApplicationAutoScalingScalingPolicyTargetTrackingMetricStat","resource-property-types"
"Add-VSApplicationAutoScalingScalingPolicyTargetTrackingScalingPolicyConfiguration","resource-property-types"
"Add-VSApplicationInsightsApplicationAlarm","resource-property-types"
"Add-VSApplicationInsightsApplicationAlarmMetric","resource-property-types"
"Add-VSApplicationInsightsApplicationComponentConfiguration","resource-property-types"
"Add-VSApplicationInsightsApplicationComponentMonitoringSetting","resource-property-types"
"Add-VSApplicationInsightsApplicationConfigurationDetails","resource-property-types"
"Add-VSApplicationInsightsApplicationCustomComponent","resource-property-types"
"Add-VSApplicationInsightsApplicationHAClusterPrometheusExporter","resource-property-types"
"Add-VSApplicationInsightsApplicationHANAPrometheusExporter","resource-property-types"
"Add-VSApplicationInsightsApplicationJMXPrometheusExporter","resource-property-types"
"Add-VSApplicationInsightsApplicationLog","resource-property-types"
"Add-VSApplicationInsightsApplicationLogPattern","resource-property-types"
"Add-VSApplicationInsightsApplicationLogPatternSet","resource-property-types"
"Add-VSApplicationInsightsApplicationNetWeaverPrometheusExporter","resource-property-types"
"Add-VSApplicationInsightsApplicationProcess","resource-property-types"
"Add-VSApplicationInsightsApplicationSQLServerPrometheusExporter","resource-property-types"
"Add-VSApplicationInsightsApplicationSubComponentConfigurationDetails","resource-property-types"
"Add-VSApplicationInsightsApplicationSubComponentTypeConfiguration","resource-property-types"
"Add-VSApplicationInsightsApplicationWindowsEvent","resource-property-types"
"Add-VSApplicationSignalsGroupingConfigurationGroupingAttributeDefinition","resource-property-types"
"Add-VSApplicationSignalsServiceLevelObjectiveBurnRateConfiguration","resource-property-types"
"Add-VSApplicationSignalsServiceLevelObjectiveCalendarInterval","resource-property-types"
"Add-VSApplicationSignalsServiceLevelObjectiveDependencyConfig","resource-property-types"
"Add-VSApplicationSignalsServiceLevelObjectiveDimension","resource-property-types"
"Add-VSApplicationSignalsServiceLevelObjectiveExclusionWindow","resource-property-types"
"Add-VSApplicationSignalsServiceLevelObjectiveGoal","resource-property-types"
"Add-VSApplicationSignalsServiceLevelObjectiveInterval","resource-property-types"
"Add-VSApplicationSignalsServiceLevelObjectiveMetric","resource-property-types"
"Add-VSApplicationSignalsServiceLevelObjectiveMetricDataQuery","resource-property-types"
"Add-VSApplicationSignalsServiceLevelObjectiveMetricStat","resource-property-types"
"Add-VSApplicationSignalsServiceLevelObjectiveMonitoredRequestCountMetric","resource-property-types"
"Add-VSApplicationSignalsServiceLevelObjectiveRecurrenceRule","resource-property-types"
"Add-VSApplicationSignalsServiceLevelObjectiveRequestBasedSli","resource-property-types"
"Add-VSApplicationSignalsServiceLevelObjectiveRequestBasedSliMetric","resource-property-types"
"Add-VSApplicationSignalsServiceLevelObjectiveRollingInterval","resource-property-types"
"Add-VSApplicationSignalsServiceLevelObjectiveSli","resource-property-types"
"Add-VSApplicationSignalsServiceLevelObjectiveSliMetric","resource-property-types"
"Add-VSApplicationSignalsServiceLevelObjectiveWindow","resource-property-types"
"Add-VSAppMeshGatewayRouteGatewayRouteHostnameMatch","resource-property-types"
"Add-VSAppMeshGatewayRouteGatewayRouteHostnameRewrite","resource-property-types"
"Add-VSAppMeshGatewayRouteGatewayRouteMetadataMatch","resource-property-types"
"Add-VSAppMeshGatewayRouteGatewayRouteRangeMatch","resource-property-types"
"Add-VSAppMeshGatewayRouteGatewayRouteSpec","resource-property-types"
"Add-VSAppMeshGatewayRouteGatewayRouteTarget","resource-property-types"
"Add-VSAppMeshGatewayRouteGatewayRouteVirtualService","resource-property-types"
"Add-VSAppMeshGatewayRouteGrpcGatewayRoute","resource-property-types"
"Add-VSAppMeshGatewayRouteGrpcGatewayRouteAction","resource-property-types"
"Add-VSAppMeshGatewayRouteGrpcGatewayRouteMatch","resource-property-types"
"Add-VSAppMeshGatewayRouteGrpcGatewayRouteMetadata","resource-property-types"
"Add-VSAppMeshGatewayRouteGrpcGatewayRouteRewrite","resource-property-types"
"Add-VSAppMeshGatewayRouteHttpGatewayRoute","resource-property-types"
"Add-VSAppMeshGatewayRouteHttpGatewayRouteAction","resource-property-types"
"Add-VSAppMeshGatewayRouteHttpGatewayRouteHeader","resource-property-types"
"Add-VSAppMeshGatewayRouteHttpGatewayRouteHeaderMatch","resource-property-types"
"Add-VSAppMeshGatewayRouteHttpGatewayRouteMatch","resource-property-types"
"Add-VSAppMeshGatewayRouteHttpGatewayRoutePathRewrite","resource-property-types"
"Add-VSAppMeshGatewayRouteHttpGatewayRoutePrefixRewrite","resource-property-types"
"Add-VSAppMeshGatewayRouteHttpGatewayRouteRewrite","resource-property-types"
"Add-VSAppMeshGatewayRouteHttpPathMatch","resource-property-types"
"Add-VSAppMeshGatewayRouteHttpQueryParameterMatch","resource-property-types"
"Add-VSAppMeshGatewayRouteQueryParameter","resource-property-types"
"Add-VSAppMeshMeshEgressFilter","resource-property-types"
"Add-VSAppMeshMeshMeshServiceDiscovery","resource-property-types"
"Add-VSAppMeshMeshMeshSpec","resource-property-types"
"Add-VSAppMeshRouteDuration","resource-property-types"
"Add-VSAppMeshRouteGrpcRetryPolicy","resource-property-types"
"Add-VSAppMeshRouteGrpcRoute","resource-property-types"
"Add-VSAppMeshRouteGrpcRouteAction","resource-property-types"
"Add-VSAppMeshRouteGrpcRouteMatch","resource-property-types"
"Add-VSAppMeshRouteGrpcRouteMetadata","resource-property-types"
"Add-VSAppMeshRouteGrpcRouteMetadataMatchMethod","resource-property-types"
"Add-VSAppMeshRouteGrpcTimeout","resource-property-types"
"Add-VSAppMeshRouteHeaderMatchMethod","resource-property-types"
"Add-VSAppMeshRouteHttpPathMatch","resource-property-types"
"Add-VSAppMeshRouteHttpQueryParameterMatch","resource-property-types"
"Add-VSAppMeshRouteHttpRetryPolicy","resource-property-types"
"Add-VSAppMeshRouteHttpRoute","resource-property-types"
"Add-VSAppMeshRouteHttpRouteAction","resource-property-types"
"Add-VSAppMeshRouteHttpRouteHeader","resource-property-types"
"Add-VSAppMeshRouteHttpRouteMatch","resource-property-types"
"Add-VSAppMeshRouteHttpTimeout","resource-property-types"
"Add-VSAppMeshRouteMatchRange","resource-property-types"
"Add-VSAppMeshRouteQueryParameter","resource-property-types"
"Add-VSAppMeshRouteRouteSpec","resource-property-types"
"Add-VSAppMeshRouteTcpRoute","resource-property-types"
"Add-VSAppMeshRouteTcpRouteAction","resource-property-types"
"Add-VSAppMeshRouteTcpRouteMatch","resource-property-types"
"Add-VSAppMeshRouteTcpTimeout","resource-property-types"
"Add-VSAppMeshRouteWeightedTarget","resource-property-types"
"Add-VSAppMeshVirtualGatewayJsonFormatRef","resource-property-types"
"Add-VSAppMeshVirtualGatewayLoggingFormat","resource-property-types"
"Add-VSAppMeshVirtualGatewaySubjectAlternativeNameMatchers","resource-property-types"
"Add-VSAppMeshVirtualGatewaySubjectAlternativeNames","resource-property-types"
"Add-VSAppMeshVirtualGatewayVirtualGatewayAccessLog","resource-property-types"
"Add-VSAppMeshVirtualGatewayVirtualGatewayBackendDefaults","resource-property-types"
"Add-VSAppMeshVirtualGatewayVirtualGatewayClientPolicy","resource-property-types"
"Add-VSAppMeshVirtualGatewayVirtualGatewayClientPolicyTls","resource-property-types"
"Add-VSAppMeshVirtualGatewayVirtualGatewayClientTlsCertificate","resource-property-types"
"Add-VSAppMeshVirtualGatewayVirtualGatewayConnectionPool","resource-property-types"
"Add-VSAppMeshVirtualGatewayVirtualGatewayFileAccessLog","resource-property-types"
"Add-VSAppMeshVirtualGatewayVirtualGatewayGrpcConnectionPool","resource-property-types"
"Add-VSAppMeshVirtualGatewayVirtualGatewayHealthCheckPolicy","resource-property-types"
"Add-VSAppMeshVirtualGatewayVirtualGatewayHttp2ConnectionPool","resource-property-types"
"Add-VSAppMeshVirtualGatewayVirtualGatewayHttpConnectionPool","resource-property-types"
"Add-VSAppMeshVirtualGatewayVirtualGatewayListener","resource-property-types"
"Add-VSAppMeshVirtualGatewayVirtualGatewayListenerTls","resource-property-types"
"Add-VSAppMeshVirtualGatewayVirtualGatewayListenerTlsAcmCertificate","resource-property-types"
"Add-VSAppMeshVirtualGatewayVirtualGatewayListenerTlsCertificate","resource-property-types"
"Add-VSAppMeshVirtualGatewayVirtualGatewayListenerTlsFileCertificate","resource-property-types"
"Add-VSAppMeshVirtualGatewayVirtualGatewayListenerTlsSdsCertificate","resource-property-types"
"Add-VSAppMeshVirtualGatewayVirtualGatewayListenerTlsValidationContext","resource-property-types"
"Add-VSAppMeshVirtualGatewayVirtualGatewayListenerTlsValidationContextTrust","resource-property-types"
"Add-VSAppMeshVirtualGatewayVirtualGatewayLogging","resource-property-types"
"Add-VSAppMeshVirtualGatewayVirtualGatewayPortMapping","resource-property-types"
"Add-VSAppMeshVirtualGatewayVirtualGatewaySpec","resource-property-types"
"Add-VSAppMeshVirtualGatewayVirtualGatewayTlsValidationContext","resource-property-types"
"Add-VSAppMeshVirtualGatewayVirtualGatewayTlsValidationContextAcmTrust","resource-property-types"
"Add-VSAppMeshVirtualGatewayVirtualGatewayTlsValidationContextFileTrust","resource-property-types"
"Add-VSAppMeshVirtualGatewayVirtualGatewayTlsValidationContextSdsTrust","resource-property-types"
"Add-VSAppMeshVirtualGatewayVirtualGatewayTlsValidationContextTrust","resource-property-types"
"Add-VSAppMeshVirtualNodeAccessLog","resource-property-types"
"Add-VSAppMeshVirtualNodeAwsCloudMapInstanceAttribute","resource-property-types"
"Add-VSAppMeshVirtualNodeAwsCloudMapServiceDiscovery","resource-property-types"
"Add-VSAppMeshVirtualNodeBackend","resource-property-types"
"Add-VSAppMeshVirtualNodeBackendDefaults","resource-property-types"
"Add-VSAppMeshVirtualNodeClientPolicy","resource-property-types"
"Add-VSAppMeshVirtualNodeClientPolicyTls","resource-property-types"
"Add-VSAppMeshVirtualNodeClientTlsCertificate","resource-property-types"
"Add-VSAppMeshVirtualNodeDnsServiceDiscovery","resource-property-types"
"Add-VSAppMeshVirtualNodeDuration","resource-property-types"
"Add-VSAppMeshVirtualNodeFileAccessLog","resource-property-types"
"Add-VSAppMeshVirtualNodeGrpcTimeout","resource-property-types"
"Add-VSAppMeshVirtualNodeHealthCheck","resource-property-types"
"Add-VSAppMeshVirtualNodeHttpTimeout","resource-property-types"
"Add-VSAppMeshVirtualNodeJsonFormatRef","resource-property-types"
"Add-VSAppMeshVirtualNodeListener","resource-property-types"
"Add-VSAppMeshVirtualNodeListenerTimeout","resource-property-types"
"Add-VSAppMeshVirtualNodeListenerTls","resource-property-types"
"Add-VSAppMeshVirtualNodeListenerTlsAcmCertificate","resource-property-types"
"Add-VSAppMeshVirtualNodeListenerTlsCertificate","resource-property-types"
"Add-VSAppMeshVirtualNodeListenerTlsFileCertificate","resource-property-types"
"Add-VSAppMeshVirtualNodeListenerTlsSdsCertificate","resource-property-types"
"Add-VSAppMeshVirtualNodeListenerTlsValidationContext","resource-property-types"
"Add-VSAppMeshVirtualNodeListenerTlsValidationContextTrust","resource-property-types"
"Add-VSAppMeshVirtualNodeLogging","resource-property-types"
"Add-VSAppMeshVirtualNodeLoggingFormat","resource-property-types"
"Add-VSAppMeshVirtualNodeOutlierDetection","resource-property-types"
"Add-VSAppMeshVirtualNodePortMapping","resource-property-types"
"Add-VSAppMeshVirtualNodeServiceDiscovery","resource-property-types"
"Add-VSAppMeshVirtualNodeSubjectAlternativeNameMatchers","resource-property-types"
"Add-VSAppMeshVirtualNodeSubjectAlternativeNames","resource-property-types"
"Add-VSAppMeshVirtualNodeTcpTimeout","resource-property-types"
"Add-VSAppMeshVirtualNodeTlsValidationContext","resource-property-types"
"Add-VSAppMeshVirtualNodeTlsValidationContextAcmTrust","resource-property-types"
"Add-VSAppMeshVirtualNodeTlsValidationContextFileTrust","resource-property-types"
"Add-VSAppMeshVirtualNodeTlsValidationContextSdsTrust","resource-property-types"
"Add-VSAppMeshVirtualNodeTlsValidationContextTrust","resource-property-types"
"Add-VSAppMeshVirtualNodeVirtualNodeConnectionPool","resource-property-types"
"Add-VSAppMeshVirtualNodeVirtualNodeGrpcConnectionPool","resource-property-types"
"Add-VSAppMeshVirtualNodeVirtualNodeHttp2ConnectionPool","resource-property-types"
"Add-VSAppMeshVirtualNodeVirtualNodeHttpConnectionPool","resource-property-types"
"Add-VSAppMeshVirtualNodeVirtualNodeSpec","resource-property-types"
"Add-VSAppMeshVirtualNodeVirtualNodeTcpConnectionPool","resource-property-types"
"Add-VSAppMeshVirtualNodeVirtualServiceBackend","resource-property-types"
"Add-VSAppMeshVirtualRouterPortMapping","resource-property-types"
"Add-VSAppMeshVirtualRouterVirtualRouterListener","resource-property-types"
"Add-VSAppMeshVirtualRouterVirtualRouterSpec","resource-property-types"
"Add-VSAppMeshVirtualServiceVirtualNodeServiceProvider","resource-property-types"
"Add-VSAppMeshVirtualServiceVirtualRouterServiceProvider","resource-property-types"
"Add-VSAppMeshVirtualServiceVirtualServiceProvider","resource-property-types"
"Add-VSAppMeshVirtualServiceVirtualServiceSpec","resource-property-types"
"Add-VSAppRunnerObservabilityConfigurationTraceConfiguration","resource-property-types"
"Add-VSAppRunnerServiceAuthenticationConfiguration","resource-property-types"
"Add-VSAppRunnerServiceCodeConfiguration","resource-property-types"
"Add-VSAppRunnerServiceCodeConfigurationValues","resource-property-types"
"Add-VSAppRunnerServiceCodeRepository","resource-property-types"
"Add-VSAppRunnerServiceEgressConfiguration","resource-property-types"
"Add-VSAppRunnerServiceEncryptionConfiguration","resource-property-types"
"Add-VSAppRunnerServiceHealthCheckConfiguration","resource-property-types"
"Add-VSAppRunnerServiceImageConfiguration","resource-property-types"
"Add-VSAppRunnerServiceImageRepository","resource-property-types"
"Add-VSAppRunnerServiceIngressConfiguration","resource-property-types"
"Add-VSAppRunnerServiceInstanceConfiguration","resource-property-types"
"Add-VSAppRunnerServiceKeyValuePair","resource-property-types"
"Add-VSAppRunnerServiceNetworkConfiguration","resource-property-types"
"Add-VSAppRunnerServiceServiceObservabilityConfiguration","resource-property-types"
"Add-VSAppRunnerServiceSourceCodeVersion","resource-property-types"
"Add-VSAppRunnerServiceSourceConfiguration","resource-property-types"
"Add-VSAppRunnerVpcIngressConnectionIngressVpcConfiguration","resource-property-types"
"Add-VSAppStreamAppBlockBuilderAccessEndpoint","resource-property-types"
"Add-VSAppStreamAppBlockBuilderVpcConfig","resource-property-types"
"Add-VSAppStreamAppBlockS3Location","resource-property-types"
"Add-VSAppStreamAppBlockScriptDetails","resource-property-types"
"Add-VSAppStreamApplicationS3Location","resource-property-types"
"Add-VSAppStreamDirectoryConfigCertificateBasedAuthProperties","resource-property-types"
"Add-VSAppStreamDirectoryConfigServiceAccountCredentials","resource-property-types"
"Add-VSAppStreamEntitlementAttribute","resource-property-types"
"Add-VSAppStreamFleetComputeCapacity","resource-property-types"
"Add-VSAppStreamFleetDomainJoinInfo","resource-property-types"
"Add-VSAppStreamFleetS3Location","resource-property-types"
"Add-VSAppStreamFleetVolumeConfig","resource-property-types"
"Add-VSAppStreamFleetVpcConfig","resource-property-types"
"Add-VSAppStreamImageBuilderAccessEndpoint","resource-property-types"
"Add-VSAppStreamImageBuilderDomainJoinInfo","resource-property-types"
"Add-VSAppStreamImageBuilderVpcConfig","resource-property-types"
"Add-VSAppStreamStackAccessEndpoint","resource-property-types"
"Add-VSAppStreamStackApplicationSettings","resource-property-types"
"Add-VSAppStreamStackStorageConnector","resource-property-types"
"Add-VSAppStreamStackStreamingExperienceSettings","resource-property-types"
"Add-VSAppStreamStackUserSetting","resource-property-types"
"Add-VSAppSyncApiAuthMode","resource-property-types"
"Add-VSAppSyncApiAuthProvider","resource-property-types"
"Add-VSAppSyncApiCognitoConfig","resource-property-types"
"Add-VSAppSyncApiDnsMap","resource-property-types"
"Add-VSAppSyncApiEventConfig","resource-property-types"
"Add-VSAppSyncApiEventLogConfig","resource-property-types"
"Add-VSAppSyncApiLambdaAuthorizerConfig","resource-property-types"
"Add-VSAppSyncApiOpenIDConnectConfig","resource-property-types"
"Add-VSAppSyncChannelNamespaceAuthMode","resource-property-types"
"Add-VSAppSyncChannelNamespaceHandlerConfig","resource-property-types"
"Add-VSAppSyncChannelNamespaceHandlerConfigs","resource-property-types"
"Add-VSAppSyncChannelNamespaceIntegration","resource-property-types"
"Add-VSAppSyncChannelNamespaceLambdaConfig","resource-property-types"
"Add-VSAppSyncDataSourceAuthorizationConfig","resource-property-types"
"Add-VSAppSyncDataSourceAwsIamConfig","resource-property-types"
"Add-VSAppSyncDataSourceDeltaSyncConfig","resource-property-types"
"Add-VSAppSyncDataSourceDynamoDBConfig","resource-property-types"
"Add-VSAppSyncDataSourceEventBridgeConfig","resource-property-types"
"Add-VSAppSyncDataSourceHttpConfig","resource-property-types"
"Add-VSAppSyncDataSourceLambdaConfig","resource-property-types"
"Add-VSAppSyncDataSourceOpenSearchServiceConfig","resource-property-types"
"Add-VSAppSyncDataSourceRdsHttpEndpointConfig","resource-property-types"
"Add-VSAppSyncDataSourceRelationalDatabaseConfig","resource-property-types"
"Add-VSAppSyncFunctionConfigurationAppSyncRuntime","resource-property-types"
"Add-VSAppSyncFunctionConfigurationLambdaConflictHandlerConfig","resource-property-types"
"Add-VSAppSyncFunctionConfigurationSyncConfig","resource-property-types"
"Add-VSAppSyncGraphQLApiAdditionalAuthenticationProvider","resource-property-types"
"Add-VSAppSyncGraphQLApiCognitoUserPoolConfig","resource-property-types"
"Add-VSAppSyncGraphQLApiEnhancedMetricsConfig","resource-property-types"
"Add-VSAppSyncGraphQLApiLambdaAuthorizerConfig","resource-property-types"
"Add-VSAppSyncGraphQLApiLogConfig","resource-property-types"
"Add-VSAppSyncGraphQLApiOpenIDConnectConfig","resource-property-types"
"Add-VSAppSyncGraphQLApiUserPoolConfig","resource-property-types"
"Add-VSAppSyncResolverAppSyncRuntime","resource-property-types"
"Add-VSAppSyncResolverCachingConfig","resource-property-types"
"Add-VSAppSyncResolverLambdaConflictHandlerConfig","resource-property-types"
"Add-VSAppSyncResolverPipelineConfig","resource-property-types"
"Add-VSAppSyncResolverSyncConfig","resource-property-types"
"Add-VSAppSyncSourceApiAssociationSourceApiAssociationConfig","resource-property-types"
"Add-VSAppTestTestCaseBatch","resource-property-types"
"Add-VSAppTestTestCaseCloudFormationAction","resource-property-types"
"Add-VSAppTestTestCaseCompareAction","resource-property-types"
"Add-VSAppTestTestCaseDatabaseCDC","resource-property-types"
"Add-VSAppTestTestCaseDataSet","resource-property-types"
"Add-VSAppTestTestCaseFileMetadata","resource-property-types"
"Add-VSAppTestTestCaseInput","resource-property-types"
"Add-VSAppTestTestCaseInputFile","resource-property-types"
"Add-VSAppTestTestCaseM2ManagedActionProperties","resource-property-types"
"Add-VSAppTestTestCaseM2ManagedApplicationAction","resource-property-types"
"Add-VSAppTestTestCaseM2NonManagedApplicationAction","resource-property-types"
"Add-VSAppTestTestCaseMainframeAction","resource-property-types"
"Add-VSAppTestTestCaseMainframeActionProperties","resource-property-types"
"Add-VSAppTestTestCaseMainframeActionType","resource-property-types"
"Add-VSAppTestTestCaseOutput","resource-property-types"
"Add-VSAppTestTestCaseOutputFile","resource-property-types"
"Add-VSAppTestTestCaseResourceAction","resource-property-types"
"Add-VSAppTestTestCaseScript","resource-property-types"
"Add-VSAppTestTestCaseSourceDatabaseMetadata","resource-property-types"
"Add-VSAppTestTestCaseStep","resource-property-types"
"Add-VSAppTestTestCaseStepAction","resource-property-types"
"Add-VSAppTestTestCaseTargetDatabaseMetadata","resource-property-types"
"Add-VSAppTestTestCaseTestCaseLatestVersion","resource-property-types"
"Add-VSAppTestTestCaseTN3270","resource-property-types"
"Add-VSAPSAnomalyDetectorAnomalyDetectorConfiguration","resource-property-types"
"Add-VSAPSAnomalyDetectorIgnoreNearExpected","resource-property-types"
"Add-VSAPSAnomalyDetectorLabel","resource-property-types"
"Add-VSAPSAnomalyDetectorMissingDataAction","resource-property-types"
"Add-VSAPSAnomalyDetectorRandomCutForestConfiguration","resource-property-types"
"Add-VSAPSScraperAmpConfiguration","resource-property-types"
"Add-VSAPSScraperCloudWatchLogDestination","resource-property-types"
"Add-VSAPSScraperComponentConfig","resource-property-types"
"Add-VSAPSScraperDestination","resource-property-types"
"Add-VSAPSScraperEksConfiguration","resource-property-types"
"Add-VSAPSScraperRoleConfiguration","resource-property-types"
"Add-VSAPSScraperScrapeConfiguration","resource-property-types"
"Add-VSAPSScraperScraperComponent","resource-property-types"
"Add-VSAPSScraperScraperLoggingConfiguration","resource-property-types"
"Add-VSAPSScraperScraperLoggingDestination","resource-property-types"
"Add-VSAPSScraperSource","resource-property-types"
"Add-VSAPSScraperVpcConfiguration","resource-property-types"
"Add-VSAPSWorkspaceCloudWatchLogDestination","resource-property-types"
"Add-VSAPSWorkspaceLabel","resource-property-types"
"Add-VSAPSWorkspaceLimitsPerLabelSet","resource-property-types"
"Add-VSAPSWorkspaceLimitsPerLabelSetEntry","resource-property-types"
"Add-VSAPSWorkspaceLoggingConfiguration","resource-property-types"
"Add-VSAPSWorkspaceLoggingDestination","resource-property-types"
"Add-VSAPSWorkspaceLoggingFilter","resource-property-types"
"Add-VSAPSWorkspaceQueryLoggingConfiguration","resource-property-types"
"Add-VSAPSWorkspaceWorkspaceConfiguration","resource-property-types"
"Add-VSARCRegionSwitchPlanArcRoutingControlConfiguration","resource-property-types"
"Add-VSARCRegionSwitchPlanAsg","resource-property-types"
"Add-VSARCRegionSwitchPlanAssociatedAlarm","resource-property-types"
"Add-VSARCRegionSwitchPlanCustomActionLambdaConfiguration","resource-property-types"
"Add-VSARCRegionSwitchPlanDocumentDbConfiguration","resource-property-types"
"Add-VSARCRegionSwitchPlanDocumentDbUngraceful","resource-property-types"
"Add-VSARCRegionSwitchPlanEc2AsgCapacityIncreaseConfiguration","resource-property-types"
"Add-VSARCRegionSwitchPlanEc2Ungraceful","resource-property-types"
"Add-VSARCRegionSwitchPlanEcsCapacityIncreaseConfiguration","resource-property-types"
"Add-VSARCRegionSwitchPlanEcsUngraceful","resource-property-types"
"Add-VSARCRegionSwitchPlanEksCluster","resource-property-types"
"Add-VSARCRegionSwitchPlanEksResourceScalingConfiguration","resource-property-types"
"Add-VSARCRegionSwitchPlanEksResourceScalingUngraceful","resource-property-types"
"Add-VSARCRegionSwitchPlanExecutionApprovalConfiguration","resource-property-types"
"Add-VSARCRegionSwitchPlanExecutionBlockConfiguration","resource-property-types"
"Add-VSARCRegionSwitchPlanGlobalAuroraConfiguration","resource-property-types"
"Add-VSARCRegionSwitchPlanGlobalAuroraUngraceful","resource-property-types"
"Add-VSARCRegionSwitchPlanKubernetesResourceType","resource-property-types"
"Add-VSARCRegionSwitchPlanLambdas","resource-property-types"
"Add-VSARCRegionSwitchPlanLambdaUngraceful","resource-property-types"
"Add-VSARCRegionSwitchPlanParallelExecutionBlockConfiguration","resource-property-types"
"Add-VSARCRegionSwitchPlanRegionSwitchPlanConfiguration","resource-property-types"
"Add-VSARCRegionSwitchPlanReportConfiguration","resource-property-types"
"Add-VSARCRegionSwitchPlanReportOutputConfiguration","resource-property-types"
"Add-VSARCRegionSwitchPlanRoute53HealthCheckConfiguration","resource-property-types"
"Add-VSARCRegionSwitchPlanRoute53ResourceRecordSet","resource-property-types"
"Add-VSARCRegionSwitchPlanS3ReportOutputConfiguration","resource-property-types"
"Add-VSARCRegionSwitchPlanService","resource-property-types"
"Add-VSARCRegionSwitchPlanStep","resource-property-types"
"Add-VSARCRegionSwitchPlanTrigger","resource-property-types"
"Add-VSARCRegionSwitchPlanTriggerCondition","resource-property-types"
"Add-VSARCRegionSwitchPlanWorkflow","resource-property-types"
"Add-VSARCZonalShiftZonalAutoshiftConfigurationControlCondition","resource-property-types"
"Add-VSARCZonalShiftZonalAutoshiftConfigurationPracticeRunConfiguration","resource-property-types"
"Add-VSAthenaCapacityReservationCapacityAssignment","resource-property-types"
"Add-VSAthenaCapacityReservationCapacityAssignmentConfiguration","resource-property-types"
"Add-VSAthenaWorkGroupAclConfiguration","resource-property-types"
"Add-VSAthenaWorkGroupClassification","resource-property-types"
"Add-VSAthenaWorkGroupCloudWatchLoggingConfiguration","resource-property-types"
"Add-VSAthenaWorkGroupCustomerContentEncryptionConfiguration","resource-property-types"
"Add-VSAthenaWorkGroupEncryptionConfiguration","resource-property-types"
"Add-VSAthenaWorkGroupEngineConfiguration","resource-property-types"
"Add-VSAthenaWorkGroupEngineVersion","resource-property-types"
"Add-VSAthenaWorkGroupManagedLoggingConfiguration","resource-property-types"
"Add-VSAthenaWorkGroupManagedQueryResultsConfiguration","resource-property-types"
"Add-VSAthenaWorkGroupManagedStorageEncryptionConfiguration","resource-property-types"
"Add-VSAthenaWorkGroupMonitoringConfiguration","resource-property-types"
"Add-VSAthenaWorkGroupResultConfiguration","resource-property-types"
"Add-VSAthenaWorkGroupS3LoggingConfiguration","resource-property-types"
"Add-VSAthenaWorkGroupWorkGroupConfiguration","resource-property-types"
"Add-VSAuditManagerAssessmentAssessmentReportsDestination","resource-property-types"
"Add-VSAuditManagerAssessmentAWSAccount","resource-property-types"
"Add-VSAuditManagerAssessmentAWSService","resource-property-types"
"Add-VSAuditManagerAssessmentDelegation","resource-property-types"
"Add-VSAuditManagerAssessmentRole","resource-property-types"
"Add-VSAuditManagerAssessmentScope","resource-property-types"
"Add-VSAutoScalingAutoScalingGroupAcceleratorCountRequest","resource-property-types"
"Add-VSAutoScalingAutoScalingGroupAcceleratorTotalMemoryMiBRequest","resource-property-types"
"Add-VSAutoScalingAutoScalingGroupAvailabilityZoneDistribution","resource-property-types"
"Add-VSAutoScalingAutoScalingGroupAvailabilityZoneImpairmentPolicy","resource-property-types"
"Add-VSAutoScalingAutoScalingGroupBaselineEbsBandwidthMbpsRequest","resource-property-types"
"Add-VSAutoScalingAutoScalingGroupBaselinePerformanceFactorsRequest","resource-property-types"
"Add-VSAutoScalingAutoScalingGroupCapacityReservationSpecification","resource-property-types"
"Add-VSAutoScalingAutoScalingGroupCapacityReservationTarget","resource-property-types"
"Add-VSAutoScalingAutoScalingGroupCpuPerformanceFactorRequest","resource-property-types"
"Add-VSAutoScalingAutoScalingGroupInstanceLifecyclePolicy","resource-property-types"
"Add-VSAutoScalingAutoScalingGroupInstanceMaintenancePolicy","resource-property-types"
"Add-VSAutoScalingAutoScalingGroupInstanceRequirements","resource-property-types"
"Add-VSAutoScalingAutoScalingGroupInstancesDistribution","resource-property-types"
"Add-VSAutoScalingAutoScalingGroupLaunchTemplate","resource-property-types"
"Add-VSAutoScalingAutoScalingGroupLaunchTemplateOverrides","resource-property-types"
"Add-VSAutoScalingAutoScalingGroupLaunchTemplateSpecification","resource-property-types"
"Add-VSAutoScalingAutoScalingGroupLifecycleHookSpecification","resource-property-types"
"Add-VSAutoScalingAutoScalingGroupMemoryGiBPerVCpuRequest","resource-property-types"
"Add-VSAutoScalingAutoScalingGroupMemoryMiBRequest","resource-property-types"
"Add-VSAutoScalingAutoScalingGroupMetricsCollection","resource-property-types"
"Add-VSAutoScalingAutoScalingGroupMixedInstancesPolicy","resource-property-types"
"Add-VSAutoScalingAutoScalingGroupNetworkBandwidthGbpsRequest","resource-property-types"
"Add-VSAutoScalingAutoScalingGroupNetworkInterfaceCountRequest","resource-property-types"
"Add-VSAutoScalingAutoScalingGroupNotificationConfiguration","resource-property-types"
"Add-VSAutoScalingAutoScalingGroupPerformanceFactorReferenceRequest","resource-property-types"
"Add-VSAutoScalingAutoScalingGroupRetentionTriggers","resource-property-types"
"Add-VSAutoScalingAutoScalingGroupTagProperty","resource-property-types"
"Add-VSAutoScalingAutoScalingGroupTotalLocalStorageGBRequest","resource-property-types"
"Add-VSAutoScalingAutoScalingGroupTrafficSourceIdentifier","resource-property-types"
"Add-VSAutoScalingAutoScalingGroupVCpuCountRequest","resource-property-types"
"Add-VSAutoScalingLaunchConfigurationBlockDevice","resource-property-types"
"Add-VSAutoScalingLaunchConfigurationBlockDeviceMapping","resource-property-types"
"Add-VSAutoScalingLaunchConfigurationMetadataOptions","resource-property-types"
"Add-VSAutoScalingPlansScalingPlanApplicationSource","resource-property-types"
"Add-VSAutoScalingPlansScalingPlanCustomizedLoadMetricSpecification","resource-property-types"
"Add-VSAutoScalingPlansScalingPlanCustomizedScalingMetricSpecification","resource-property-types"
"Add-VSAutoScalingPlansScalingPlanMetricDimension","resource-property-types"
"Add-VSAutoScalingPlansScalingPlanPredefinedLoadMetricSpecification","resource-property-types"
"Add-VSAutoScalingPlansScalingPlanPredefinedScalingMetricSpecification","resource-property-types"
"Add-VSAutoScalingPlansScalingPlanScalingInstruction","resource-property-types"
"Add-VSAutoScalingPlansScalingPlanTagFilter","resource-property-types"
"Add-VSAutoScalingPlansScalingPlanTargetTrackingConfiguration","resource-property-types"
"Add-VSAutoScalingScalingPolicyCustomizedMetricSpecification","resource-property-types"
"Add-VSAutoScalingScalingPolicyMetric","resource-property-types"
"Add-VSAutoScalingScalingPolicyMetricDataQuery","resource-property-types"
"Add-VSAutoScalingScalingPolicyMetricDimension","resource-property-types"
"Add-VSAutoScalingScalingPolicyMetricStat","resource-property-types"
"Add-VSAutoScalingScalingPolicyPredefinedMetricSpecification","resource-property-types"
"Add-VSAutoScalingScalingPolicyPredictiveScalingConfiguration","resource-property-types"
"Add-VSAutoScalingScalingPolicyPredictiveScalingCustomizedCapacityMetric","resource-property-types"
"Add-VSAutoScalingScalingPolicyPredictiveScalingCustomizedLoadMetric","resource-property-types"
"Add-VSAutoScalingScalingPolicyPredictiveScalingCustomizedScalingMetric","resource-property-types"
"Add-VSAutoScalingScalingPolicyPredictiveScalingMetricSpecification","resource-property-types"
"Add-VSAutoScalingScalingPolicyPredictiveScalingPredefinedLoadMetric","resource-property-types"
"Add-VSAutoScalingScalingPolicyPredictiveScalingPredefinedMetricPair","resource-property-types"
"Add-VSAutoScalingScalingPolicyPredictiveScalingPredefinedScalingMetric","resource-property-types"
"Add-VSAutoScalingScalingPolicyStepAdjustment","resource-property-types"
"Add-VSAutoScalingScalingPolicyTargetTrackingConfiguration","resource-property-types"
"Add-VSAutoScalingScalingPolicyTargetTrackingMetricDataQuery","resource-property-types"
"Add-VSAutoScalingScalingPolicyTargetTrackingMetricStat","resource-property-types"
"Add-VSAutoScalingWarmPoolInstanceReusePolicy","resource-property-types"
"Add-VSB2BICapabilityCapabilityConfiguration","resource-property-types"
"Add-VSB2BICapabilityEdiConfiguration","resource-property-types"
"Add-VSB2BICapabilityEdiType","resource-property-types"
"Add-VSB2BICapabilityS3Location","resource-property-types"
"Add-VSB2BICapabilityX12Details","resource-property-types"
"Add-VSB2BIPartnershipCapabilityOptions","resource-property-types"
"Add-VSB2BIPartnershipInboundEdiOptions","resource-property-types"
"Add-VSB2BIPartnershipOutboundEdiOptions","resource-property-types"
"Add-VSB2BIPartnershipWrapOptions","resource-property-types"
"Add-VSB2BIPartnershipX12AcknowledgmentOptions","resource-property-types"
"Add-VSB2BIPartnershipX12ControlNumbers","resource-property-types"
"Add-VSB2BIPartnershipX12Delimiters","resource-property-types"
"Add-VSB2BIPartnershipX12Envelope","resource-property-types"
"Add-VSB2BIPartnershipX12FunctionalGroupHeaders","resource-property-types"
"Add-VSB2BIPartnershipX12InboundEdiOptions","resource-property-types"
"Add-VSB2BIPartnershipX12InterchangeControlHeaders","resource-property-types"
"Add-VSB2BIPartnershipX12OutboundEdiHeaders","resource-property-types"
"Add-VSB2BITransformerAdvancedOptions","resource-property-types"
"Add-VSB2BITransformerFormatOptions","resource-property-types"
"Add-VSB2BITransformerInputConversion","resource-property-types"
"Add-VSB2BITransformerMapping","resource-property-types"
"Add-VSB2BITransformerOutputConversion","resource-property-types"
"Add-VSB2BITransformerSampleDocumentKeys","resource-property-types"
"Add-VSB2BITransformerSampleDocuments","resource-property-types"
"Add-VSB2BITransformerX12AdvancedOptions","resource-property-types"
"Add-VSB2BITransformerX12CodeListValidationRule","resource-property-types"
"Add-VSB2BITransformerX12Details","resource-property-types"
"Add-VSB2BITransformerX12ElementLengthValidationRule","resource-property-types"
"Add-VSB2BITransformerX12ElementRequirementValidationRule","resource-property-types"
"Add-VSB2BITransformerX12SplitOptions","resource-property-types"
"Add-VSB2BITransformerX12ValidationOptions","resource-property-types"
"Add-VSB2BITransformerX12ValidationRule","resource-property-types"
"Add-VSBackupBackupPlanAdvancedBackupSettingResourceType","resource-property-types"
"Add-VSBackupBackupPlanBackupPlanResourceType","resource-property-types"
"Add-VSBackupBackupPlanBackupRuleResourceType","resource-property-types"
"Add-VSBackupBackupPlanCopyActionResourceType","resource-property-types"
"Add-VSBackupBackupPlanIndexActionsResourceType","resource-property-types"
"Add-VSBackupBackupPlanLifecycleResourceType","resource-property-types"
"Add-VSBackupBackupSelectionBackupSelectionResourceType","resource-property-types"
"Add-VSBackupBackupSelectionConditionParameter","resource-property-types"
"Add-VSBackupBackupSelectionConditionResourceType","resource-property-types"
"Add-VSBackupBackupSelectionConditions","resource-property-types"
"Add-VSBackupBackupVaultLockConfigurationType","resource-property-types"
"Add-VSBackupBackupVaultNotificationObjectType","resource-property-types"
"Add-VSBackupFrameworkControlInputParameter","resource-property-types"
"Add-VSBackupFrameworkControlScope","resource-property-types"
"Add-VSBackupFrameworkFrameworkControl","resource-property-types"
"Add-VSBackupLogicallyAirGappedBackupVaultNotificationObjectType","resource-property-types"
"Add-VSBackupReportPlanReportDeliveryChannel","resource-property-types"
"Add-VSBackupReportPlanReportSetting","resource-property-types"
"Add-VSBackupRestoreTestingPlanRestoreTestingRecoveryPointSelection","resource-property-types"
"Add-VSBackupRestoreTestingSelectionKeyValue","resource-property-types"
"Add-VSBackupRestoreTestingSelectionProtectedResourceConditions","resource-property-types"
"Add-VSBatchComputeEnvironmentComputeResources","resource-property-types"
"Add-VSBatchComputeEnvironmentEc2ConfigurationObject","resource-property-types"
"Add-VSBatchComputeEnvironmentEksConfiguration","resource-property-types"
"Add-VSBatchComputeEnvironmentLaunchTemplateSpecification","resource-property-types"
"Add-VSBatchComputeEnvironmentLaunchTemplateSpecificationOverride","resource-property-types"
"Add-VSBatchComputeEnvironmentUpdatePolicy","resource-property-types"
"Add-VSBatchJobDefinitionConsumableResourceProperties","resource-property-types"
"Add-VSBatchJobDefinitionConsumableResourceRequirement","resource-property-types"
"Add-VSBatchJobDefinitionContainerProperties","resource-property-types"
"Add-VSBatchJobDefinitionDevice","resource-property-types"
"Add-VSBatchJobDefinitionEcsProperties","resource-property-types"
"Add-VSBatchJobDefinitionEcsTaskProperties","resource-property-types"
"Add-VSBatchJobDefinitionEFSAuthorizationConfig","resource-property-types"
"Add-VSBatchJobDefinitionEFSVolumeConfiguration","resource-property-types"
"Add-VSBatchJobDefinitionEksContainer","resource-property-types"
"Add-VSBatchJobDefinitionEksContainerEnvironmentVariable","resource-property-types"
"Add-VSBatchJobDefinitionEksContainerResourceRequirements","resource-property-types"
"Add-VSBatchJobDefinitionEksContainerSecurityContext","resource-property-types"
"Add-VSBatchJobDefinitionEksContainerVolumeMount","resource-property-types"
"Add-VSBatchJobDefinitionEksEmptyDir","resource-property-types"
"Add-VSBatchJobDefinitionEksHostPath","resource-property-types"
"Add-VSBatchJobDefinitionEksMetadata","resource-property-types"
"Add-VSBatchJobDefinitionEksPersistentVolumeClaim","resource-property-types"
"Add-VSBatchJobDefinitionEksPodProperties","resource-property-types"
"Add-VSBatchJobDefinitionEksProperties","resource-property-types"
"Add-VSBatchJobDefinitionEksSecret","resource-property-types"
"Add-VSBatchJobDefinitionEksVolume","resource-property-types"
"Add-VSBatchJobDefinitionEnvironment","resource-property-types"
"Add-VSBatchJobDefinitionEphemeralStorage","resource-property-types"
"Add-VSBatchJobDefinitionEvaluateOnExit","resource-property-types"
"Add-VSBatchJobDefinitionFargatePlatformConfiguration","resource-property-types"
"Add-VSBatchJobDefinitionFirelensConfiguration","resource-property-types"
"Add-VSBatchJobDefinitionHost","resource-property-types"
"Add-VSBatchJobDefinitionImagePullSecret","resource-property-types"
"Add-VSBatchJobDefinitionJobTimeout","resource-property-types"
"Add-VSBatchJobDefinitionLinuxParameters","resource-property-types"
"Add-VSBatchJobDefinitionLogConfiguration","resource-property-types"
"Add-VSBatchJobDefinitionMountPoint","resource-property-types"
"Add-VSBatchJobDefinitionMultiNodeContainerProperties","resource-property-types"
"Add-VSBatchJobDefinitionMultiNodeEcsProperties","resource-property-types"
"Add-VSBatchJobDefinitionMultiNodeEcsTaskProperties","resource-property-types"
"Add-VSBatchJobDefinitionNetworkConfiguration","resource-property-types"
"Add-VSBatchJobDefinitionNodeProperties","resource-property-types"
"Add-VSBatchJobDefinitionNodeRangeProperty","resource-property-types"
"Add-VSBatchJobDefinitionRepositoryCredentials","resource-property-types"
"Add-VSBatchJobDefinitionResourceRequirement","resource-property-types"
"Add-VSBatchJobDefinitionResourceRetentionPolicy","resource-property-types"
"Add-VSBatchJobDefinitionRetryStrategy","resource-property-types"
"Add-VSBatchJobDefinitionRuntimePlatform","resource-property-types"
"Add-VSBatchJobDefinitionSecret","resource-property-types"
"Add-VSBatchJobDefinitionTaskContainerDependency","resource-property-types"
"Add-VSBatchJobDefinitionTaskContainerProperties","resource-property-types"
"Add-VSBatchJobDefinitionTmpfs","resource-property-types"
"Add-VSBatchJobDefinitionUlimit","resource-property-types"
"Add-VSBatchJobDefinitionVolume","resource-property-types"
"Add-VSBatchJobQueueComputeEnvironmentOrder","resource-property-types"
"Add-VSBatchJobQueueJobStateTimeLimitAction","resource-property-types"
"Add-VSBatchJobQueueServiceEnvironmentOrder","resource-property-types"
"Add-VSBatchSchedulingPolicyFairsharePolicy","resource-property-types"
"Add-VSBatchSchedulingPolicyShareAttributes","resource-property-types"
"Add-VSBatchServiceEnvironmentCapacityLimit","resource-property-types"
"Add-VSBCMDataExportsExportDataQuery","resource-property-types"
"Add-VSBCMDataExportsExportDestinationConfigurations","resource-property-types"
"Add-VSBCMDataExportsExportExport","resource-property-types"
"Add-VSBCMDataExportsExportRefreshCadence","resource-property-types"
"Add-VSBCMDataExportsExportResourceTag","resource-property-types"
"Add-VSBCMDataExportsExportS3Destination","resource-property-types"
"Add-VSBCMDataExportsExportS3OutputConfigurations","resource-property-types"
"Add-VSBedrockAgentActionGroupExecutor","resource-property-types"
"Add-VSBedrockAgentAgentActionGroup","resource-property-types"
"Add-VSBedrockAgentAgentCollaborator","resource-property-types"
"Add-VSBedrockAgentAgentDescriptor","resource-property-types"
"Add-VSBedrockAgentAgentKnowledgeBase","resource-property-types"
"Add-VSBedrockAgentAliasAgentAliasHistoryEvent","resource-property-types"
"Add-VSBedrockAgentAliasAgentAliasRoutingConfigurationListItem","resource-property-types"
"Add-VSBedrockAgentAPISchema","resource-property-types"
"Add-VSBedrockAgentCoreBrowserCustomBrowserNetworkConfiguration","resource-property-types"
"Add-VSBedrockAgentCoreBrowserCustomBrowserSigning","resource-property-types"
"Add-VSBedrockAgentCoreBrowserCustomRecordingConfig","resource-property-types"
"Add-VSBedrockAgentCoreBrowserCustomS3Location","resource-property-types"
"Add-VSBedrockAgentCoreBrowserCustomVpcConfig","resource-property-types"
"Add-VSBedrockAgentCoreCodeInterpreterCustomCodeInterpreterNetworkConfiguration","resource-property-types"
"Add-VSBedrockAgentCoreCodeInterpreterCustomVpcConfig","resource-property-types"
"Add-VSBedrockAgentCoreGatewayAuthorizerConfiguration","resource-property-types"
"Add-VSBedrockAgentCoreGatewayAuthorizingClaimMatchValueType","resource-property-types"
"Add-VSBedrockAgentCoreGatewayClaimMatchValueType","resource-property-types"
"Add-VSBedrockAgentCoreGatewayCustomClaimValidationType","resource-property-types"
"Add-VSBedrockAgentCoreGatewayCustomJWTAuthorizerConfiguration","resource-property-types"
"Add-VSBedrockAgentCoreGatewayGatewayInterceptorConfiguration","resource-property-types"
"Add-VSBedrockAgentCoreGatewayGatewayProtocolConfiguration","resource-property-types"
"Add-VSBedrockAgentCoreGatewayInterceptorConfiguration","resource-property-types"
"Add-VSBedrockAgentCoreGatewayInterceptorInputConfiguration","resource-property-types"
"Add-VSBedrockAgentCoreGatewayLambdaInterceptorConfiguration","resource-property-types"
"Add-VSBedrockAgentCoreGatewayMCPGatewayConfiguration","resource-property-types"
"Add-VSBedrockAgentCoreGatewayTargetApiKeyCredentialProvider","resource-property-types"
"Add-VSBedrockAgentCoreGatewayTargetApiSchemaConfiguration","resource-property-types"
"Add-VSBedrockAgentCoreGatewayTargetCredentialProvider","resource-property-types"
"Add-VSBedrockAgentCoreGatewayTargetCredentialProviderConfiguration","resource-property-types"
"Add-VSBedrockAgentCoreGatewayTargetMcpLambdaTargetConfiguration","resource-property-types"
"Add-VSBedrockAgentCoreGatewayTargetMcpServerTargetConfiguration","resource-property-types"
"Add-VSBedrockAgentCoreGatewayTargetMcpTargetConfiguration","resource-property-types"
"Add-VSBedrockAgentCoreGatewayTargetMetadataConfiguration","resource-property-types"
"Add-VSBedrockAgentCoreGatewayTargetOAuthCredentialProvider","resource-property-types"
"Add-VSBedrockAgentCoreGatewayTargetS3Configuration","resource-property-types"
"Add-VSBedrockAgentCoreGatewayTargetSchemaDefinition","resource-property-types"
"Add-VSBedrockAgentCoreGatewayTargetTargetConfiguration","resource-property-types"
"Add-VSBedrockAgentCoreGatewayTargetToolDefinition","resource-property-types"
"Add-VSBedrockAgentCoreGatewayTargetToolSchema","resource-property-types"
"Add-VSBedrockAgentCoreGatewayWorkloadIdentityDetails","resource-property-types"
"Add-VSBedrockAgentCoreMemoryCustomConfigurationInput","resource-property-types"
"Add-VSBedrockAgentCoreMemoryCustomMemoryStrategy","resource-property-types"
"Add-VSBedrockAgentCoreMemoryEpisodicMemoryStrategy","resource-property-types"
"Add-VSBedrockAgentCoreMemoryEpisodicOverride","resource-property-types"
"Add-VSBedrockAgentCoreMemoryEpisodicOverrideConsolidationConfigurationInput","resource-property-types"
"Add-VSBedrockAgentCoreMemoryEpisodicOverrideExtractionConfigurationInput","resource-property-types"
"Add-VSBedrockAgentCoreMemoryEpisodicOverrideReflectionConfigurationInput","resource-property-types"
"Add-VSBedrockAgentCoreMemoryEpisodicReflectionConfigurationInput","resource-property-types"
"Add-VSBedrockAgentCoreMemoryInvocationConfigurationInput","resource-property-types"
"Add-VSBedrockAgentCoreMemoryMemoryStrategy","resource-property-types"
"Add-VSBedrockAgentCoreMemoryMessageBasedTriggerInput","resource-property-types"
"Add-VSBedrockAgentCoreMemorySelfManagedConfiguration","resource-property-types"
"Add-VSBedrockAgentCoreMemorySemanticMemoryStrategy","resource-property-types"
"Add-VSBedrockAgentCoreMemorySemanticOverride","resource-property-types"
"Add-VSBedrockAgentCoreMemorySemanticOverrideConsolidationConfigurationInput","resource-property-types"
"Add-VSBedrockAgentCoreMemorySemanticOverrideExtractionConfigurationInput","resource-property-types"
"Add-VSBedrockAgentCoreMemorySummaryMemoryStrategy","resource-property-types"
"Add-VSBedrockAgentCoreMemorySummaryOverride","resource-property-types"
"Add-VSBedrockAgentCoreMemorySummaryOverrideConsolidationConfigurationInput","resource-property-types"
"Add-VSBedrockAgentCoreMemoryTimeBasedTriggerInput","resource-property-types"
"Add-VSBedrockAgentCoreMemoryTokenBasedTriggerInput","resource-property-types"
"Add-VSBedrockAgentCoreMemoryTriggerConditionInput","resource-property-types"
"Add-VSBedrockAgentCoreMemoryUserPreferenceMemoryStrategy","resource-property-types"
"Add-VSBedrockAgentCoreMemoryUserPreferenceOverride","resource-property-types"
"Add-VSBedrockAgentCoreMemoryUserPreferenceOverrideConsolidationConfigurationInput","resource-property-types"
"Add-VSBedrockAgentCoreMemoryUserPreferenceOverrideExtractionConfigurationInput","resource-property-types"
"Add-VSBedrockAgentCoreRuntimeAgentRuntimeArtifact","resource-property-types"
"Add-VSBedrockAgentCoreRuntimeAuthorizerConfiguration","resource-property-types"
"Add-VSBedrockAgentCoreRuntimeCode","resource-property-types"
"Add-VSBedrockAgentCoreRuntimeCodeConfiguration","resource-property-types"
"Add-VSBedrockAgentCoreRuntimeContainerConfiguration","resource-property-types"
"Add-VSBedrockAgentCoreRuntimeCustomJWTAuthorizerConfiguration","resource-property-types"
"Add-VSBedrockAgentCoreRuntimeLifecycleConfiguration","resource-property-types"
"Add-VSBedrockAgentCoreRuntimeNetworkConfiguration","resource-property-types"
"Add-VSBedrockAgentCoreRuntimeRequestHeaderConfiguration","resource-property-types"
"Add-VSBedrockAgentCoreRuntimeS3Location","resource-property-types"
"Add-VSBedrockAgentCoreRuntimeVpcConfig","resource-property-types"
"Add-VSBedrockAgentCoreRuntimeWorkloadIdentityDetails","resource-property-types"
"Add-VSBedrockAgentCustomOrchestration","resource-property-types"
"Add-VSBedrockAgentFunction","resource-property-types"
"Add-VSBedrockAgentFunctionSchema","resource-property-types"
"Add-VSBedrockAgentGuardrailConfiguration","resource-property-types"
"Add-VSBedrockAgentInferenceConfiguration","resource-property-types"
"Add-VSBedrockAgentMemoryConfiguration","resource-property-types"
"Add-VSBedrockAgentOrchestrationExecutor","resource-property-types"
"Add-VSBedrockAgentParameterDetail","resource-property-types"
"Add-VSBedrockAgentPromptConfiguration","resource-property-types"
"Add-VSBedrockAgentPromptOverrideConfiguration","resource-property-types"
"Add-VSBedrockAgentS3Identifier","resource-property-types"
"Add-VSBedrockAgentSessionSummaryConfiguration","resource-property-types"
"Add-VSBedrockApplicationInferenceProfileInferenceProfileModel","resource-property-types"
"Add-VSBedrockApplicationInferenceProfileInferenceProfileModelSource","resource-property-types"
"Add-VSBedrockAutomatedReasoningPolicyPolicyDefinition","resource-property-types"
"Add-VSBedrockAutomatedReasoningPolicyPolicyDefinitionRule","resource-property-types"
"Add-VSBedrockAutomatedReasoningPolicyPolicyDefinitionType","resource-property-types"
"Add-VSBedrockAutomatedReasoningPolicyPolicyDefinitionTypeValue","resource-property-types"
"Add-VSBedrockAutomatedReasoningPolicyPolicyDefinitionVariable","resource-property-types"
"Add-VSBedrockDataAutomationProjectAudioExtractionCategory","resource-property-types"
"Add-VSBedrockDataAutomationProjectAudioExtractionCategoryTypeConfiguration","resource-property-types"
"Add-VSBedrockDataAutomationProjectAudioLanguageConfiguration","resource-property-types"
"Add-VSBedrockDataAutomationProjectAudioOverrideConfiguration","resource-property-types"
"Add-VSBedrockDataAutomationProjectAudioStandardExtraction","resource-property-types"
"Add-VSBedrockDataAutomationProjectAudioStandardGenerativeField","resource-property-types"
"Add-VSBedrockDataAutomationProjectAudioStandardOutputConfiguration","resource-property-types"
"Add-VSBedrockDataAutomationProjectBlueprintItem","resource-property-types"
"Add-VSBedrockDataAutomationProjectChannelLabelingConfiguration","resource-property-types"
"Add-VSBedrockDataAutomationProjectCustomOutputConfiguration","resource-property-types"
"Add-VSBedrockDataAutomationProjectDocumentBoundingBox","resource-property-types"
"Add-VSBedrockDataAutomationProjectDocumentExtractionGranularity","resource-property-types"
"Add-VSBedrockDataAutomationProjectDocumentOutputAdditionalFileFormat","resource-property-types"
"Add-VSBedrockDataAutomationProjectDocumentOutputFormat","resource-property-types"
"Add-VSBedrockDataAutomationProjectDocumentOutputTextFormat","resource-property-types"
"Add-VSBedrockDataAutomationProjectDocumentOverrideConfiguration","resource-property-types"
"Add-VSBedrockDataAutomationProjectDocumentStandardExtraction","resource-property-types"
"Add-VSBedrockDataAutomationProjectDocumentStandardGenerativeField","resource-property-types"
"Add-VSBedrockDataAutomationProjectDocumentStandardOutputConfiguration","resource-property-types"
"Add-VSBedrockDataAutomationProjectImageBoundingBox","resource-property-types"
"Add-VSBedrockDataAutomationProjectImageExtractionCategory","resource-property-types"
"Add-VSBedrockDataAutomationProjectImageOverrideConfiguration","resource-property-types"
"Add-VSBedrockDataAutomationProjectImageStandardExtraction","resource-property-types"
"Add-VSBedrockDataAutomationProjectImageStandardGenerativeField","resource-property-types"
"Add-VSBedrockDataAutomationProjectImageStandardOutputConfiguration","resource-property-types"
"Add-VSBedrockDataAutomationProjectModalityProcessingConfiguration","resource-property-types"
"Add-VSBedrockDataAutomationProjectModalityRoutingConfiguration","resource-property-types"
"Add-VSBedrockDataAutomationProjectOverrideConfiguration","resource-property-types"
"Add-VSBedrockDataAutomationProjectPIIEntitiesConfiguration","resource-property-types"
"Add-VSBedrockDataAutomationProjectSensitiveDataConfiguration","resource-property-types"
"Add-VSBedrockDataAutomationProjectSpeakerLabelingConfiguration","resource-property-types"
"Add-VSBedrockDataAutomationProjectSplitterConfiguration","resource-property-types"
"Add-VSBedrockDataAutomationProjectStandardOutputConfiguration","resource-property-types"
"Add-VSBedrockDataAutomationProjectTranscriptConfiguration","resource-property-types"
"Add-VSBedrockDataAutomationProjectVideoBoundingBox","resource-property-types"
"Add-VSBedrockDataAutomationProjectVideoExtractionCategory","resource-property-types"
"Add-VSBedrockDataAutomationProjectVideoOverrideConfiguration","resource-property-types"
"Add-VSBedrockDataAutomationProjectVideoStandardExtraction","resource-property-types"
"Add-VSBedrockDataAutomationProjectVideoStandardGenerativeField","resource-property-types"
"Add-VSBedrockDataAutomationProjectVideoStandardOutputConfiguration","resource-property-types"
"Add-VSBedrockDataSourceBedrockDataAutomationConfiguration","resource-property-types"
"Add-VSBedrockDataSourceBedrockFoundationModelConfiguration","resource-property-types"
"Add-VSBedrockDataSourceBedrockFoundationModelContextEnrichmentConfiguration","resource-property-types"
"Add-VSBedrockDataSourceChunkingConfiguration","resource-property-types"
"Add-VSBedrockDataSourceConfluenceCrawlerConfiguration","resource-property-types"
"Add-VSBedrockDataSourceConfluenceDataSourceConfiguration","resource-property-types"
"Add-VSBedrockDataSourceConfluenceSourceConfiguration","resource-property-types"
"Add-VSBedrockDataSourceContextEnrichmentConfiguration","resource-property-types"
"Add-VSBedrockDataSourceCrawlFilterConfiguration","resource-property-types"
"Add-VSBedrockDataSourceCustomTransformationConfiguration","resource-property-types"
"Add-VSBedrockDataSourceDataSourceConfiguration","resource-property-types"
"Add-VSBedrockDataSourceEnrichmentStrategyConfiguration","resource-property-types"
"Add-VSBedrockDataSourceFixedSizeChunkingConfiguration","resource-property-types"
"Add-VSBedrockDataSourceHierarchicalChunkingConfiguration","resource-property-types"
"Add-VSBedrockDataSourceHierarchicalChunkingLevelConfiguration","resource-property-types"
"Add-VSBedrockDataSourceIntermediateStorage","resource-property-types"
"Add-VSBedrockDataSourceParsingConfiguration","resource-property-types"
"Add-VSBedrockDataSourceParsingPrompt","resource-property-types"
"Add-VSBedrockDataSourcePatternObjectFilter","resource-property-types"
"Add-VSBedrockDataSourcePatternObjectFilterConfiguration","resource-property-types"
"Add-VSBedrockDataSourceS3DataSourceConfiguration","resource-property-types"
"Add-VSBedrockDataSourceS3Location","resource-property-types"
"Add-VSBedrockDataSourceSalesforceCrawlerConfiguration","resource-property-types"
"Add-VSBedrockDataSourceSalesforceDataSourceConfiguration","resource-property-types"
"Add-VSBedrockDataSourceSalesforceSourceConfiguration","resource-property-types"
"Add-VSBedrockDataSourceSeedUrl","resource-property-types"
"Add-VSBedrockDataSourceSemanticChunkingConfiguration","resource-property-types"
"Add-VSBedrockDataSourceServerSideEncryptionConfiguration","resource-property-types"
"Add-VSBedrockDataSourceSharePointCrawlerConfiguration","resource-property-types"
"Add-VSBedrockDataSourceSharePointDataSourceConfiguration","resource-property-types"
"Add-VSBedrockDataSourceSharePointSourceConfiguration","resource-property-types"
"Add-VSBedrockDataSourceTransformation","resource-property-types"
"Add-VSBedrockDataSourceTransformationFunction","resource-property-types"
"Add-VSBedrockDataSourceTransformationLambdaConfiguration","resource-property-types"
"Add-VSBedrockDataSourceUrlConfiguration","resource-property-types"
"Add-VSBedrockDataSourceVectorIngestionConfiguration","resource-property-types"
"Add-VSBedrockDataSourceWebCrawlerConfiguration","resource-property-types"
"Add-VSBedrockDataSourceWebCrawlerLimits","resource-property-types"
"Add-VSBedrockDataSourceWebDataSourceConfiguration","resource-property-types"
"Add-VSBedrockDataSourceWebSourceConfiguration","resource-property-types"
"Add-VSBedrockFlowAgentFlowNodeConfiguration","resource-property-types"
"Add-VSBedrockFlowAliasFlowAliasConcurrencyConfiguration","resource-property-types"
"Add-VSBedrockFlowAliasFlowAliasRoutingConfigurationListItem","resource-property-types"
"Add-VSBedrockFlowConditionFlowNodeConfiguration","resource-property-types"
"Add-VSBedrockFlowFieldForReranking","resource-property-types"
"Add-VSBedrockFlowFlowCondition","resource-property-types"
"Add-VSBedrockFlowFlowConditionalConnectionConfiguration","resource-property-types"
"Add-VSBedrockFlowFlowConnection","resource-property-types"
"Add-VSBedrockFlowFlowConnectionConfiguration","resource-property-types"
"Add-VSBedrockFlowFlowDataConnectionConfiguration","resource-property-types"
"Add-VSBedrockFlowFlowDefinition","resource-property-types"
"Add-VSBedrockFlowFlowNode","resource-property-types"
"Add-VSBedrockFlowFlowNodeConfiguration","resource-property-types"
"Add-VSBedrockFlowFlowNodeInput","resource-property-types"
"Add-VSBedrockFlowFlowNodeOutput","resource-property-types"
"Add-VSBedrockFlowFlowValidation","resource-property-types"
"Add-VSBedrockFlowGuardrailConfiguration","resource-property-types"
"Add-VSBedrockFlowInlineCodeFlowNodeConfiguration","resource-property-types"
"Add-VSBedrockFlowKnowledgeBaseFlowNodeConfiguration","resource-property-types"
"Add-VSBedrockFlowKnowledgeBaseOrchestrationConfiguration","resource-property-types"
"Add-VSBedrockFlowKnowledgeBasePromptTemplate","resource-property-types"
"Add-VSBedrockFlowLambdaFunctionFlowNodeConfiguration","resource-property-types"
"Add-VSBedrockFlowLexFlowNodeConfiguration","resource-property-types"
"Add-VSBedrockFlowLoopControllerFlowNodeConfiguration","resource-property-types"
"Add-VSBedrockFlowLoopFlowNodeConfiguration","resource-property-types"
"Add-VSBedrockFlowMetadataConfigurationForReranking","resource-property-types"
"Add-VSBedrockFlowPerformanceConfiguration","resource-property-types"
"Add-VSBedrockFlowPromptFlowNodeConfiguration","resource-property-types"
"Add-VSBedrockFlowPromptFlowNodeInlineConfiguration","resource-property-types"
"Add-VSBedrockFlowPromptFlowNodeResourceConfiguration","resource-property-types"
"Add-VSBedrockFlowPromptFlowNodeSourceConfiguration","resource-property-types"
"Add-VSBedrockFlowPromptInferenceConfiguration","resource-property-types"
"Add-VSBedrockFlowPromptInputVariable","resource-property-types"
"Add-VSBedrockFlowPromptModelInferenceConfiguration","resource-property-types"
"Add-VSBedrockFlowPromptTemplateConfiguration","resource-property-types"
"Add-VSBedrockFlowRerankingMetadataSelectiveModeConfiguration","resource-property-types"
"Add-VSBedrockFlowRetrievalFlowNodeConfiguration","resource-property-types"
"Add-VSBedrockFlowRetrievalFlowNodeS3Configuration","resource-property-types"
"Add-VSBedrockFlowRetrievalFlowNodeServiceConfiguration","resource-property-types"
"Add-VSBedrockFlowS3Location","resource-property-types"
"Add-VSBedrockFlowStorageFlowNodeConfiguration","resource-property-types"
"Add-VSBedrockFlowStorageFlowNodeS3Configuration","resource-property-types"
"Add-VSBedrockFlowStorageFlowNodeServiceConfiguration","resource-property-types"
"Add-VSBedrockFlowTextPromptTemplateConfiguration","resource-property-types"
"Add-VSBedrockFlowVectorSearchBedrockRerankingConfiguration","resource-property-types"
"Add-VSBedrockFlowVectorSearchBedrockRerankingModelConfiguration","resource-property-types"
"Add-VSBedrockFlowVectorSearchRerankingConfiguration","resource-property-types"
"Add-VSBedrockFlowVersionAgentFlowNodeConfiguration","resource-property-types"
"Add-VSBedrockFlowVersionConditionFlowNodeConfiguration","resource-property-types"
"Add-VSBedrockFlowVersionFieldForReranking","resource-property-types"
"Add-VSBedrockFlowVersionFlowCondition","resource-property-types"
"Add-VSBedrockFlowVersionFlowConditionalConnectionConfiguration","resource-property-types"
"Add-VSBedrockFlowVersionFlowConnection","resource-property-types"
"Add-VSBedrockFlowVersionFlowConnectionConfiguration","resource-property-types"
"Add-VSBedrockFlowVersionFlowDataConnectionConfiguration","resource-property-types"
"Add-VSBedrockFlowVersionFlowDefinition","resource-property-types"
"Add-VSBedrockFlowVersionFlowNode","resource-property-types"
"Add-VSBedrockFlowVersionFlowNodeConfiguration","resource-property-types"
"Add-VSBedrockFlowVersionFlowNodeInput","resource-property-types"
"Add-VSBedrockFlowVersionFlowNodeOutput","resource-property-types"
"Add-VSBedrockFlowVersionGuardrailConfiguration","resource-property-types"
"Add-VSBedrockFlowVersionInlineCodeFlowNodeConfiguration","resource-property-types"
"Add-VSBedrockFlowVersionKnowledgeBaseFlowNodeConfiguration","resource-property-types"
"Add-VSBedrockFlowVersionKnowledgeBaseOrchestrationConfiguration","resource-property-types"
"Add-VSBedrockFlowVersionKnowledgeBasePromptTemplate","resource-property-types"
"Add-VSBedrockFlowVersionLambdaFunctionFlowNodeConfiguration","resource-property-types"
"Add-VSBedrockFlowVersionLexFlowNodeConfiguration","resource-property-types"
"Add-VSBedrockFlowVersionLoopControllerFlowNodeConfiguration","resource-property-types"
"Add-VSBedrockFlowVersionLoopFlowNodeConfiguration","resource-property-types"
"Add-VSBedrockFlowVersionMetadataConfigurationForReranking","resource-property-types"
"Add-VSBedrockFlowVersionPerformanceConfiguration","resource-property-types"
"Add-VSBedrockFlowVersionPromptFlowNodeConfiguration","resource-property-types"
"Add-VSBedrockFlowVersionPromptFlowNodeInlineConfiguration","resource-property-types"
"Add-VSBedrockFlowVersionPromptFlowNodeResourceConfiguration","resource-property-types"
"Add-VSBedrockFlowVersionPromptFlowNodeSourceConfiguration","resource-property-types"
"Add-VSBedrockFlowVersionPromptInferenceConfiguration","resource-property-types"
"Add-VSBedrockFlowVersionPromptInputVariable","resource-property-types"
"Add-VSBedrockFlowVersionPromptModelInferenceConfiguration","resource-property-types"
"Add-VSBedrockFlowVersionPromptTemplateConfiguration","resource-property-types"
"Add-VSBedrockFlowVersionRerankingMetadataSelectiveModeConfiguration","resource-property-types"
"Add-VSBedrockFlowVersionRetrievalFlowNodeConfiguration","resource-property-types"
"Add-VSBedrockFlowVersionRetrievalFlowNodeS3Configuration","resource-property-types"
"Add-VSBedrockFlowVersionRetrievalFlowNodeServiceConfiguration","resource-property-types"
"Add-VSBedrockFlowVersionStorageFlowNodeConfiguration","resource-property-types"
"Add-VSBedrockFlowVersionStorageFlowNodeS3Configuration","resource-property-types"
"Add-VSBedrockFlowVersionStorageFlowNodeServiceConfiguration","resource-property-types"
"Add-VSBedrockFlowVersionTextPromptTemplateConfiguration","resource-property-types"
"Add-VSBedrockFlowVersionVectorSearchBedrockRerankingConfiguration","resource-property-types"
"Add-VSBedrockFlowVersionVectorSearchBedrockRerankingModelConfiguration","resource-property-types"
"Add-VSBedrockFlowVersionVectorSearchRerankingConfiguration","resource-property-types"
"Add-VSBedrockGuardrailAutomatedReasoningPolicyConfig","resource-property-types"
"Add-VSBedrockGuardrailContentFilterConfig","resource-property-types"
"Add-VSBedrockGuardrailContentFiltersTierConfig","resource-property-types"
"Add-VSBedrockGuardrailContentPolicyConfig","resource-property-types"
"Add-VSBedrockGuardrailContextualGroundingFilterConfig","resource-property-types"
"Add-VSBedrockGuardrailContextualGroundingPolicyConfig","resource-property-types"
"Add-VSBedrockGuardrailGuardrailCrossRegionConfig","resource-property-types"
"Add-VSBedrockGuardrailManagedWordsConfig","resource-property-types"
"Add-VSBedrockGuardrailPiiEntityConfig","resource-property-types"
"Add-VSBedrockGuardrailRegexConfig","resource-property-types"
"Add-VSBedrockGuardrailSensitiveInformationPolicyConfig","resource-property-types"
"Add-VSBedrockGuardrailTopicConfig","resource-property-types"
"Add-VSBedrockGuardrailTopicPolicyConfig","resource-property-types"
"Add-VSBedrockGuardrailTopicsTierConfig","resource-property-types"
"Add-VSBedrockGuardrailWordConfig","resource-property-types"
"Add-VSBedrockGuardrailWordPolicyConfig","resource-property-types"
"Add-VSBedrockIntelligentPromptRouterPromptRouterTargetModel","resource-property-types"
"Add-VSBedrockIntelligentPromptRouterRoutingCriteria","resource-property-types"
"Add-VSBedrockKnowledgeBaseAudioConfiguration","resource-property-types"
"Add-VSBedrockKnowledgeBaseAudioSegmentationConfiguration","resource-property-types"
"Add-VSBedrockKnowledgeBaseBedrockEmbeddingModelConfiguration","resource-property-types"
"Add-VSBedrockKnowledgeBaseCuratedQuery","resource-property-types"
"Add-VSBedrockKnowledgeBaseEmbeddingModelConfiguration","resource-property-types"
"Add-VSBedrockKnowledgeBaseKendraKnowledgeBaseConfiguration","resource-property-types"
"Add-VSBedrockKnowledgeBaseKnowledgeBaseConfiguration","resource-property-types"
"Add-VSBedrockKnowledgeBaseMongoDbAtlasConfiguration","resource-property-types"
"Add-VSBedrockKnowledgeBaseMongoDbAtlasFieldMapping","resource-property-types"
"Add-VSBedrockKnowledgeBaseNeptuneAnalyticsConfiguration","resource-property-types"
"Add-VSBedrockKnowledgeBaseNeptuneAnalyticsFieldMapping","resource-property-types"
"Add-VSBedrockKnowledgeBaseOpenSearchManagedClusterConfiguration","resource-property-types"
"Add-VSBedrockKnowledgeBaseOpenSearchManagedClusterFieldMapping","resource-property-types"
"Add-VSBedrockKnowledgeBaseOpenSearchServerlessConfiguration","resource-property-types"
"Add-VSBedrockKnowledgeBaseOpenSearchServerlessFieldMapping","resource-property-types"
"Add-VSBedrockKnowledgeBasePineconeConfiguration","resource-property-types"
"Add-VSBedrockKnowledgeBasePineconeFieldMapping","resource-property-types"
"Add-VSBedrockKnowledgeBaseQueryGenerationColumn","resource-property-types"
"Add-VSBedrockKnowledgeBaseQueryGenerationConfiguration","resource-property-types"
"Add-VSBedrockKnowledgeBaseQueryGenerationContext","resource-property-types"
"Add-VSBedrockKnowledgeBaseQueryGenerationTable","resource-property-types"
"Add-VSBedrockKnowledgeBaseRdsConfiguration","resource-property-types"
"Add-VSBedrockKnowledgeBaseRdsFieldMapping","resource-property-types"
"Add-VSBedrockKnowledgeBaseRedshiftConfiguration","resource-property-types"
"Add-VSBedrockKnowledgeBaseRedshiftProvisionedAuthConfiguration","resource-property-types"
"Add-VSBedrockKnowledgeBaseRedshiftProvisionedConfiguration","resource-property-types"
"Add-VSBedrockKnowledgeBaseRedshiftQueryEngineAwsDataCatalogStorageConfiguration","resource-property-types"
"Add-VSBedrockKnowledgeBaseRedshiftQueryEngineConfiguration","resource-property-types"
"Add-VSBedrockKnowledgeBaseRedshiftQueryEngineRedshiftStorageConfiguration","resource-property-types"
"Add-VSBedrockKnowledgeBaseRedshiftQueryEngineStorageConfiguration","resource-property-types"
"Add-VSBedrockKnowledgeBaseRedshiftServerlessAuthConfiguration","resource-property-types"
"Add-VSBedrockKnowledgeBaseRedshiftServerlessConfiguration","resource-property-types"
"Add-VSBedrockKnowledgeBaseS3Location","resource-property-types"
"Add-VSBedrockKnowledgeBaseS3VectorsConfiguration","resource-property-types"
"Add-VSBedrockKnowledgeBaseSqlKnowledgeBaseConfiguration","resource-property-types"
"Add-VSBedrockKnowledgeBaseStorageConfiguration","resource-property-types"
"Add-VSBedrockKnowledgeBaseSupplementalDataStorageConfiguration","resource-property-types"
"Add-VSBedrockKnowledgeBaseSupplementalDataStorageLocation","resource-property-types"
"Add-VSBedrockKnowledgeBaseVectorKnowledgeBaseConfiguration","resource-property-types"
"Add-VSBedrockKnowledgeBaseVideoConfiguration","resource-property-types"
"Add-VSBedrockKnowledgeBaseVideoSegmentationConfiguration","resource-property-types"
"Add-VSBedrockPromptCachePointBlock","resource-property-types"
"Add-VSBedrockPromptChatPromptTemplateConfiguration","resource-property-types"
"Add-VSBedrockPromptContentBlock","resource-property-types"
"Add-VSBedrockPromptMessage","resource-property-types"
"Add-VSBedrockPromptPromptAgentResource","resource-property-types"
"Add-VSBedrockPromptPromptGenAiResource","resource-property-types"
"Add-VSBedrockPromptPromptInferenceConfiguration","resource-property-types"
"Add-VSBedrockPromptPromptInputVariable","resource-property-types"
"Add-VSBedrockPromptPromptMetadataEntry","resource-property-types"
"Add-VSBedrockPromptPromptModelInferenceConfiguration","resource-property-types"
"Add-VSBedrockPromptPromptTemplateConfiguration","resource-property-types"
"Add-VSBedrockPromptPromptVariant","resource-property-types"
"Add-VSBedrockPromptSpecificToolChoice","resource-property-types"
"Add-VSBedrockPromptSystemContentBlock","resource-property-types"
"Add-VSBedrockPromptTextPromptTemplateConfiguration","resource-property-types"
"Add-VSBedrockPromptTextS3Location","resource-property-types"
"Add-VSBedrockPromptTool","resource-property-types"
"Add-VSBedrockPromptToolChoice","resource-property-types"
"Add-VSBedrockPromptToolConfiguration","resource-property-types"
"Add-VSBedrockPromptToolInputSchema","resource-property-types"
"Add-VSBedrockPromptToolSpecification","resource-property-types"
"Add-VSBedrockPromptVersionCachePointBlock","resource-property-types"
"Add-VSBedrockPromptVersionChatPromptTemplateConfiguration","resource-property-types"
"Add-VSBedrockPromptVersionContentBlock","resource-property-types"
"Add-VSBedrockPromptVersionMessage","resource-property-types"
"Add-VSBedrockPromptVersionPromptAgentResource","resource-property-types"
"Add-VSBedrockPromptVersionPromptGenAiResource","resource-property-types"
"Add-VSBedrockPromptVersionPromptInferenceConfiguration","resource-property-types"
"Add-VSBedrockPromptVersionPromptInputVariable","resource-property-types"
"Add-VSBedrockPromptVersionPromptMetadataEntry","resource-property-types"
"Add-VSBedrockPromptVersionPromptModelInferenceConfiguration","resource-property-types"
"Add-VSBedrockPromptVersionPromptTemplateConfiguration","resource-property-types"
"Add-VSBedrockPromptVersionPromptVariant","resource-property-types"
"Add-VSBedrockPromptVersionSpecificToolChoice","resource-property-types"
"Add-VSBedrockPromptVersionSystemContentBlock","resource-property-types"
"Add-VSBedrockPromptVersionTextPromptTemplateConfiguration","resource-property-types"
"Add-VSBedrockPromptVersionTool","resource-property-types"
"Add-VSBedrockPromptVersionToolChoice","resource-property-types"
"Add-VSBedrockPromptVersionToolConfiguration","resource-property-types"
"Add-VSBedrockPromptVersionToolInputSchema","resource-property-types"
"Add-VSBedrockPromptVersionToolSpecification","resource-property-types"
"Add-VSBillingBillingViewDataFilterExpression","resource-property-types"
"Add-VSBillingBillingViewDimensions","resource-property-types"
"Add-VSBillingBillingViewTags","resource-property-types"
"Add-VSBillingBillingViewTimeRange","resource-property-types"
"Add-VSBillingConductorBillingGroupAccountGrouping","resource-property-types"
"Add-VSBillingConductorBillingGroupComputationPreference","resource-property-types"
"Add-VSBillingConductorCustomLineItemBillingPeriodRange","resource-property-types"
"Add-VSBillingConductorCustomLineItemCustomLineItemChargeDetails","resource-property-types"
"Add-VSBillingConductorCustomLineItemCustomLineItemFlatChargeDetails","resource-property-types"
"Add-VSBillingConductorCustomLineItemCustomLineItemPercentageChargeDetails","resource-property-types"
"Add-VSBillingConductorCustomLineItemLineItemFilter","resource-property-types"
"Add-VSBillingConductorCustomLineItemPresentationDetails","resource-property-types"
"Add-VSBillingConductorPricingRuleFreeTier","resource-property-types"
"Add-VSBillingConductorPricingRuleTiering","resource-property-types"
"Add-VSBudgetsBudgetAutoAdjustData","resource-property-types"
"Add-VSBudgetsBudgetBudgetData","resource-property-types"
"Add-VSBudgetsBudgetCostCategoryValues","resource-property-types"
"Add-VSBudgetsBudgetCostTypes","resource-property-types"
"Add-VSBudgetsBudgetExpression","resource-property-types"
"Add-VSBudgetsBudgetExpressionDimensionValues","resource-property-types"
"Add-VSBudgetsBudgetHistoricalOptions","resource-property-types"
"Add-VSBudgetsBudgetNotification","resource-property-types"
"Add-VSBudgetsBudgetNotificationWithSubscribers","resource-property-types"
"Add-VSBudgetsBudgetResourceTag","resource-property-types"
"Add-VSBudgetsBudgetsActionActionThreshold","resource-property-types"
"Add-VSBudgetsBudgetsActionDefinition","resource-property-types"
"Add-VSBudgetsBudgetsActionIamActionDefinition","resource-property-types"
"Add-VSBudgetsBudgetsActionResourceTag","resource-property-types"
"Add-VSBudgetsBudgetsActionScpActionDefinition","resource-property-types"
"Add-VSBudgetsBudgetsActionSsmActionDefinition","resource-property-types"
"Add-VSBudgetsBudgetsActionSubscriber","resource-property-types"
"Add-VSBudgetsBudgetSpend","resource-property-types"
"Add-VSBudgetsBudgetSubscriber","resource-property-types"
"Add-VSBudgetsBudgetTagValues","resource-property-types"
"Add-VSBudgetsBudgetTimePeriod","resource-property-types"
"Add-VSCasesCaseRuleBooleanCondition","resource-property-types"
"Add-VSCasesCaseRuleBooleanOperands","resource-property-types"
"Add-VSCasesCaseRuleCaseRuleDetails","resource-property-types"
"Add-VSCasesCaseRuleHiddenCaseRule","resource-property-types"
"Add-VSCasesCaseRuleOperandOne","resource-property-types"
"Add-VSCasesCaseRuleOperandTwo","resource-property-types"
"Add-VSCasesCaseRuleRequiredCaseRule","resource-property-types"
"Add-VSCasesLayoutBasicLayout","resource-property-types"
"Add-VSCasesLayoutFieldGroup","resource-property-types"
"Add-VSCasesLayoutFieldItem","resource-property-types"
"Add-VSCasesLayoutLayoutContent","resource-property-types"
"Add-VSCasesLayoutLayoutSections","resource-property-types"
"Add-VSCasesLayoutSection","resource-property-types"
"Add-VSCasesTemplateLayoutConfiguration","resource-property-types"
"Add-VSCasesTemplateRequiredField","resource-property-types"
"Add-VSCasesTemplateTemplateRule","resource-property-types"
"Add-VSCassandraKeyspaceReplicationSpecification","resource-property-types"
"Add-VSCassandraTableAutoScalingSetting","resource-property-types"
"Add-VSCassandraTableAutoScalingSpecification","resource-property-types"
"Add-VSCassandraTableBillingMode","resource-property-types"
"Add-VSCassandraTableCdcSpecification","resource-property-types"
"Add-VSCassandraTableClusteringKeyColumn","resource-property-types"
"Add-VSCassandraTableColumn","resource-property-types"
"Add-VSCassandraTableEncryptionSpecification","resource-property-types"
"Add-VSCassandraTableProvisionedThroughput","resource-property-types"
"Add-VSCassandraTableReplicaSpecification","resource-property-types"
"Add-VSCassandraTableScalingPolicy","resource-property-types"
"Add-VSCassandraTableTargetTrackingScalingPolicyConfiguration","resource-property-types"
"Add-VSCassandraTableWarmThroughput","resource-property-types"
"Add-VSCassandraTypeField","resource-property-types"
"Add-VSCEAnomalyMonitorResourceTag","resource-property-types"
"Add-VSCEAnomalySubscriptionResourceTag","resource-property-types"
"Add-VSCEAnomalySubscriptionSubscriber","resource-property-types"
"Add-VSCECostCategoryResourceTag","resource-property-types"
"Add-VSCertificateManagerAccountExpiryEventsConfiguration","resource-property-types"
"Add-VSCertificateManagerCertificateDomainValidationOption","resource-property-types"
"Add-VSChatbotCustomActionCustomActionAttachment","resource-property-types"
"Add-VSChatbotCustomActionCustomActionAttachmentCriteria","resource-property-types"
"Add-VSChatbotCustomActionCustomActionDefinition","resource-property-types"
"Add-VSCleanRoomsAnalysisTemplateAnalysisParameter","resource-property-types"
"Add-VSCleanRoomsAnalysisTemplateAnalysisSchema","resource-property-types"
"Add-VSCleanRoomsAnalysisTemplateAnalysisSource","resource-property-types"
"Add-VSCleanRoomsAnalysisTemplateAnalysisSourceMetadata","resource-property-types"
"Add-VSCleanRoomsAnalysisTemplateAnalysisTemplateArtifact","resource-property-types"
"Add-VSCleanRoomsAnalysisTemplateAnalysisTemplateArtifactMetadata","resource-property-types"
"Add-VSCleanRoomsAnalysisTemplateAnalysisTemplateArtifacts","resource-property-types"
"Add-VSCleanRoomsAnalysisTemplateColumnClassificationDetails","resource-property-types"
"Add-VSCleanRoomsAnalysisTemplateErrorMessageConfiguration","resource-property-types"
"Add-VSCleanRoomsAnalysisTemplateHash","resource-property-types"
"Add-VSCleanRoomsAnalysisTemplateMLSyntheticDataParameters","resource-property-types"
"Add-VSCleanRoomsAnalysisTemplateS3Location","resource-property-types"
"Add-VSCleanRoomsAnalysisTemplateSyntheticDataColumnProperties","resource-property-types"
"Add-VSCleanRoomsAnalysisTemplateSyntheticDataParameters","resource-property-types"
"Add-VSCleanRoomsCollaborationDataEncryptionMetadata","resource-property-types"
"Add-VSCleanRoomsCollaborationJobComputePaymentConfig","resource-property-types"
"Add-VSCleanRoomsCollaborationMemberSpecification","resource-property-types"
"Add-VSCleanRoomsCollaborationMLMemberAbilities","resource-property-types"
"Add-VSCleanRoomsCollaborationMLPaymentConfig","resource-property-types"
"Add-VSCleanRoomsCollaborationModelInferencePaymentConfig","resource-property-types"
"Add-VSCleanRoomsCollaborationModelTrainingPaymentConfig","resource-property-types"
"Add-VSCleanRoomsCollaborationPaymentConfiguration","resource-property-types"
"Add-VSCleanRoomsCollaborationQueryComputePaymentConfig","resource-property-types"
"Add-VSCleanRoomsCollaborationSyntheticDataGenerationPaymentConfig","resource-property-types"
"Add-VSCleanRoomsConfiguredTableAggregateColumn","resource-property-types"
"Add-VSCleanRoomsConfiguredTableAggregationConstraint","resource-property-types"
"Add-VSCleanRoomsConfiguredTableAnalysisRule","resource-property-types"
"Add-VSCleanRoomsConfiguredTableAnalysisRuleAggregation","resource-property-types"
"Add-VSCleanRoomsConfiguredTableAnalysisRuleCustom","resource-property-types"
"Add-VSCleanRoomsConfiguredTableAnalysisRuleList","resource-property-types"
"Add-VSCleanRoomsConfiguredTableAssociationConfiguredTableAssociationAnalysisRule","resource-property-types"
"Add-VSCleanRoomsConfiguredTableAssociationConfiguredTableAssociationAnalysisRuleAggregation","resource-property-types"
"Add-VSCleanRoomsConfiguredTableAssociationConfiguredTableAssociationAnalysisRuleCustom","resource-property-types"
"Add-VSCleanRoomsConfiguredTableAssociationConfiguredTableAssociationAnalysisRuleList","resource-property-types"
"Add-VSCleanRoomsConfiguredTableAssociationConfiguredTableAssociationAnalysisRulePolicy","resource-property-types"
"Add-VSCleanRoomsConfiguredTableAssociationConfiguredTableAssociationAnalysisRulePolicyV1","resource-property-types"
"Add-VSCleanRoomsConfiguredTableAthenaTableReference","resource-property-types"
"Add-VSCleanRoomsConfiguredTableConfiguredTableAnalysisRulePolicy","resource-property-types"
"Add-VSCleanRoomsConfiguredTableConfiguredTableAnalysisRulePolicyV1","resource-property-types"
"Add-VSCleanRoomsConfiguredTableDifferentialPrivacy","resource-property-types"
"Add-VSCleanRoomsConfiguredTableDifferentialPrivacyColumn","resource-property-types"
"Add-VSCleanRoomsConfiguredTableGlueTableReference","resource-property-types"
"Add-VSCleanRoomsConfiguredTableSnowflakeTableReference","resource-property-types"
"Add-VSCleanRoomsConfiguredTableSnowflakeTableSchema","resource-property-types"
"Add-VSCleanRoomsConfiguredTableSnowflakeTableSchemaV1","resource-property-types"
"Add-VSCleanRoomsConfiguredTableTableReference","resource-property-types"
"Add-VSCleanRoomsIdMappingTableIdMappingTableInputReferenceConfig","resource-property-types"
"Add-VSCleanRoomsIdMappingTableIdMappingTableInputReferenceProperties","resource-property-types"
"Add-VSCleanRoomsIdMappingTableIdMappingTableInputSource","resource-property-types"
"Add-VSCleanRoomsIdNamespaceAssociationIdMappingConfig","resource-property-types"
"Add-VSCleanRoomsIdNamespaceAssociationIdNamespaceAssociationInputReferenceConfig","resource-property-types"
"Add-VSCleanRoomsIdNamespaceAssociationIdNamespaceAssociationInputReferenceProperties","resource-property-types"
"Add-VSCleanRoomsMembershipMembershipJobComputePaymentConfig","resource-property-types"
"Add-VSCleanRoomsMembershipMembershipMLPaymentConfig","resource-property-types"
"Add-VSCleanRoomsMembershipMembershipModelInferencePaymentConfig","resource-property-types"
"Add-VSCleanRoomsMembershipMembershipModelTrainingPaymentConfig","resource-property-types"
"Add-VSCleanRoomsMembershipMembershipPaymentConfiguration","resource-property-types"
"Add-VSCleanRoomsMembershipMembershipProtectedJobOutputConfiguration","resource-property-types"
"Add-VSCleanRoomsMembershipMembershipProtectedJobResultConfiguration","resource-property-types"
"Add-VSCleanRoomsMembershipMembershipProtectedQueryOutputConfiguration","resource-property-types"
"Add-VSCleanRoomsMembershipMembershipProtectedQueryResultConfiguration","resource-property-types"
"Add-VSCleanRoomsMembershipMembershipQueryComputePaymentConfig","resource-property-types"
"Add-VSCleanRoomsMembershipMembershipSyntheticDataGenerationPaymentConfig","resource-property-types"
"Add-VSCleanRoomsMembershipProtectedJobS3OutputConfigurationInput","resource-property-types"
"Add-VSCleanRoomsMembershipProtectedQueryS3OutputConfiguration","resource-property-types"
"Add-VSCleanRoomsMLTrainingDatasetColumnSchema","resource-property-types"
"Add-VSCleanRoomsMLTrainingDatasetDataset","resource-property-types"
"Add-VSCleanRoomsMLTrainingDatasetDatasetInputConfig","resource-property-types"
"Add-VSCleanRoomsMLTrainingDatasetDataSource","resource-property-types"
"Add-VSCleanRoomsMLTrainingDatasetGlueDataSource","resource-property-types"
"Add-VSCleanRoomsPrivacyBudgetTemplateBudgetParameter","resource-property-types"
"Add-VSCleanRoomsPrivacyBudgetTemplateParameters","resource-property-types"
"Add-VSCloud9EnvironmentEC2Repository","resource-property-types"
"Add-VSCloudFormationGuardHookHookTarget","resource-property-types"
"Add-VSCloudFormationGuardHookOptions","resource-property-types"
"Add-VSCloudFormationGuardHookS3Location","resource-property-types"
"Add-VSCloudFormationGuardHookStackFilters","resource-property-types"
"Add-VSCloudFormationGuardHookStackNames","resource-property-types"
"Add-VSCloudFormationGuardHookStackRoles","resource-property-types"
"Add-VSCloudFormationGuardHookTargetFilters","resource-property-types"
"Add-VSCloudFormationHookVersionLoggingConfig","resource-property-types"
"Add-VSCloudFormationLambdaHookHookTarget","resource-property-types"
"Add-VSCloudFormationLambdaHookStackFilters","resource-property-types"
"Add-VSCloudFormationLambdaHookStackNames","resource-property-types"
"Add-VSCloudFormationLambdaHookStackRoles","resource-property-types"
"Add-VSCloudFormationLambdaHookTargetFilters","resource-property-types"
"Add-VSCloudFormationResourceVersionLoggingConfig","resource-property-types"
"Add-VSCloudFormationStackSetAutoDeployment","resource-property-types"
"Add-VSCloudFormationStackSetDeploymentTargets","resource-property-types"
"Add-VSCloudFormationStackSetManagedExecution","resource-property-types"
"Add-VSCloudFormationStackSetOperationPreferences","resource-property-types"
"Add-VSCloudFormationStackSetParameter","resource-property-types"
"Add-VSCloudFormationStackSetStackInstances","resource-property-types"
"Add-VSCloudFormationTypeActivationLoggingConfig","resource-property-types"
"Add-VSCloudFrontAnycastIpListAnycastIpList","resource-property-types"
"Add-VSCloudFrontAnycastIpListIpamCidrConfig","resource-property-types"
"Add-VSCloudFrontAnycastIpListIpamCidrConfigResult","resource-property-types"
"Add-VSCloudFrontAnycastIpListTags","resource-property-types"
"Add-VSCloudFrontCachePolicyCachePolicyConfig","resource-property-types"
"Add-VSCloudFrontCachePolicyCookiesConfig","resource-property-types"
"Add-VSCloudFrontCachePolicyHeadersConfig","resource-property-types"
"Add-VSCloudFrontCachePolicyParametersInCacheKeyAndForwardedToOrigin","resource-property-types"
"Add-VSCloudFrontCachePolicyQueryStringsConfig","resource-property-types"
"Add-VSCloudFrontCloudFrontOriginAccessIdentityCloudFrontOriginAccessIdentityConfig","resource-property-types"
"Add-VSCloudFrontConnectionFunctionConnectionFunctionConfig","resource-property-types"
"Add-VSCloudFrontConnectionFunctionKeyValueStoreAssociation","resource-property-types"
"Add-VSCloudFrontContinuousDeploymentPolicyContinuousDeploymentPolicyConfig","resource-property-types"
"Add-VSCloudFrontContinuousDeploymentPolicySessionStickinessConfig","resource-property-types"
"Add-VSCloudFrontContinuousDeploymentPolicySingleHeaderConfig","resource-property-types"
"Add-VSCloudFrontContinuousDeploymentPolicySingleHeaderPolicyConfig","resource-property-types"
"Add-VSCloudFrontContinuousDeploymentPolicySingleWeightConfig","resource-property-types"
"Add-VSCloudFrontContinuousDeploymentPolicySingleWeightPolicyConfig","resource-property-types"
"Add-VSCloudFrontContinuousDeploymentPolicyTrafficConfig","resource-property-types"
"Add-VSCloudFrontDistributionCacheBehavior","resource-property-types"
"Add-VSCloudFrontDistributionConnectionFunctionAssociation","resource-property-types"
"Add-VSCloudFrontDistributionCookies","resource-property-types"
"Add-VSCloudFrontDistributionCustomErrorResponse","resource-property-types"
"Add-VSCloudFrontDistributionCustomOriginConfig","resource-property-types"
"Add-VSCloudFrontDistributionDefaultCacheBehavior","resource-property-types"
"Add-VSCloudFrontDistributionDefinition","resource-property-types"
"Add-VSCloudFrontDistributionDistributionConfig","resource-property-types"
"Add-VSCloudFrontDistributionForwardedValues","resource-property-types"
"Add-VSCloudFrontDistributionFunctionAssociation","resource-property-types"
"Add-VSCloudFrontDistributionGeoRestriction","resource-property-types"
"Add-VSCloudFrontDistributionGrpcConfig","resource-property-types"
"Add-VSCloudFrontDistributionLambdaFunctionAssociation","resource-property-types"
"Add-VSCloudFrontDistributionLegacyCustomOrigin","resource-property-types"
"Add-VSCloudFrontDistributionLegacyS3Origin","resource-property-types"
"Add-VSCloudFrontDistributionLogging","resource-property-types"
"Add-VSCloudFrontDistributionOrigin","resource-property-types"
"Add-VSCloudFrontDistributionOriginCustomHeader","resource-property-types"
"Add-VSCloudFrontDistributionOriginGroup","resource-property-types"
"Add-VSCloudFrontDistributionOriginGroupFailoverCriteria","resource-property-types"
"Add-VSCloudFrontDistributionOriginGroupMember","resource-property-types"
"Add-VSCloudFrontDistributionOriginGroupMembers","resource-property-types"
"Add-VSCloudFrontDistributionOriginGroups","resource-property-types"
"Add-VSCloudFrontDistributionOriginMtlsConfig","resource-property-types"
"Add-VSCloudFrontDistributionOriginShield","resource-property-types"
"Add-VSCloudFrontDistributionParameterDefinition","resource-property-types"
"Add-VSCloudFrontDistributionRestrictions","resource-property-types"
"Add-VSCloudFrontDistributionS3OriginConfig","resource-property-types"
"Add-VSCloudFrontDistributionStatusCodes","resource-property-types"
"Add-VSCloudFrontDistributionStringSchema","resource-property-types"
"Add-VSCloudFrontDistributionTenantCertificate","resource-property-types"
"Add-VSCloudFrontDistributionTenantConfig","resource-property-types"
"Add-VSCloudFrontDistributionTenantCustomizations","resource-property-types"
"Add-VSCloudFrontDistributionTenantDomainResult","resource-property-types"
"Add-VSCloudFrontDistributionTenantGeoRestrictionCustomization","resource-property-types"
"Add-VSCloudFrontDistributionTenantManagedCertificateRequest","resource-property-types"
"Add-VSCloudFrontDistributionTenantParameter","resource-property-types"
"Add-VSCloudFrontDistributionTenantWebAclCustomization","resource-property-types"
"Add-VSCloudFrontDistributionTrustStoreConfig","resource-property-types"
"Add-VSCloudFrontDistributionViewerCertificate","resource-property-types"
"Add-VSCloudFrontDistributionViewerMtlsConfig","resource-property-types"
"Add-VSCloudFrontDistributionVpcOriginConfig","resource-property-types"
"Add-VSCloudFrontFunctionFunctionConfig","resource-property-types"
"Add-VSCloudFrontFunctionFunctionMetadata","resource-property-types"
"Add-VSCloudFrontFunctionKeyValueStoreAssociation","resource-property-types"
"Add-VSCloudFrontKeyGroupKeyGroupConfig","resource-property-types"
"Add-VSCloudFrontKeyValueStoreImportSource","resource-property-types"
"Add-VSCloudFrontMonitoringSubscriptionMonitoringSubscription","resource-property-types"
"Add-VSCloudFrontMonitoringSubscriptionRealtimeMetricsSubscriptionConfig","resource-property-types"
"Add-VSCloudFrontOriginAccessControlOriginAccessControlConfig","resource-property-types"
"Add-VSCloudFrontOriginRequestPolicyCookiesConfig","resource-property-types"
"Add-VSCloudFrontOriginRequestPolicyHeadersConfig","resource-property-types"
"Add-VSCloudFrontOriginRequestPolicyOriginRequestPolicyConfig","resource-property-types"
"Add-VSCloudFrontOriginRequestPolicyQueryStringsConfig","resource-property-types"
"Add-VSCloudFrontPublicKeyPublicKeyConfig","resource-property-types"
"Add-VSCloudFrontRealtimeLogConfigEndPoint","resource-property-types"
"Add-VSCloudFrontRealtimeLogConfigKinesisStreamConfig","resource-property-types"
"Add-VSCloudFrontResponseHeadersPolicyAccessControlAllowHeaders","resource-property-types"
"Add-VSCloudFrontResponseHeadersPolicyAccessControlAllowMethods","resource-property-types"
"Add-VSCloudFrontResponseHeadersPolicyAccessControlAllowOrigins","resource-property-types"
"Add-VSCloudFrontResponseHeadersPolicyAccessControlExposeHeaders","resource-property-types"
"Add-VSCloudFrontResponseHeadersPolicyContentSecurityPolicy","resource-property-types"
"Add-VSCloudFrontResponseHeadersPolicyContentTypeOptions","resource-property-types"
"Add-VSCloudFrontResponseHeadersPolicyCorsConfig","resource-property-types"
"Add-VSCloudFrontResponseHeadersPolicyCustomHeader","resource-property-types"
"Add-VSCloudFrontResponseHeadersPolicyCustomHeadersConfig","resource-property-types"
"Add-VSCloudFrontResponseHeadersPolicyFrameOptions","resource-property-types"
"Add-VSCloudFrontResponseHeadersPolicyReferrerPolicy","resource-property-types"
"Add-VSCloudFrontResponseHeadersPolicyRemoveHeader","resource-property-types"
"Add-VSCloudFrontResponseHeadersPolicyRemoveHeadersConfig","resource-property-types"
"Add-VSCloudFrontResponseHeadersPolicyResponseHeadersPolicyConfig","resource-property-types"
"Add-VSCloudFrontResponseHeadersPolicySecurityHeadersConfig","resource-property-types"
"Add-VSCloudFrontResponseHeadersPolicyServerTimingHeadersConfig","resource-property-types"
"Add-VSCloudFrontResponseHeadersPolicyStrictTransportSecurity","resource-property-types"
"Add-VSCloudFrontResponseHeadersPolicyXSSProtection","resource-property-types"
"Add-VSCloudFrontStreamingDistributionLogging","resource-property-types"
"Add-VSCloudFrontStreamingDistributionS3Origin","resource-property-types"
"Add-VSCloudFrontStreamingDistributionStreamingDistributionConfig","resource-property-types"
"Add-VSCloudFrontStreamingDistributionTrustedSigners","resource-property-types"
"Add-VSCloudFrontTrustStoreCaCertificatesBundleS3Location","resource-property-types"
"Add-VSCloudFrontTrustStoreCaCertificatesBundleSource","resource-property-types"
"Add-VSCloudFrontVpcOriginVpcOriginEndpointConfig","resource-property-types"
"Add-VSCloudTrailChannelDestination","resource-property-types"
"Add-VSCloudTrailDashboardFrequency","resource-property-types"
"Add-VSCloudTrailDashboardRefreshSchedule","resource-property-types"
"Add-VSCloudTrailDashboardWidget","resource-property-types"
"Add-VSCloudTrailEventDataStoreAdvancedEventSelector","resource-property-types"
"Add-VSCloudTrailEventDataStoreAdvancedFieldSelector","resource-property-types"
"Add-VSCloudTrailEventDataStoreContextKeySelector","resource-property-types"
"Add-VSCloudTrailEventDataStoreInsightSelector","resource-property-types"
"Add-VSCloudTrailTrailAdvancedEventSelector","resource-property-types"
"Add-VSCloudTrailTrailAdvancedFieldSelector","resource-property-types"
"Add-VSCloudTrailTrailAggregationConfiguration","resource-property-types"
"Add-VSCloudTrailTrailDataResource","resource-property-types"
"Add-VSCloudTrailTrailEventSelector","resource-property-types"
"Add-VSCloudTrailTrailInsightSelector","resource-property-types"
"Add-VSCloudWatchAlarmDimension","resource-property-types"
"Add-VSCloudWatchAlarmMetric","resource-property-types"
"Add-VSCloudWatchAlarmMetricDataQuery","resource-property-types"
"Add-VSCloudWatchAlarmMetricStat","resource-property-types"
"Add-VSCloudWatchAnomalyDetectorConfiguration","resource-property-types"
"Add-VSCloudWatchAnomalyDetectorDimension","resource-property-types"
"Add-VSCloudWatchAnomalyDetectorMetric","resource-property-types"
"Add-VSCloudWatchAnomalyDetectorMetricCharacteristics","resource-property-types"
"Add-VSCloudWatchAnomalyDetectorMetricDataQueries","resource-property-types"
"Add-VSCloudWatchAnomalyDetectorMetricDataQuery","resource-property-types"
"Add-VSCloudWatchAnomalyDetectorMetricMathAnomalyDetector","resource-property-types"
"Add-VSCloudWatchAnomalyDetectorMetricStat","resource-property-types"
"Add-VSCloudWatchAnomalyDetectorRange","resource-property-types"
"Add-VSCloudWatchAnomalyDetectorSingleMetricAnomalyDetector","resource-property-types"
"Add-VSCloudWatchInsightRuleTags","resource-property-types"
"Add-VSCloudWatchMetricStreamMetricStreamFilter","resource-property-types"
"Add-VSCloudWatchMetricStreamMetricStreamStatisticsConfiguration","resource-property-types"
"Add-VSCloudWatchMetricStreamMetricStreamStatisticsMetric","resource-property-types"
"Add-VSCodeArtifactPackageGroupOriginConfiguration","resource-property-types"
"Add-VSCodeArtifactPackageGroupRestrictions","resource-property-types"
"Add-VSCodeArtifactPackageGroupRestrictionType","resource-property-types"
"Add-VSCodeBuildFleetComputeConfiguration","resource-property-types"
"Add-VSCodeBuildFleetFleetProxyRule","resource-property-types"
"Add-VSCodeBuildFleetProxyConfiguration","resource-property-types"
"Add-VSCodeBuildFleetScalingConfigurationInput","resource-property-types"
"Add-VSCodeBuildFleetTargetTrackingScalingConfiguration","resource-property-types"
"Add-VSCodeBuildFleetVpcConfig","resource-property-types"
"Add-VSCodeBuildProjectArtifacts","resource-property-types"
"Add-VSCodeBuildProjectBatchRestrictions","resource-property-types"
"Add-VSCodeBuildProjectBuildStatusConfig","resource-property-types"
"Add-VSCodeBuildProjectCloudWatchLogsConfig","resource-property-types"
"Add-VSCodeBuildProjectDockerServer","resource-property-types"
"Add-VSCodeBuildProjectEnvironment","resource-property-types"
"Add-VSCodeBuildProjectEnvironmentVariable","resource-property-types"
"Add-VSCodeBuildProjectFilterGroup","resource-property-types"
"Add-VSCodeBuildProjectGitSubmodulesConfig","resource-property-types"
"Add-VSCodeBuildProjectLogsConfig","resource-property-types"
"Add-VSCodeBuildProjectProjectBuildBatchConfig","resource-property-types"
"Add-VSCodeBuildProjectProjectCache","resource-property-types"
"Add-VSCodeBuildProjectProjectFileSystemLocation","resource-property-types"
"Add-VSCodeBuildProjectProjectFleet","resource-property-types"
"Add-VSCodeBuildProjectProjectSourceVersion","resource-property-types"
"Add-VSCodeBuildProjectProjectTriggers","resource-property-types"
"Add-VSCodeBuildProjectPullRequestBuildPolicy","resource-property-types"
"Add-VSCodeBuildProjectRegistryCredential","resource-property-types"
"Add-VSCodeBuildProjectS3LogsConfig","resource-property-types"
"Add-VSCodeBuildProjectScopeConfiguration","resource-property-types"
"Add-VSCodeBuildProjectSource","resource-property-types"
"Add-VSCodeBuildProjectSourceAuth","resource-property-types"
"Add-VSCodeBuildProjectVpcConfig","resource-property-types"
"Add-VSCodeBuildProjectWebhookFilter","resource-property-types"
"Add-VSCodeBuildReportGroupReportExportConfig","resource-property-types"
"Add-VSCodeBuildReportGroupS3ReportExportConfig","resource-property-types"
"Add-VSCodeCommitRepositoryCode","resource-property-types"
"Add-VSCodeCommitRepositoryRepositoryTrigger","resource-property-types"
"Add-VSCodeCommitRepositoryS3","resource-property-types"
"Add-VSCodeDeployDeploymentConfigMinimumHealthyHosts","resource-property-types"
"Add-VSCodeDeployDeploymentConfigMinimumHealthyHostsPerZone","resource-property-types"
"Add-VSCodeDeployDeploymentConfigTimeBasedCanary","resource-property-types"
"Add-VSCodeDeployDeploymentConfigTimeBasedLinear","resource-property-types"
"Add-VSCodeDeployDeploymentConfigTrafficRoutingConfig","resource-property-types"
"Add-VSCodeDeployDeploymentConfigZonalConfig","resource-property-types"
"Add-VSCodeDeployDeploymentGroupAlarm","resource-property-types"
"Add-VSCodeDeployDeploymentGroupAlarmConfiguration","resource-property-types"
"Add-VSCodeDeployDeploymentGroupAutoRollbackConfiguration","resource-property-types"
"Add-VSCodeDeployDeploymentGroupBlueGreenDeploymentConfiguration","resource-property-types"
"Add-VSCodeDeployDeploymentGroupBlueInstanceTerminationOption","resource-property-types"
"Add-VSCodeDeployDeploymentGroupDeployment","resource-property-types"
"Add-VSCodeDeployDeploymentGroupDeploymentReadyOption","resource-property-types"
"Add-VSCodeDeployDeploymentGroupDeploymentStyle","resource-property-types"
"Add-VSCodeDeployDeploymentGroupEC2TagFilter","resource-property-types"
"Add-VSCodeDeployDeploymentGroupEC2TagSet","resource-property-types"
"Add-VSCodeDeployDeploymentGroupEC2TagSetListObject","resource-property-types"
"Add-VSCodeDeployDeploymentGroupECSService","resource-property-types"
"Add-VSCodeDeployDeploymentGroupELBInfo","resource-property-types"
"Add-VSCodeDeployDeploymentGroupGitHubLocation","resource-property-types"
"Add-VSCodeDeployDeploymentGroupGreenFleetProvisioningOption","resource-property-types"
"Add-VSCodeDeployDeploymentGroupLoadBalancerInfo","resource-property-types"
"Add-VSCodeDeployDeploymentGroupOnPremisesTagSet","resource-property-types"
"Add-VSCodeDeployDeploymentGroupOnPremisesTagSetListObject","resource-property-types"
"Add-VSCodeDeployDeploymentGroupRevisionLocation","resource-property-types"
"Add-VSCodeDeployDeploymentGroupS3Location","resource-property-types"
"Add-VSCodeDeployDeploymentGroupTagFilter","resource-property-types"
"Add-VSCodeDeployDeploymentGroupTargetGroupInfo","resource-property-types"
"Add-VSCodeDeployDeploymentGroupTargetGroupPairInfo","resource-property-types"
"Add-VSCodeDeployDeploymentGroupTrafficRoute","resource-property-types"
"Add-VSCodeDeployDeploymentGroupTriggerConfig","resource-property-types"
"Add-VSCodeGuruProfilerProfilingGroupAgentPermissions","resource-property-types"
"Add-VSCodeGuruProfilerProfilingGroupChannel","resource-property-types"
"Add-VSCodePipelineCustomActionTypeArtifactDetails","resource-property-types"
"Add-VSCodePipelineCustomActionTypeConfigurationProperties","resource-property-types"
"Add-VSCodePipelineCustomActionTypeSettings","resource-property-types"
"Add-VSCodePipelinePipelineActionDeclaration","resource-property-types"
"Add-VSCodePipelinePipelineActionTypeId","resource-property-types"
"Add-VSCodePipelinePipelineArtifactStore","resource-property-types"
"Add-VSCodePipelinePipelineArtifactStoreMap","resource-property-types"
"Add-VSCodePipelinePipelineBeforeEntryConditions","resource-property-types"
"Add-VSCodePipelinePipelineBlockerDeclaration","resource-property-types"
"Add-VSCodePipelinePipelineCondition","resource-property-types"
"Add-VSCodePipelinePipelineEncryptionKey","resource-property-types"
"Add-VSCodePipelinePipelineEnvironmentVariable","resource-property-types"
"Add-VSCodePipelinePipelineFailureConditions","resource-property-types"
"Add-VSCodePipelinePipelineGitBranchFilterCriteria","resource-property-types"
"Add-VSCodePipelinePipelineGitConfiguration","resource-property-types"
"Add-VSCodePipelinePipelineGitFilePathFilterCriteria","resource-property-types"
"Add-VSCodePipelinePipelineGitPullRequestFilter","resource-property-types"
"Add-VSCodePipelinePipelineGitPushFilter","resource-property-types"
"Add-VSCodePipelinePipelineGitTagFilterCriteria","resource-property-types"
"Add-VSCodePipelinePipelineInputArtifact","resource-property-types"
"Add-VSCodePipelinePipelineOutputArtifact","resource-property-types"
"Add-VSCodePipelinePipelinePipelineTriggerDeclaration","resource-property-types"
"Add-VSCodePipelinePipelineRetryConfiguration","resource-property-types"
"Add-VSCodePipelinePipelineRuleDeclaration","resource-property-types"
"Add-VSCodePipelinePipelineRuleTypeId","resource-property-types"
"Add-VSCodePipelinePipelineStageDeclaration","resource-property-types"
"Add-VSCodePipelinePipelineStageTransition","resource-property-types"
"Add-VSCodePipelinePipelineSuccessConditions","resource-property-types"
"Add-VSCodePipelinePipelineVariableDeclaration","resource-property-types"
"Add-VSCodePipelineWebhookWebhookAuthConfiguration","resource-property-types"
"Add-VSCodePipelineWebhookWebhookFilterRule","resource-property-types"
"Add-VSCodeStarGitHubRepositoryCode","resource-property-types"
"Add-VSCodeStarGitHubRepositoryS3","resource-property-types"
"Add-VSCodeStarNotificationsNotificationRuleTarget","resource-property-types"
"Add-VSCognitoIdentityPoolCognitoIdentityProvider","resource-property-types"
"Add-VSCognitoIdentityPoolCognitoStreams","resource-property-types"
"Add-VSCognitoIdentityPoolPushSync","resource-property-types"
"Add-VSCognitoIdentityPoolRoleAttachmentMappingRule","resource-property-types"
"Add-VSCognitoIdentityPoolRoleAttachmentRoleMapping","resource-property-types"
"Add-VSCognitoIdentityPoolRoleAttachmentRulesConfigurationType","resource-property-types"
"Add-VSCognitoLogDeliveryConfigurationCloudWatchLogsConfiguration","resource-property-types"
"Add-VSCognitoLogDeliveryConfigurationFirehoseConfiguration","resource-property-types"
"Add-VSCognitoLogDeliveryConfigurationLogConfiguration","resource-property-types"
"Add-VSCognitoLogDeliveryConfigurationS3Configuration","resource-property-types"
"Add-VSCognitoManagedLoginBrandingAssetType","resource-property-types"
"Add-VSCognitoUserPoolAccountRecoverySetting","resource-property-types"
"Add-VSCognitoUserPoolAdminCreateUserConfig","resource-property-types"
"Add-VSCognitoUserPoolAdvancedSecurityAdditionalFlows","resource-property-types"
"Add-VSCognitoUserPoolClientAnalyticsConfiguration","resource-property-types"
"Add-VSCognitoUserPoolClientRefreshTokenRotation","resource-property-types"
"Add-VSCognitoUserPoolClientTokenValidityUnits","resource-property-types"
"Add-VSCognitoUserPoolCustomEmailSender","resource-property-types"
"Add-VSCognitoUserPoolCustomSMSSender","resource-property-types"
"Add-VSCognitoUserPoolDeviceConfiguration","resource-property-types"
"Add-VSCognitoUserPoolDomainCustomDomainConfigType","resource-property-types"
"Add-VSCognitoUserPoolEmailConfiguration","resource-property-types"
"Add-VSCognitoUserPoolInviteMessageTemplate","resource-property-types"
"Add-VSCognitoUserPoolLambdaConfig","resource-property-types"
"Add-VSCognitoUserPoolNumberAttributeConstraints","resource-property-types"
"Add-VSCognitoUserPoolPasswordPolicy","resource-property-types"
"Add-VSCognitoUserPoolPolicies","resource-property-types"
"Add-VSCognitoUserPoolPreTokenGenerationConfig","resource-property-types"
"Add-VSCognitoUserPoolRecoveryOption","resource-property-types"
"Add-VSCognitoUserPoolResourceServerResourceServerScopeType","resource-property-types"
"Add-VSCognitoUserPoolRiskConfigurationAttachmentAccountTakeoverActionsType","resource-property-types"
"Add-VSCognitoUserPoolRiskConfigurationAttachmentAccountTakeoverActionType","resource-property-types"
"Add-VSCognitoUserPoolRiskConfigurationAttachmentAccountTakeoverRiskConfigurationType","resource-property-types"
"Add-VSCognitoUserPoolRiskConfigurationAttachmentCompromisedCredentialsActionsType","resource-property-types"
"Add-VSCognitoUserPoolRiskConfigurationAttachmentCompromisedCredentialsRiskConfigurationType","resource-property-types"
"Add-VSCognitoUserPoolRiskConfigurationAttachmentNotifyConfigurationType","resource-property-types"
"Add-VSCognitoUserPoolRiskConfigurationAttachmentNotifyEmailType","resource-property-types"
"Add-VSCognitoUserPoolRiskConfigurationAttachmentRiskExceptionConfigurationType","resource-property-types"
"Add-VSCognitoUserPoolSchemaAttribute","resource-property-types"
"Add-VSCognitoUserPoolSignInPolicy","resource-property-types"
"Add-VSCognitoUserPoolSmsConfiguration","resource-property-types"
"Add-VSCognitoUserPoolStringAttributeConstraints","resource-property-types"
"Add-VSCognitoUserPoolUserAttributeType","resource-property-types"
"Add-VSCognitoUserPoolUserAttributeUpdateSettings","resource-property-types"
"Add-VSCognitoUserPoolUsernameConfiguration","resource-property-types"
"Add-VSCognitoUserPoolUserPoolAddOns","resource-property-types"
"Add-VSCognitoUserPoolVerificationMessageTemplate","resource-property-types"
"Add-VSComprehendDocumentClassifierAugmentedManifestsListItem","resource-property-types"
"Add-VSComprehendDocumentClassifierDocumentClassifierDocuments","resource-property-types"
"Add-VSComprehendDocumentClassifierDocumentClassifierInputDataConfig","resource-property-types"
"Add-VSComprehendDocumentClassifierDocumentClassifierOutputDataConfig","resource-property-types"
"Add-VSComprehendDocumentClassifierDocumentReaderConfig","resource-property-types"
"Add-VSComprehendDocumentClassifierVpcConfig","resource-property-types"
"Add-VSComprehendFlywheelDataSecurityConfig","resource-property-types"
"Add-VSComprehendFlywheelDocumentClassificationConfig","resource-property-types"
"Add-VSComprehendFlywheelEntityRecognitionConfig","resource-property-types"
"Add-VSComprehendFlywheelEntityTypesListItem","resource-property-types"
"Add-VSComprehendFlywheelTaskConfig","resource-property-types"
"Add-VSComprehendFlywheelVpcConfig","resource-property-types"
"Add-VSConfigConfigRuleCompliance","resource-property-types"
"Add-VSConfigConfigRuleCustomPolicyDetails","resource-property-types"
"Add-VSConfigConfigRuleEvaluationModeConfiguration","resource-property-types"
"Add-VSConfigConfigRuleScope","resource-property-types"
"Add-VSConfigConfigRuleSource","resource-property-types"
"Add-VSConfigConfigRuleSourceDetail","resource-property-types"
"Add-VSConfigConfigurationAggregatorAccountAggregationSource","resource-property-types"
"Add-VSConfigConfigurationAggregatorOrganizationAggregationSource","resource-property-types"
"Add-VSConfigConfigurationRecorderExclusionByResourceTypes","resource-property-types"
"Add-VSConfigConfigurationRecorderRecordingGroup","resource-property-types"
"Add-VSConfigConfigurationRecorderRecordingMode","resource-property-types"
"Add-VSConfigConfigurationRecorderRecordingModeOverride","resource-property-types"
"Add-VSConfigConfigurationRecorderRecordingStrategy","resource-property-types"
"Add-VSConfigConformancePackConformancePackInputParameter","resource-property-types"
"Add-VSConfigConformancePackTemplateSSMDocumentDetails","resource-property-types"
"Add-VSConfigDeliveryChannelConfigSnapshotDeliveryProperties","resource-property-types"
"Add-VSConfigOrganizationConfigRuleOrganizationCustomPolicyRuleMetadata","resource-property-types"
"Add-VSConfigOrganizationConfigRuleOrganizationCustomRuleMetadata","resource-property-types"
"Add-VSConfigOrganizationConfigRuleOrganizationManagedRuleMetadata","resource-property-types"
"Add-VSConfigOrganizationConformancePackConformancePackInputParameter","resource-property-types"
"Add-VSConfigRemediationConfigurationExecutionControls","resource-property-types"
"Add-VSConfigRemediationConfigurationRemediationParameterValue","resource-property-types"
"Add-VSConfigRemediationConfigurationResourceValue","resource-property-types"
"Add-VSConfigRemediationConfigurationSsmControls","resource-property-types"
"Add-VSConfigRemediationConfigurationStaticValue","resource-property-types"
"Add-VSConnectCampaignsCampaignAgentlessDialerConfig","resource-property-types"
"Add-VSConnectCampaignsCampaignAnswerMachineDetectionConfig","resource-property-types"
"Add-VSConnectCampaignsCampaignDialerConfig","resource-property-types"
"Add-VSConnectCampaignsCampaignOutboundCallConfig","resource-property-types"
"Add-VSConnectCampaignsCampaignPredictiveDialerConfig","resource-property-types"
"Add-VSConnectCampaignsCampaignProgressiveDialerConfig","resource-property-types"
"Add-VSConnectCampaignsV2CampaignAnswerMachineDetectionConfig","resource-property-types"
"Add-VSConnectCampaignsV2CampaignChannelSubtypeConfig","resource-property-types"
"Add-VSConnectCampaignsV2CampaignCommunicationLimit","resource-property-types"
"Add-VSConnectCampaignsV2CampaignCommunicationLimits","resource-property-types"
"Add-VSConnectCampaignsV2CampaignCommunicationLimitsConfig","resource-property-types"
"Add-VSConnectCampaignsV2CampaignCommunicationTimeConfig","resource-property-types"
"Add-VSConnectCampaignsV2CampaignDailyHour","resource-property-types"
"Add-VSConnectCampaignsV2CampaignEmailChannelSubtypeConfig","resource-property-types"
"Add-VSConnectCampaignsV2CampaignEmailOutboundConfig","resource-property-types"
"Add-VSConnectCampaignsV2CampaignEmailOutboundMode","resource-property-types"
"Add-VSConnectCampaignsV2CampaignEventTrigger","resource-property-types"
"Add-VSConnectCampaignsV2CampaignLocalTimeZoneConfig","resource-property-types"
"Add-VSConnectCampaignsV2CampaignOpenHours","resource-property-types"
"Add-VSConnectCampaignsV2CampaignPredictiveConfig","resource-property-types"
"Add-VSConnectCampaignsV2CampaignPreviewConfig","resource-property-types"
"Add-VSConnectCampaignsV2CampaignProgressiveConfig","resource-property-types"
"Add-VSConnectCampaignsV2CampaignRestrictedPeriod","resource-property-types"
"Add-VSConnectCampaignsV2CampaignRestrictedPeriods","resource-property-types"
"Add-VSConnectCampaignsV2CampaignSchedule","resource-property-types"
"Add-VSConnectCampaignsV2CampaignSmsChannelSubtypeConfig","resource-property-types"
"Add-VSConnectCampaignsV2CampaignSmsOutboundConfig","resource-property-types"
"Add-VSConnectCampaignsV2CampaignSmsOutboundMode","resource-property-types"
"Add-VSConnectCampaignsV2CampaignSource","resource-property-types"
"Add-VSConnectCampaignsV2CampaignTelephonyChannelSubtypeConfig","resource-property-types"
"Add-VSConnectCampaignsV2CampaignTelephonyOutboundConfig","resource-property-types"
"Add-VSConnectCampaignsV2CampaignTelephonyOutboundMode","resource-property-types"
"Add-VSConnectCampaignsV2CampaignTimeoutConfig","resource-property-types"
"Add-VSConnectCampaignsV2CampaignTimeRange","resource-property-types"
"Add-VSConnectCampaignsV2CampaignTimeWindow","resource-property-types"
"Add-VSConnectCampaignsV2CampaignWhatsAppChannelSubtypeConfig","resource-property-types"
"Add-VSConnectCampaignsV2CampaignWhatsAppOutboundConfig","resource-property-types"
"Add-VSConnectCampaignsV2CampaignWhatsAppOutboundMode","resource-property-types"
"Add-VSConnectContactFlowModuleExternalInvocationConfiguration","resource-property-types"
"Add-VSConnectDataTableAttributeEnum","resource-property-types"
"Add-VSConnectDataTableAttributeLockVersion","resource-property-types"
"Add-VSConnectDataTableAttributeValidation","resource-property-types"
"Add-VSConnectDataTableLockVersion","resource-property-types"
"Add-VSConnectDataTableRecordDataTableRecord","resource-property-types"
"Add-VSConnectDataTableRecordValue","resource-property-types"
"Add-VSConnectEmailAddressAliasConfiguration","resource-property-types"
"Add-VSConnectEvaluationFormAutoEvaluationConfiguration","resource-property-types"
"Add-VSConnectEvaluationFormAutomaticFailConfiguration","resource-property-types"
"Add-VSConnectEvaluationFormEvaluationFormBaseItem","resource-property-types"
"Add-VSConnectEvaluationFormEvaluationFormItem","resource-property-types"
"Add-VSConnectEvaluationFormEvaluationFormItemEnablementCondition","resource-property-types"
"Add-VSConnectEvaluationFormEvaluationFormItemEnablementConditionOperand","resource-property-types"
"Add-VSConnectEvaluationFormEvaluationFormItemEnablementConfiguration","resource-property-types"
"Add-VSConnectEvaluationFormEvaluationFormItemEnablementExpression","resource-property-types"
"Add-VSConnectEvaluationFormEvaluationFormItemEnablementSource","resource-property-types"
"Add-VSConnectEvaluationFormEvaluationFormItemEnablementSourceValue","resource-property-types"
"Add-VSConnectEvaluationFormEvaluationFormLanguageConfiguration","resource-property-types"
"Add-VSConnectEvaluationFormEvaluationFormMultiSelectQuestionAutomation","resource-property-types"
"Add-VSConnectEvaluationFormEvaluationFormMultiSelectQuestionAutomationOption","resource-property-types"
"Add-VSConnectEvaluationFormEvaluationFormMultiSelectQuestionOption","resource-property-types"
"Add-VSConnectEvaluationFormEvaluationFormMultiSelectQuestionProperties","resource-property-types"
"Add-VSConnectEvaluationFormEvaluationFormNumericQuestionAutomation","resource-property-types"
"Add-VSConnectEvaluationFormEvaluationFormNumericQuestionOption","resource-property-types"
"Add-VSConnectEvaluationFormEvaluationFormNumericQuestionProperties","resource-property-types"
"Add-VSConnectEvaluationFormEvaluationFormQuestion","resource-property-types"
"Add-VSConnectEvaluationFormEvaluationFormQuestionAutomationAnswerSource","resource-property-types"
"Add-VSConnectEvaluationFormEvaluationFormQuestionTypeProperties","resource-property-types"
"Add-VSConnectEvaluationFormEvaluationFormSection","resource-property-types"
"Add-VSConnectEvaluationFormEvaluationFormSingleSelectQuestionAutomation","resource-property-types"
"Add-VSConnectEvaluationFormEvaluationFormSingleSelectQuestionAutomationOption","resource-property-types"
"Add-VSConnectEvaluationFormEvaluationFormSingleSelectQuestionOption","resource-property-types"
"Add-VSConnectEvaluationFormEvaluationFormSingleSelectQuestionProperties","resource-property-types"
"Add-VSConnectEvaluationFormEvaluationFormTargetConfiguration","resource-property-types"
"Add-VSConnectEvaluationFormEvaluationFormTextQuestionAutomation","resource-property-types"
"Add-VSConnectEvaluationFormEvaluationFormTextQuestionProperties","resource-property-types"
"Add-VSConnectEvaluationFormMultiSelectQuestionRuleCategoryAutomation","resource-property-types"
"Add-VSConnectEvaluationFormNumericQuestionPropertyValueAutomation","resource-property-types"
"Add-VSConnectEvaluationFormScoringStrategy","resource-property-types"
"Add-VSConnectEvaluationFormSingleSelectQuestionRuleCategoryAutomation","resource-property-types"
"Add-VSConnectHoursOfOperationHoursOfOperationConfig","resource-property-types"
"Add-VSConnectHoursOfOperationHoursOfOperationOverride","resource-property-types"
"Add-VSConnectHoursOfOperationHoursOfOperationOverrideConfig","resource-property-types"
"Add-VSConnectHoursOfOperationHoursOfOperationsIdentifier","resource-property-types"
"Add-VSConnectHoursOfOperationHoursOfOperationTimeSlice","resource-property-types"
"Add-VSConnectHoursOfOperationOverrideTimeSlice","resource-property-types"
"Add-VSConnectHoursOfOperationRecurrenceConfig","resource-property-types"
"Add-VSConnectHoursOfOperationRecurrencePattern","resource-property-types"
"Add-VSConnectInstanceAttributes","resource-property-types"
"Add-VSConnectInstanceStorageConfigEncryptionConfig","resource-property-types"
"Add-VSConnectInstanceStorageConfigKinesisFirehoseConfig","resource-property-types"
"Add-VSConnectInstanceStorageConfigKinesisStreamConfig","resource-property-types"
"Add-VSConnectInstanceStorageConfigKinesisVideoStreamConfig","resource-property-types"
"Add-VSConnectInstanceStorageConfigS3Config","resource-property-types"
"Add-VSConnectPredefinedAttributeAttributeConfiguration","resource-property-types"
"Add-VSConnectPredefinedAttributeValues","resource-property-types"
"Add-VSConnectQueueOutboundCallerConfig","resource-property-types"
"Add-VSConnectQueueOutboundEmailConfig","resource-property-types"
"Add-VSConnectQuickConnectPhoneNumberQuickConnectConfig","resource-property-types"
"Add-VSConnectQuickConnectQueueQuickConnectConfig","resource-property-types"
"Add-VSConnectQuickConnectQuickConnectConfig","resource-property-types"
"Add-VSConnectQuickConnectUserQuickConnectConfig","resource-property-types"
"Add-VSConnectRoutingProfileCrossChannelBehavior","resource-property-types"
"Add-VSConnectRoutingProfileMediaConcurrency","resource-property-types"
"Add-VSConnectRoutingProfileRoutingProfileManualAssignmentQueueConfig","resource-property-types"
"Add-VSConnectRoutingProfileRoutingProfileQueueConfig","resource-property-types"
"Add-VSConnectRoutingProfileRoutingProfileQueueReference","resource-property-types"
"Add-VSConnectRuleActions","resource-property-types"
"Add-VSConnectRuleCreateCaseAction","resource-property-types"
"Add-VSConnectRuleEventBridgeAction","resource-property-types"
"Add-VSConnectRuleField","resource-property-types"
"Add-VSConnectRuleFieldValue","resource-property-types"
"Add-VSConnectRuleNotificationRecipientType","resource-property-types"
"Add-VSConnectRuleReference","resource-property-types"
"Add-VSConnectRuleRuleTriggerEventSource","resource-property-types"
"Add-VSConnectRuleSendNotificationAction","resource-property-types"
"Add-VSConnectRuleSubmitAutoEvaluationAction","resource-property-types"
"Add-VSConnectRuleTaskAction","resource-property-types"
"Add-VSConnectRuleUpdateCaseAction","resource-property-types"
"Add-VSConnectSecurityProfileApplication","resource-property-types"
"Add-VSConnectSecurityProfileDataTableAccessControlConfiguration","resource-property-types"
"Add-VSConnectSecurityProfileGranularAccessControlConfiguration","resource-property-types"
"Add-VSConnectSecurityProfilePrimaryAttributeAccessControlConfigurationItem","resource-property-types"
"Add-VSConnectSecurityProfilePrimaryAttributeValue","resource-property-types"
"Add-VSConnectTaskTemplateConstraints","resource-property-types"
"Add-VSConnectTaskTemplateDefaultFieldValue","resource-property-types"
"Add-VSConnectTaskTemplateField","resource-property-types"
"Add-VSConnectTaskTemplateFieldIdentifier","resource-property-types"
"Add-VSConnectTaskTemplateInvisibleFieldInfo","resource-property-types"
"Add-VSConnectTaskTemplateReadOnlyFieldInfo","resource-property-types"
"Add-VSConnectTaskTemplateRequiredFieldInfo","resource-property-types"
"Add-VSConnectUserHierarchyStructureLevelFive","resource-property-types"
"Add-VSConnectUserHierarchyStructureLevelFour","resource-property-types"
"Add-VSConnectUserHierarchyStructureLevelOne","resource-property-types"
"Add-VSConnectUserHierarchyStructureLevelThree","resource-property-types"
"Add-VSConnectUserHierarchyStructureLevelTwo","resource-property-types"
"Add-VSConnectUserHierarchyStructureUserHierarchyStructure","resource-property-types"
"Add-VSConnectUserUserIdentityInfo","resource-property-types"
"Add-VSConnectUserUserPhoneConfig","resource-property-types"
"Add-VSConnectUserUserProficiency","resource-property-types"
"Add-VSConnectWorkspaceFontFamily","resource-property-types"
"Add-VSConnectWorkspaceMediaItem","resource-property-types"
"Add-VSConnectWorkspacePaletteCanvas","resource-property-types"
"Add-VSConnectWorkspacePaletteHeader","resource-property-types"
"Add-VSConnectWorkspacePaletteNavigation","resource-property-types"
"Add-VSConnectWorkspacePalettePrimary","resource-property-types"
"Add-VSConnectWorkspaceWorkspacePage","resource-property-types"
"Add-VSConnectWorkspaceWorkspaceTheme","resource-property-types"
"Add-VSConnectWorkspaceWorkspaceThemeConfig","resource-property-types"
"Add-VSConnectWorkspaceWorkspaceThemePalette","resource-property-types"
"Add-VSConnectWorkspaceWorkspaceThemeTypography","resource-property-types"
"Add-VSControlTowerEnabledBaselineParameter","resource-property-types"
"Add-VSControlTowerEnabledControlEnabledControlParameter","resource-property-types"
"Add-VSCustomerProfilesCalculatedAttributeDefinitionAttributeDetails","resource-property-types"
"Add-VSCustomerProfilesCalculatedAttributeDefinitionAttributeItem","resource-property-types"
"Add-VSCustomerProfilesCalculatedAttributeDefinitionConditions","resource-property-types"
"Add-VSCustomerProfilesCalculatedAttributeDefinitionRange","resource-property-types"
"Add-VSCustomerProfilesCalculatedAttributeDefinitionReadiness","resource-property-types"
"Add-VSCustomerProfilesCalculatedAttributeDefinitionThreshold","resource-property-types"
"Add-VSCustomerProfilesCalculatedAttributeDefinitionValueRange","resource-property-types"
"Add-VSCustomerProfilesDomainAttributeTypesSelector","resource-property-types"
"Add-VSCustomerProfilesDomainAutoMerging","resource-property-types"
"Add-VSCustomerProfilesDomainConflictResolution","resource-property-types"
"Add-VSCustomerProfilesDomainConsolidation","resource-property-types"
"Add-VSCustomerProfilesDomainDataStore","resource-property-types"
"Add-VSCustomerProfilesDomainDomainStats","resource-property-types"
"Add-VSCustomerProfilesDomainExportingConfig","resource-property-types"
"Add-VSCustomerProfilesDomainJobSchedule","resource-property-types"
"Add-VSCustomerProfilesDomainMatching","resource-property-types"
"Add-VSCustomerProfilesDomainMatchingRule","resource-property-types"
"Add-VSCustomerProfilesDomainReadiness","resource-property-types"
"Add-VSCustomerProfilesDomainRuleBasedMatching","resource-property-types"
"Add-VSCustomerProfilesDomainS3ExportingConfig","resource-property-types"
"Add-VSCustomerProfilesEventStreamDestinationDetails","resource-property-types"
"Add-VSCustomerProfilesEventTriggerEventTriggerCondition","resource-property-types"
"Add-VSCustomerProfilesEventTriggerEventTriggerDimension","resource-property-types"
"Add-VSCustomerProfilesEventTriggerEventTriggerLimits","resource-property-types"
"Add-VSCustomerProfilesEventTriggerObjectAttribute","resource-property-types"
"Add-VSCustomerProfilesEventTriggerPeriod","resource-property-types"
"Add-VSCustomerProfilesIntegrationConnectorOperator","resource-property-types"
"Add-VSCustomerProfilesIntegrationFlowDefinition","resource-property-types"
"Add-VSCustomerProfilesIntegrationIncrementalPullConfig","resource-property-types"
"Add-VSCustomerProfilesIntegrationMarketoSourceProperties","resource-property-types"
"Add-VSCustomerProfilesIntegrationObjectTypeMapping","resource-property-types"
"Add-VSCustomerProfilesIntegrationS3SourceProperties","resource-property-types"
"Add-VSCustomerProfilesIntegrationSalesforceSourceProperties","resource-property-types"
"Add-VSCustomerProfilesIntegrationScheduledTriggerProperties","resource-property-types"
"Add-VSCustomerProfilesIntegrationServiceNowSourceProperties","resource-property-types"
"Add-VSCustomerProfilesIntegrationSourceConnectorProperties","resource-property-types"
"Add-VSCustomerProfilesIntegrationSourceFlowConfig","resource-property-types"
"Add-VSCustomerProfilesIntegrationTask","resource-property-types"
"Add-VSCustomerProfilesIntegrationTaskPropertiesMap","resource-property-types"
"Add-VSCustomerProfilesIntegrationTriggerConfig","resource-property-types"
"Add-VSCustomerProfilesIntegrationTriggerProperties","resource-property-types"
"Add-VSCustomerProfilesIntegrationZendeskSourceProperties","resource-property-types"
"Add-VSCustomerProfilesObjectTypeFieldMap","resource-property-types"
"Add-VSCustomerProfilesObjectTypeKeyMap","resource-property-types"
"Add-VSCustomerProfilesObjectTypeObjectTypeField","resource-property-types"
"Add-VSCustomerProfilesObjectTypeObjectTypeKey","resource-property-types"
"Add-VSCustomerProfilesSegmentDefinitionAddressDimension","resource-property-types"
"Add-VSCustomerProfilesSegmentDefinitionAttributeDimension","resource-property-types"
"Add-VSCustomerProfilesSegmentDefinitionCalculatedAttributeDimension","resource-property-types"
"Add-VSCustomerProfilesSegmentDefinitionConditionOverrides","resource-property-types"
"Add-VSCustomerProfilesSegmentDefinitionDateDimension","resource-property-types"
"Add-VSCustomerProfilesSegmentDefinitionDimension","resource-property-types"
"Add-VSCustomerProfilesSegmentDefinitionExtraLengthValueProfileDimension","resource-property-types"
"Add-VSCustomerProfilesSegmentDefinitionGroup","resource-property-types"
"Add-VSCustomerProfilesSegmentDefinitionProfileAttributes","resource-property-types"
"Add-VSCustomerProfilesSegmentDefinitionProfileDimension","resource-property-types"
"Add-VSCustomerProfilesSegmentDefinitionProfileTypeDimension","resource-property-types"
"Add-VSCustomerProfilesSegmentDefinitionRangeOverride","resource-property-types"
"Add-VSCustomerProfilesSegmentDefinitionSegmentGroup","resource-property-types"
"Add-VSCustomerProfilesSegmentDefinitionSourceSegment","resource-property-types"
"Add-VSDataBrewDatasetCsvOptions","resource-property-types"
"Add-VSDataBrewDatasetDatabaseInputDefinition","resource-property-types"
"Add-VSDataBrewDatasetDataCatalogInputDefinition","resource-property-types"
"Add-VSDataBrewDatasetDatasetParameter","resource-property-types"
"Add-VSDataBrewDatasetDatetimeOptions","resource-property-types"
"Add-VSDataBrewDatasetExcelOptions","resource-property-types"
"Add-VSDataBrewDatasetFilesLimit","resource-property-types"
"Add-VSDataBrewDatasetFilterExpression","resource-property-types"
"Add-VSDataBrewDatasetFilterValue","resource-property-types"
"Add-VSDataBrewDatasetFormatOptions","resource-property-types"
"Add-VSDataBrewDatasetInput","resource-property-types"
"Add-VSDataBrewDatasetJsonOptions","resource-property-types"
"Add-VSDataBrewDatasetMetadata","resource-property-types"
"Add-VSDataBrewDatasetPathOptions","resource-property-types"
"Add-VSDataBrewDatasetPathParameter","resource-property-types"
"Add-VSDataBrewDatasetS3Location","resource-property-types"
"Add-VSDataBrewJobAllowedStatistics","resource-property-types"
"Add-VSDataBrewJobColumnSelector","resource-property-types"
"Add-VSDataBrewJobColumnStatisticsConfiguration","resource-property-types"
"Add-VSDataBrewJobCsvOutputOptions","resource-property-types"
"Add-VSDataBrewJobDatabaseOutput","resource-property-types"
"Add-VSDataBrewJobDatabaseTableOutputOptions","resource-property-types"
"Add-VSDataBrewJobDataCatalogOutput","resource-property-types"
"Add-VSDataBrewJobEntityDetectorConfiguration","resource-property-types"
"Add-VSDataBrewJobJobSample","resource-property-types"
"Add-VSDataBrewJobOutput","resource-property-types"
"Add-VSDataBrewJobOutputFormatOptions","resource-property-types"
"Add-VSDataBrewJobOutputLocation","resource-property-types"
"Add-VSDataBrewJobProfileConfiguration","resource-property-types"
"Add-VSDataBrewJobRecipe","resource-property-types"
"Add-VSDataBrewJobS3Location","resource-property-types"
"Add-VSDataBrewJobS3TableOutputOptions","resource-property-types"
"Add-VSDataBrewJobStatisticOverride","resource-property-types"
"Add-VSDataBrewJobStatisticsConfiguration","resource-property-types"
"Add-VSDataBrewJobValidationConfiguration","resource-property-types"
"Add-VSDataBrewProjectSample","resource-property-types"
"Add-VSDataBrewRecipeAction","resource-property-types"
"Add-VSDataBrewRecipeConditionExpression","resource-property-types"
"Add-VSDataBrewRecipeDataCatalogInputDefinition","resource-property-types"
"Add-VSDataBrewRecipeInput","resource-property-types"
"Add-VSDataBrewRecipeRecipeParameters","resource-property-types"
"Add-VSDataBrewRecipeRecipeStep","resource-property-types"
"Add-VSDataBrewRecipeS3Location","resource-property-types"
"Add-VSDataBrewRecipeSecondaryInput","resource-property-types"
"Add-VSDataBrewRulesetColumnSelector","resource-property-types"
"Add-VSDataBrewRulesetRule","resource-property-types"
"Add-VSDataBrewRulesetSubstitutionValue","resource-property-types"
"Add-VSDataBrewRulesetThreshold","resource-property-types"
"Add-VSDataPipelinePipelineField","resource-property-types"
"Add-VSDataPipelinePipelineParameterAttribute","resource-property-types"
"Add-VSDataPipelinePipelineParameterObject","resource-property-types"
"Add-VSDataPipelinePipelineParameterValue","resource-property-types"
"Add-VSDataPipelinePipelinePipelineObject","resource-property-types"
"Add-VSDataPipelinePipelinePipelineTag","resource-property-types"
"Add-VSDataSyncLocationAzureBlobAzureBlobSasConfiguration","resource-property-types"
"Add-VSDataSyncLocationAzureBlobCmkSecretConfig","resource-property-types"
"Add-VSDataSyncLocationAzureBlobCustomSecretConfig","resource-property-types"
"Add-VSDataSyncLocationAzureBlobManagedSecretConfig","resource-property-types"
"Add-VSDataSyncLocationEFSEc2Config","resource-property-types"
"Add-VSDataSyncLocationFSxONTAPNFS","resource-property-types"
"Add-VSDataSyncLocationFSxONTAPNfsMountOptions","resource-property-types"
"Add-VSDataSyncLocationFSxONTAPProtocol","resource-property-types"
"Add-VSDataSyncLocationFSxONTAPSMB","resource-property-types"
"Add-VSDataSyncLocationFSxONTAPSmbMountOptions","resource-property-types"
"Add-VSDataSyncLocationFSxOpenZFSMountOptions","resource-property-types"
"Add-VSDataSyncLocationFSxOpenZFSNFS","resource-property-types"
"Add-VSDataSyncLocationFSxOpenZFSProtocol","resource-property-types"
"Add-VSDataSyncLocationHDFSNameNode","resource-property-types"
"Add-VSDataSyncLocationHDFSQopConfiguration","resource-property-types"
"Add-VSDataSyncLocationNFSMountOptions","resource-property-types"
"Add-VSDataSyncLocationNFSOnPremConfig","resource-property-types"
"Add-VSDataSyncLocationObjectStorageCmkSecretConfig","resource-property-types"
"Add-VSDataSyncLocationObjectStorageCustomSecretConfig","resource-property-types"
"Add-VSDataSyncLocationObjectStorageManagedSecretConfig","resource-property-types"
"Add-VSDataSyncLocationS3S3Config","resource-property-types"
"Add-VSDataSyncLocationSMBCmkSecretConfig","resource-property-types"
"Add-VSDataSyncLocationSMBCustomSecretConfig","resource-property-types"
"Add-VSDataSyncLocationSMBManagedSecretConfig","resource-property-types"
"Add-VSDataSyncLocationSMBMountOptions","resource-property-types"
"Add-VSDataSyncTaskDeleted","resource-property-types"
"Add-VSDataSyncTaskDestination","resource-property-types"
"Add-VSDataSyncTaskFilterRule","resource-property-types"
"Add-VSDataSyncTaskManifestConfig","resource-property-types"
"Add-VSDataSyncTaskManifestConfigSourceS3","resource-property-types"
"Add-VSDataSyncTaskOptions","resource-property-types"
"Add-VSDataSyncTaskOverrides","resource-property-types"
"Add-VSDataSyncTaskSkipped","resource-property-types"
"Add-VSDataSyncTaskSource","resource-property-types"
"Add-VSDataSyncTaskTaskReportConfig","resource-property-types"
"Add-VSDataSyncTaskTaskReportConfigDestinationS3","resource-property-types"
"Add-VSDataSyncTaskTaskSchedule","resource-property-types"
"Add-VSDataSyncTaskTransferred","resource-property-types"
"Add-VSDataSyncTaskVerified","resource-property-types"
"Add-VSDataZoneConnectionAmazonQPropertiesInput","resource-property-types"
"Add-VSDataZoneConnectionAthenaPropertiesInput","resource-property-types"
"Add-VSDataZoneConnectionAuthenticationConfigurationInput","resource-property-types"
"Add-VSDataZoneConnectionAuthorizationCodeProperties","resource-property-types"
"Add-VSDataZoneConnectionAwsLocation","resource-property-types"
"Add-VSDataZoneConnectionBasicAuthenticationCredentials","resource-property-types"
"Add-VSDataZoneConnectionConnectionPropertiesInput","resource-property-types"
"Add-VSDataZoneConnectionGlueConnectionInput","resource-property-types"
"Add-VSDataZoneConnectionGlueOAuth2Credentials","resource-property-types"
"Add-VSDataZoneConnectionGluePropertiesInput","resource-property-types"
"Add-VSDataZoneConnectionHyperPodPropertiesInput","resource-property-types"
"Add-VSDataZoneConnectionIamPropertiesInput","resource-property-types"
"Add-VSDataZoneConnectionLineageSyncSchedule","resource-property-types"
"Add-VSDataZoneConnectionMlflowPropertiesInput","resource-property-types"
"Add-VSDataZoneConnectionOAuth2ClientApplication","resource-property-types"
"Add-VSDataZoneConnectionOAuth2Properties","resource-property-types"
"Add-VSDataZoneConnectionPhysicalConnectionRequirements","resource-property-types"
"Add-VSDataZoneConnectionRedshiftCredentials","resource-property-types"
"Add-VSDataZoneConnectionRedshiftLineageSyncConfigurationInput","resource-property-types"
"Add-VSDataZoneConnectionRedshiftPropertiesInput","resource-property-types"
"Add-VSDataZoneConnectionRedshiftStorageProperties","resource-property-types"
"Add-VSDataZoneConnectionS3PropertiesInput","resource-property-types"
"Add-VSDataZoneConnectionSparkEmrPropertiesInput","resource-property-types"
"Add-VSDataZoneConnectionSparkGlueArgs","resource-property-types"
"Add-VSDataZoneConnectionSparkGluePropertiesInput","resource-property-types"
"Add-VSDataZoneConnectionUsernamePassword","resource-property-types"
"Add-VSDataZoneDataSourceDataSourceConfigurationInput","resource-property-types"
"Add-VSDataZoneDataSourceFilterExpression","resource-property-types"
"Add-VSDataZoneDataSourceFormInput","resource-property-types"
"Add-VSDataZoneDataSourceGlueRunConfigurationInput","resource-property-types"
"Add-VSDataZoneDataSourceRecommendationConfiguration","resource-property-types"
"Add-VSDataZoneDataSourceRedshiftClusterStorage","resource-property-types"
"Add-VSDataZoneDataSourceRedshiftCredentialConfiguration","resource-property-types"
"Add-VSDataZoneDataSourceRedshiftRunConfigurationInput","resource-property-types"
"Add-VSDataZoneDataSourceRedshiftServerlessStorage","resource-property-types"
"Add-VSDataZoneDataSourceRedshiftStorage","resource-property-types"
"Add-VSDataZoneDataSourceRelationalFilterConfiguration","resource-property-types"
"Add-VSDataZoneDataSourceSageMakerRunConfigurationInput","resource-property-types"
"Add-VSDataZoneDataSourceScheduleConfiguration","resource-property-types"
"Add-VSDataZoneDomainSingleSignOn","resource-property-types"
"Add-VSDataZoneEnvironmentActionsAwsConsoleLinkParameters","resource-property-types"
"Add-VSDataZoneEnvironmentBlueprintConfigurationLakeFormationConfiguration","resource-property-types"
"Add-VSDataZoneEnvironmentBlueprintConfigurationProvisioningConfiguration","resource-property-types"
"Add-VSDataZoneEnvironmentBlueprintConfigurationRegionalParameter","resource-property-types"
"Add-VSDataZoneEnvironmentEnvironmentParameter","resource-property-types"
"Add-VSDataZoneEnvironmentProfileEnvironmentParameter","resource-property-types"
"Add-VSDataZoneFormTypeModel","resource-property-types"
"Add-VSDataZoneOwnerOwnerGroupProperties","resource-property-types"
"Add-VSDataZoneOwnerOwnerProperties","resource-property-types"
"Add-VSDataZoneOwnerOwnerUserProperties","resource-property-types"
"Add-VSDataZonePolicyGrantAddToProjectMemberPoolPolicyGrantDetail","resource-property-types"
"Add-VSDataZonePolicyGrantCreateAssetTypePolicyGrantDetail","resource-property-types"
"Add-VSDataZonePolicyGrantCreateDomainUnitPolicyGrantDetail","resource-property-types"
"Add-VSDataZonePolicyGrantCreateEnvironmentProfilePolicyGrantDetail","resource-property-types"
"Add-VSDataZonePolicyGrantCreateFormTypePolicyGrantDetail","resource-property-types"
"Add-VSDataZonePolicyGrantCreateGlossaryPolicyGrantDetail","resource-property-types"
"Add-VSDataZonePolicyGrantCreateProjectFromProjectProfilePolicyGrantDetail","resource-property-types"
"Add-VSDataZonePolicyGrantCreateProjectPolicyGrantDetail","resource-property-types"
"Add-VSDataZonePolicyGrantDomainUnitFilterForProject","resource-property-types"
"Add-VSDataZonePolicyGrantDomainUnitGrantFilter","resource-property-types"
"Add-VSDataZonePolicyGrantDomainUnitPolicyGrantPrincipal","resource-property-types"
"Add-VSDataZonePolicyGrantGroupPolicyGrantPrincipal","resource-property-types"
"Add-VSDataZonePolicyGrantOverrideDomainUnitOwnersPolicyGrantDetail","resource-property-types"
"Add-VSDataZonePolicyGrantOverrideProjectOwnersPolicyGrantDetail","resource-property-types"
"Add-VSDataZonePolicyGrantPolicyGrantDetail","resource-property-types"
"Add-VSDataZonePolicyGrantPolicyGrantPrincipal","resource-property-types"
"Add-VSDataZonePolicyGrantProjectGrantFilter","resource-property-types"
"Add-VSDataZonePolicyGrantProjectPolicyGrantPrincipal","resource-property-types"
"Add-VSDataZonePolicyGrantUserPolicyGrantPrincipal","resource-property-types"
"Add-VSDataZoneProjectEnvironmentConfigurationUserParameter","resource-property-types"
"Add-VSDataZoneProjectEnvironmentParameter","resource-property-types"
"Add-VSDataZoneProjectMembershipMember","resource-property-types"
"Add-VSDataZoneProjectProfileAwsAccount","resource-property-types"
"Add-VSDataZoneProjectProfileEnvironmentConfiguration","resource-property-types"
"Add-VSDataZoneProjectProfileEnvironmentConfigurationParameter","resource-property-types"
"Add-VSDataZoneProjectProfileEnvironmentConfigurationParametersDetails","resource-property-types"
"Add-VSDataZoneProjectProfileRegion","resource-property-types"
"Add-VSDataZoneSubscriptionTargetSubscriptionTargetForm","resource-property-types"
"Add-VSDataZoneUserProfileIamUserProfileDetails","resource-property-types"
"Add-VSDataZoneUserProfileSsoUserProfileDetails","resource-property-types"
"Add-VSDataZoneUserProfileUserProfileDetails","resource-property-types"
"Add-VSDAXClusterSSESpecification","resource-property-types"
"Add-VSDeadlineFleetAcceleratorCapabilities","resource-property-types"
"Add-VSDeadlineFleetAcceleratorCountRange","resource-property-types"
"Add-VSDeadlineFleetAcceleratorSelection","resource-property-types"
"Add-VSDeadlineFleetAcceleratorTotalMemoryMiBRange","resource-property-types"
"Add-VSDeadlineFleetCustomerManagedFleetConfiguration","resource-property-types"
"Add-VSDeadlineFleetCustomerManagedWorkerCapabilities","resource-property-types"
"Add-VSDeadlineFleetEc2EbsVolume","resource-property-types"
"Add-VSDeadlineFleetFleetAmountCapability","resource-property-types"
"Add-VSDeadlineFleetFleetAttributeCapability","resource-property-types"
"Add-VSDeadlineFleetFleetCapabilities","resource-property-types"
"Add-VSDeadlineFleetFleetConfiguration","resource-property-types"
"Add-VSDeadlineFleetHostConfiguration","resource-property-types"
"Add-VSDeadlineFleetMemoryMiBRange","resource-property-types"
"Add-VSDeadlineFleetServiceManagedEc2FleetConfiguration","resource-property-types"
"Add-VSDeadlineFleetServiceManagedEc2InstanceCapabilities","resource-property-types"
"Add-VSDeadlineFleetServiceManagedEc2InstanceMarketOptions","resource-property-types"
"Add-VSDeadlineFleetVCpuCountRange","resource-property-types"
"Add-VSDeadlineFleetVpcConfiguration","resource-property-types"
"Add-VSDeadlineQueueJobAttachmentSettings","resource-property-types"
"Add-VSDeadlineQueueJobRunAsUser","resource-property-types"
"Add-VSDeadlineQueuePosixUser","resource-property-types"
"Add-VSDeadlineQueueWindowsUser","resource-property-types"
"Add-VSDeadlineStorageProfileFileSystemLocation","resource-property-types"
"Add-VSDeviceFarmDevicePoolRule","resource-property-types"
"Add-VSDeviceFarmProjectEnvironmentVariable","resource-property-types"
"Add-VSDeviceFarmProjectVpcConfig","resource-property-types"
"Add-VSDeviceFarmTestGridProjectVpcConfig","resource-property-types"
"Add-VSDevOpsAgentAssociationAWSConfiguration","resource-property-types"
"Add-VSDevOpsAgentAssociationAWSResource","resource-property-types"
"Add-VSDevOpsAgentAssociationDynatraceConfiguration","resource-property-types"
"Add-VSDevOpsAgentAssociationEventChannelConfiguration","resource-property-types"
"Add-VSDevOpsAgentAssociationGitHubConfiguration","resource-property-types"
"Add-VSDevOpsAgentAssociationGitLabConfiguration","resource-property-types"
"Add-VSDevOpsAgentAssociationKeyValuePair","resource-property-types"
"Add-VSDevOpsAgentAssociationMCPServerConfiguration","resource-property-types"
"Add-VSDevOpsAgentAssociationMCPServerDatadogConfiguration","resource-property-types"
"Add-VSDevOpsAgentAssociationMCPServerNewRelicConfiguration","resource-property-types"
"Add-VSDevOpsAgentAssociationMCPServerSplunkConfiguration","resource-property-types"
"Add-VSDevOpsAgentAssociationServiceConfiguration","resource-property-types"
"Add-VSDevOpsAgentAssociationServiceNowConfiguration","resource-property-types"
"Add-VSDevOpsAgentAssociationSlackChannel","resource-property-types"
"Add-VSDevOpsAgentAssociationSlackConfiguration","resource-property-types"
"Add-VSDevOpsAgentAssociationSlackTransmissionTarget","resource-property-types"
"Add-VSDevOpsAgentAssociationSourceAwsConfiguration","resource-property-types"
"Add-VSDevOpsGuruNotificationChannelNotificationChannelConfig","resource-property-types"
"Add-VSDevOpsGuruNotificationChannelNotificationFilterConfig","resource-property-types"
"Add-VSDevOpsGuruNotificationChannelSnsChannelConfig","resource-property-types"
"Add-VSDevOpsGuruResourceCollectionCloudFormationCollectionFilter","resource-property-types"
"Add-VSDevOpsGuruResourceCollectionResourceCollectionFilter","resource-property-types"
"Add-VSDevOpsGuruResourceCollectionTagCollection","resource-property-types"
"Add-VSDirectoryServiceMicrosoftADVpcSettings","resource-property-types"
"Add-VSDirectoryServiceSimpleADVpcSettings","resource-property-types"
"Add-VSDLMLifecyclePolicyAction","resource-property-types"
"Add-VSDLMLifecyclePolicyArchiveRetainRule","resource-property-types"
"Add-VSDLMLifecyclePolicyArchiveRule","resource-property-types"
"Add-VSDLMLifecyclePolicyCreateRule","resource-property-types"
"Add-VSDLMLifecyclePolicyCrossRegionCopyAction","resource-property-types"
"Add-VSDLMLifecyclePolicyCrossRegionCopyDeprecateRule","resource-property-types"
"Add-VSDLMLifecyclePolicyCrossRegionCopyRetainRule","resource-property-types"
"Add-VSDLMLifecyclePolicyCrossRegionCopyRule","resource-property-types"
"Add-VSDLMLifecyclePolicyCrossRegionCopyTarget","resource-property-types"
"Add-VSDLMLifecyclePolicyCrossRegionCopyTargets","resource-property-types"
"Add-VSDLMLifecyclePolicyDeprecateRule","resource-property-types"
"Add-VSDLMLifecyclePolicyEncryptionConfiguration","resource-property-types"
"Add-VSDLMLifecyclePolicyEventParameters","resource-property-types"
"Add-VSDLMLifecyclePolicyEventSource","resource-property-types"
"Add-VSDLMLifecyclePolicyExcludeTags","resource-property-types"
"Add-VSDLMLifecyclePolicyExcludeVolumeTypesList","resource-property-types"
"Add-VSDLMLifecyclePolicyExclusions","resource-property-types"
"Add-VSDLMLifecyclePolicyFastRestoreRule","resource-property-types"
"Add-VSDLMLifecyclePolicyParameters","resource-property-types"
"Add-VSDLMLifecyclePolicyPolicyDetails","resource-property-types"
"Add-VSDLMLifecyclePolicyRetainRule","resource-property-types"
"Add-VSDLMLifecyclePolicyRetentionArchiveTier","resource-property-types"
"Add-VSDLMLifecyclePolicySchedule","resource-property-types"
"Add-VSDLMLifecyclePolicyScript","resource-property-types"
"Add-VSDLMLifecyclePolicyShareRule","resource-property-types"
"Add-VSDLMLifecyclePolicyVolumeTypeValues","resource-property-types"
"Add-VSDMSDataMigrationDataMigrationSettings","resource-property-types"
"Add-VSDMSDataMigrationSourceDataSettings","resource-property-types"
"Add-VSDMSDataProviderDocDbSettings","resource-property-types"
"Add-VSDMSDataProviderIbmDb2LuwSettings","resource-property-types"
"Add-VSDMSDataProviderIbmDb2zOsSettings","resource-property-types"
"Add-VSDMSDataProviderMariaDbSettings","resource-property-types"
"Add-VSDMSDataProviderMicrosoftSqlServerSettings","resource-property-types"
"Add-VSDMSDataProviderMongoDbSettings","resource-property-types"
"Add-VSDMSDataProviderMySqlSettings","resource-property-types"
"Add-VSDMSDataProviderOracleSettings","resource-property-types"
"Add-VSDMSDataProviderPostgreSqlSettings","resource-property-types"
"Add-VSDMSDataProviderRedshiftSettings","resource-property-types"
"Add-VSDMSDataProviderSettings","resource-property-types"
"Add-VSDMSDataProviderSybaseAseSettings","resource-property-types"
"Add-VSDMSEndpointDocDbSettings","resource-property-types"
"Add-VSDMSEndpointDynamoDbSettings","resource-property-types"
"Add-VSDMSEndpointElasticsearchSettings","resource-property-types"
"Add-VSDMSEndpointGcpMySQLSettings","resource-property-types"
"Add-VSDMSEndpointIbmDb2Settings","resource-property-types"
"Add-VSDMSEndpointKafkaSettings","resource-property-types"
"Add-VSDMSEndpointKinesisSettings","resource-property-types"
"Add-VSDMSEndpointMicrosoftSqlServerSettings","resource-property-types"
"Add-VSDMSEndpointMongoDbSettings","resource-property-types"
"Add-VSDMSEndpointMySqlSettings","resource-property-types"
"Add-VSDMSEndpointNeptuneSettings","resource-property-types"
"Add-VSDMSEndpointOracleSettings","resource-property-types"
"Add-VSDMSEndpointPostgreSqlSettings","resource-property-types"
"Add-VSDMSEndpointRedisSettings","resource-property-types"
"Add-VSDMSEndpointRedshiftSettings","resource-property-types"
"Add-VSDMSEndpointS3Settings","resource-property-types"
"Add-VSDMSEndpointSybaseSettings","resource-property-types"
"Add-VSDMSMigrationProjectDataProviderDescriptor","resource-property-types"
"Add-VSDMSMigrationProjectSchemaConversionApplicationAttributes","resource-property-types"
"Add-VSDMSReplicationConfigComputeConfig","resource-property-types"
"Add-VSDocDBDBClusterServerlessV2ScalingConfiguration","resource-property-types"
"Add-VSDSQLClusterEncryptionDetails","resource-property-types"
"Add-VSDSQLClusterMultiRegionProperties","resource-property-types"
"Add-VSDynamoDBGlobalTableAttributeDefinition","resource-property-types"
"Add-VSDynamoDBGlobalTableCapacityAutoScalingSettings","resource-property-types"
"Add-VSDynamoDBGlobalTableContributorInsightsSpecification","resource-property-types"
"Add-VSDynamoDBGlobalTableGlobalSecondaryIndex","resource-property-types"
"Add-VSDynamoDBGlobalTableGlobalTableWitness","resource-property-types"
"Add-VSDynamoDBGlobalTableKeySchema","resource-property-types"
"Add-VSDynamoDBGlobalTableKinesisStreamSpecification","resource-property-types"
"Add-VSDynamoDBGlobalTableLocalSecondaryIndex","resource-property-types"
"Add-VSDynamoDBGlobalTablePointInTimeRecoverySpecification","resource-property-types"
"Add-VSDynamoDBGlobalTableProjection","resource-property-types"
"Add-VSDynamoDBGlobalTableReadOnDemandThroughputSettings","resource-property-types"
"Add-VSDynamoDBGlobalTableReadProvisionedThroughputSettings","resource-property-types"
"Add-VSDynamoDBGlobalTableReplicaGlobalSecondaryIndexSpecification","resource-property-types"
"Add-VSDynamoDBGlobalTableReplicaSpecification","resource-property-types"
"Add-VSDynamoDBGlobalTableReplicaSSESpecification","resource-property-types"
"Add-VSDynamoDBGlobalTableReplicaStreamSpecification","resource-property-types"
"Add-VSDynamoDBGlobalTableResourcePolicy","resource-property-types"
"Add-VSDynamoDBGlobalTableSSESpecification","resource-property-types"
"Add-VSDynamoDBGlobalTableStreamSpecification","resource-property-types"
"Add-VSDynamoDBGlobalTableTargetTrackingScalingPolicyConfiguration","resource-property-types"
"Add-VSDynamoDBGlobalTableTimeToLiveSpecification","resource-property-types"
"Add-VSDynamoDBGlobalTableWarmThroughput","resource-property-types"
"Add-VSDynamoDBGlobalTableWriteOnDemandThroughputSettings","resource-property-types"
"Add-VSDynamoDBGlobalTableWriteProvisionedThroughputSettings","resource-property-types"
"Add-VSDynamoDBTableAttributeDefinition","resource-property-types"
"Add-VSDynamoDBTableContributorInsightsSpecification","resource-property-types"
"Add-VSDynamoDBTableCsv","resource-property-types"
"Add-VSDynamoDBTableGlobalSecondaryIndex","resource-property-types"
"Add-VSDynamoDBTableImportSourceSpecification","resource-property-types"
"Add-VSDynamoDBTableInputFormatOptions","resource-property-types"
"Add-VSDynamoDBTableKeySchema","resource-property-types"
"Add-VSDynamoDBTableKinesisStreamSpecification","resource-property-types"
"Add-VSDynamoDBTableLocalSecondaryIndex","resource-property-types"
"Add-VSDynamoDBTableOnDemandThroughput","resource-property-types"
"Add-VSDynamoDBTablePointInTimeRecoverySpecification","resource-property-types"
"Add-VSDynamoDBTableProjection","resource-property-types"
"Add-VSDynamoDBTableProvisionedThroughput","resource-property-types"
"Add-VSDynamoDBTableResourcePolicy","resource-property-types"
"Add-VSDynamoDBTableS3BucketSource","resource-property-types"
"Add-VSDynamoDBTableSSESpecification","resource-property-types"
"Add-VSDynamoDBTableStreamSpecification","resource-property-types"
"Add-VSDynamoDBTableTimeToLiveSpecification","resource-property-types"
"Add-VSDynamoDBTableWarmThroughput","resource-property-types"
"Add-VSEC2CapacityReservationCapacityAllocation","resource-property-types"
"Add-VSEC2CapacityReservationCommitmentInfo","resource-property-types"
"Add-VSEC2CapacityReservationFleetInstanceTypeSpecification","resource-property-types"
"Add-VSEC2CapacityReservationFleetTagSpecification","resource-property-types"
"Add-VSEC2CapacityReservationTagSpecification","resource-property-types"
"Add-VSEC2ClientVpnEndpointCertificateAuthenticationRequest","resource-property-types"
"Add-VSEC2ClientVpnEndpointClientAuthenticationRequest","resource-property-types"
"Add-VSEC2ClientVpnEndpointClientConnectOptions","resource-property-types"
"Add-VSEC2ClientVpnEndpointClientLoginBannerOptions","resource-property-types"
"Add-VSEC2ClientVpnEndpointClientRouteEnforcementOptions","resource-property-types"
"Add-VSEC2ClientVpnEndpointConnectionLogOptions","resource-property-types"
"Add-VSEC2ClientVpnEndpointDirectoryServiceAuthenticationRequest","resource-property-types"
"Add-VSEC2ClientVpnEndpointFederatedAuthenticationRequest","resource-property-types"
"Add-VSEC2ClientVpnEndpointTagSpecification","resource-property-types"
"Add-VSEC2EC2FleetAcceleratorCountRequest","resource-property-types"
"Add-VSEC2EC2FleetAcceleratorTotalMemoryMiBRequest","resource-property-types"
"Add-VSEC2EC2FleetBaselineEbsBandwidthMbpsRequest","resource-property-types"
"Add-VSEC2EC2FleetBaselinePerformanceFactorsRequest","resource-property-types"
"Add-VSEC2EC2FleetBlockDeviceMapping","resource-property-types"
"Add-VSEC2EC2FleetCapacityRebalance","resource-property-types"
"Add-VSEC2EC2FleetCapacityReservationOptionsRequest","resource-property-types"
"Add-VSEC2EC2FleetCpuPerformanceFactorRequest","resource-property-types"
"Add-VSEC2EC2FleetEbsBlockDevice","resource-property-types"
"Add-VSEC2EC2FleetFleetLaunchTemplateConfigRequest","resource-property-types"
"Add-VSEC2EC2FleetFleetLaunchTemplateOverridesRequest","resource-property-types"
"Add-VSEC2EC2FleetFleetLaunchTemplateSpecificationRequest","resource-property-types"
"Add-VSEC2EC2FleetInstanceRequirementsRequest","resource-property-types"
"Add-VSEC2EC2FleetMaintenanceStrategies","resource-property-types"
"Add-VSEC2EC2FleetMemoryGiBPerVCpuRequest","resource-property-types"
"Add-VSEC2EC2FleetMemoryMiBRequest","resource-property-types"
"Add-VSEC2EC2FleetNetworkBandwidthGbpsRequest","resource-property-types"
"Add-VSEC2EC2FleetNetworkInterfaceCountRequest","resource-property-types"
"Add-VSEC2EC2FleetOnDemandOptionsRequest","resource-property-types"
"Add-VSEC2EC2FleetPerformanceFactorReferenceRequest","resource-property-types"
"Add-VSEC2EC2FleetPlacement","resource-property-types"
"Add-VSEC2EC2FleetSpotOptionsRequest","resource-property-types"
"Add-VSEC2EC2FleetTagSpecification","resource-property-types"
"Add-VSEC2EC2FleetTargetCapacitySpecificationRequest","resource-property-types"
"Add-VSEC2EC2FleetTotalLocalStorageGBRequest","resource-property-types"
"Add-VSEC2EC2FleetVCpuCountRangeRequest","resource-property-types"
"Add-VSEC2FlowLogDestinationOptions","resource-property-types"
"Add-VSEC2InstanceAssociationParameter","resource-property-types"
"Add-VSEC2InstanceBlockDeviceMapping","resource-property-types"
"Add-VSEC2InstanceCpuOptions","resource-property-types"
"Add-VSEC2InstanceCreditSpecification","resource-property-types"
"Add-VSEC2InstanceEbs","resource-property-types"
"Add-VSEC2InstanceElasticGpuSpecification","resource-property-types"
"Add-VSEC2InstanceElasticInferenceAccelerator","resource-property-types"
"Add-VSEC2InstanceEnaSrdSpecification","resource-property-types"
"Add-VSEC2InstanceEnaSrdUdpSpecification","resource-property-types"
"Add-VSEC2InstanceEnclaveOptions","resource-property-types"
"Add-VSEC2InstanceHibernationOptions","resource-property-types"
"Add-VSEC2InstanceInstanceIpv6Address","resource-property-types"
"Add-VSEC2InstanceLaunchTemplateSpecification","resource-property-types"
"Add-VSEC2InstanceLicenseSpecification","resource-property-types"
"Add-VSEC2InstanceMetadataOptions","resource-property-types"
"Add-VSEC2InstanceNetworkInterface","resource-property-types"
"Add-VSEC2InstancePrivateDnsNameOptions","resource-property-types"
"Add-VSEC2InstancePrivateIpAddressSpecification","resource-property-types"
"Add-VSEC2InstanceSsmAssociation","resource-property-types"
"Add-VSEC2InstanceState","resource-property-types"
"Add-VSEC2InstanceVolume","resource-property-types"
"Add-VSEC2IPAMIpamOperatingRegion","resource-property-types"
"Add-VSEC2IPAMIpamOrganizationalUnitExclusion","resource-property-types"
"Add-VSEC2IPAMPoolProvisionedCidr","resource-property-types"
"Add-VSEC2IPAMPoolSourceResource","resource-property-types"
"Add-VSEC2IPAMResourceDiscoveryIpamOperatingRegion","resource-property-types"
"Add-VSEC2IPAMResourceDiscoveryIpamResourceDiscoveryOrganizationalUnitExclusion","resource-property-types"
"Add-VSEC2IPAMScopeIpamScopeExternalAuthorityConfiguration","resource-property-types"
"Add-VSEC2LaunchTemplateAcceleratorCount","resource-property-types"
"Add-VSEC2LaunchTemplateAcceleratorTotalMemoryMiB","resource-property-types"
"Add-VSEC2LaunchTemplateBaselineEbsBandwidthMbps","resource-property-types"
"Add-VSEC2LaunchTemplateBaselinePerformanceFactors","resource-property-types"
"Add-VSEC2LaunchTemplateBlockDeviceMapping","resource-property-types"
"Add-VSEC2LaunchTemplateCapacityReservationSpecification","resource-property-types"
"Add-VSEC2LaunchTemplateCapacityReservationTarget","resource-property-types"
"Add-VSEC2LaunchTemplateConnectionTrackingSpecification","resource-property-types"
"Add-VSEC2LaunchTemplateCpu","resource-property-types"
"Add-VSEC2LaunchTemplateCpuOptions","resource-property-types"
"Add-VSEC2LaunchTemplateCreditSpecification","resource-property-types"
"Add-VSEC2LaunchTemplateEbs","resource-property-types"
"Add-VSEC2LaunchTemplateEnaSrdSpecification","resource-property-types"
"Add-VSEC2LaunchTemplateEnaSrdUdpSpecification","resource-property-types"
"Add-VSEC2LaunchTemplateEnclaveOptions","resource-property-types"
"Add-VSEC2LaunchTemplateHibernationOptions","resource-property-types"
"Add-VSEC2LaunchTemplateIamInstanceProfile","resource-property-types"
"Add-VSEC2LaunchTemplateInstanceMarketOptions","resource-property-types"
"Add-VSEC2LaunchTemplateInstanceRequirements","resource-property-types"
"Add-VSEC2LaunchTemplateIpv4PrefixSpecification","resource-property-types"
"Add-VSEC2LaunchTemplateIpv6Add","resource-property-types"
"Add-VSEC2LaunchTemplateIpv6PrefixSpecification","resource-property-types"
"Add-VSEC2LaunchTemplateLaunchTemplateData","resource-property-types"
"Add-VSEC2LaunchTemplateLaunchTemplateTagSpecification","resource-property-types"
"Add-VSEC2LaunchTemplateLicenseSpecification","resource-property-types"
"Add-VSEC2LaunchTemplateMaintenanceOptions","resource-property-types"
"Add-VSEC2LaunchTemplateMemoryGiBPerVCpu","resource-property-types"
"Add-VSEC2LaunchTemplateMemoryMiB","resource-property-types"
"Add-VSEC2LaunchTemplateMetadataOptions","resource-property-types"
"Add-VSEC2LaunchTemplateMonitoring","resource-property-types"
"Add-VSEC2LaunchTemplateNetworkBandwidthGbps","resource-property-types"
"Add-VSEC2LaunchTemplateNetworkInterface","resource-property-types"
"Add-VSEC2LaunchTemplateNetworkInterfaceCount","resource-property-types"
"Add-VSEC2LaunchTemplateNetworkPerformanceOptions","resource-property-types"
"Add-VSEC2LaunchTemplatePlacement","resource-property-types"
"Add-VSEC2LaunchTemplatePrivateDnsNameOptions","resource-property-types"
"Add-VSEC2LaunchTemplatePrivateIpAdd","resource-property-types"
"Add-VSEC2LaunchTemplateReference","resource-property-types"
"Add-VSEC2LaunchTemplateSpotOptions","resource-property-types"
"Add-VSEC2LaunchTemplateTagSpecification","resource-property-types"
"Add-VSEC2LaunchTemplateTotalLocalStorageGB","resource-property-types"
"Add-VSEC2LaunchTemplateVCpuCount","resource-property-types"
"Add-VSEC2NatGatewayAvailabilityZoneAddress","resource-property-types"
"Add-VSEC2NetworkAclEntryIcmp","resource-property-types"
"Add-VSEC2NetworkAclEntryPortRange","resource-property-types"
"Add-VSEC2NetworkInsightsAccessScopeAccessScopePathRequest","resource-property-types"
"Add-VSEC2NetworkInsightsAccessScopePacketHeaderStatementRequest","resource-property-types"
"Add-VSEC2NetworkInsightsAccessScopePathStatementRequest","resource-property-types"
"Add-VSEC2NetworkInsightsAccessScopeResourceStatementRequest","resource-property-types"
"Add-VSEC2NetworkInsightsAccessScopeThroughResourcesStatementRequest","resource-property-types"
"Add-VSEC2NetworkInsightsAnalysisAdditionalDetail","resource-property-types"
"Add-VSEC2NetworkInsightsAnalysisAlternatePathHint","resource-property-types"
"Add-VSEC2NetworkInsightsAnalysisAnalysisAclRule","resource-property-types"
"Add-VSEC2NetworkInsightsAnalysisAnalysisComponent","resource-property-types"
"Add-VSEC2NetworkInsightsAnalysisAnalysisLoadBalancerListener","resource-property-types"
"Add-VSEC2NetworkInsightsAnalysisAnalysisLoadBalancerTarget","resource-property-types"
"Add-VSEC2NetworkInsightsAnalysisAnalysisPacketHeader","resource-property-types"
"Add-VSEC2NetworkInsightsAnalysisAnalysisRouteTableRoute","resource-property-types"
"Add-VSEC2NetworkInsightsAnalysisAnalysisSecurityGroupRule","resource-property-types"
"Add-VSEC2NetworkInsightsAnalysisExplanation","resource-property-types"
"Add-VSEC2NetworkInsightsAnalysisPathComponent","resource-property-types"
"Add-VSEC2NetworkInsightsAnalysisPortRange","resource-property-types"
"Add-VSEC2NetworkInsightsAnalysisTransitGatewayRouteTableRoute","resource-property-types"
"Add-VSEC2NetworkInsightsPathFilterPortRange","resource-property-types"
"Add-VSEC2NetworkInsightsPathPathFilter","resource-property-types"
"Add-VSEC2NetworkInterfaceAttachmentEnaSrdSpecification","resource-property-types"
"Add-VSEC2NetworkInterfaceAttachmentEnaSrdUdpSpecification","resource-property-types"
"Add-VSEC2NetworkInterfaceConnectionTrackingSpecification","resource-property-types"
"Add-VSEC2NetworkInterfaceInstanceIpv6Address","resource-property-types"
"Add-VSEC2NetworkInterfaceIpv4PrefixSpecification","resource-property-types"
"Add-VSEC2NetworkInterfaceIpv6PrefixSpecification","resource-property-types"
"Add-VSEC2NetworkInterfacePrivateIpAddressSpecification","resource-property-types"
"Add-VSEC2NetworkInterfacePublicIpDnsNameOptions","resource-property-types"
"Add-VSEC2PrefixListEntry","resource-property-types"
"Add-VSEC2RouteServerPeerBgpOptions","resource-property-types"
"Add-VSEC2SecurityGroupEgress","resource-property-types"
"Add-VSEC2SecurityGroupIngress","resource-property-types"
"Add-VSEC2SpotFleetAcceleratorCountRequest","resource-property-types"
"Add-VSEC2SpotFleetAcceleratorTotalMemoryMiBRequest","resource-property-types"
"Add-VSEC2SpotFleetBaselineEbsBandwidthMbpsRequest","resource-property-types"
"Add-VSEC2SpotFleetBaselinePerformanceFactorsRequest","resource-property-types"
"Add-VSEC2SpotFleetBlockDeviceMapping","resource-property-types"
"Add-VSEC2SpotFleetClassicLoadBalancer","resource-property-types"
"Add-VSEC2SpotFleetClassicLoadBalancersConfig","resource-property-types"
"Add-VSEC2SpotFleetCpuPerformanceFactorRequest","resource-property-types"
"Add-VSEC2SpotFleetEbsBlockDevice","resource-property-types"
"Add-VSEC2SpotFleetFleetLaunchTemplateSpecification","resource-property-types"
"Add-VSEC2SpotFleetGroupIdentifier","resource-property-types"
"Add-VSEC2SpotFleetIamInstanceProfileSpecification","resource-property-types"
"Add-VSEC2SpotFleetInstanceIpv6Address","resource-property-types"
"Add-VSEC2SpotFleetInstanceNetworkInterfaceSpecification","resource-property-types"
"Add-VSEC2SpotFleetInstanceRequirementsRequest","resource-property-types"
"Add-VSEC2SpotFleetLaunchTemplateConfig","resource-property-types"
"Add-VSEC2SpotFleetLaunchTemplateOverrides","resource-property-types"
"Add-VSEC2SpotFleetLoadBalancersConfig","resource-property-types"
"Add-VSEC2SpotFleetMemoryGiBPerVCpuRequest","resource-property-types"
"Add-VSEC2SpotFleetMemoryMiBRequest","resource-property-types"
"Add-VSEC2SpotFleetNetworkBandwidthGbpsRequest","resource-property-types"
"Add-VSEC2SpotFleetNetworkInterfaceCountRequest","resource-property-types"
"Add-VSEC2SpotFleetPerformanceFactorReferenceRequest","resource-property-types"
"Add-VSEC2SpotFleetPrivateIpAddressSpecification","resource-property-types"
"Add-VSEC2SpotFleetSpotCapacityRebalance","resource-property-types"
"Add-VSEC2SpotFleetSpotFleetLaunchSpecification","resource-property-types"
"Add-VSEC2SpotFleetSpotFleetMonitoring","resource-property-types"
"Add-VSEC2SpotFleetSpotFleetRequestConfigData","resource-property-types"
"Add-VSEC2SpotFleetSpotFleetTagSpecification","resource-property-types"
"Add-VSEC2SpotFleetSpotMaintenanceStrategies","resource-property-types"
"Add-VSEC2SpotFleetSpotPlacement","resource-property-types"
"Add-VSEC2SpotFleetTargetGroup","resource-property-types"
"Add-VSEC2SpotFleetTargetGroupsConfig","resource-property-types"
"Add-VSEC2SpotFleetTotalLocalStorageGBRequest","resource-property-types"
"Add-VSEC2SpotFleetVCpuCountRangeRequest","resource-property-types"
"Add-VSEC2SubnetBlockPublicAccessStates","resource-property-types"
"Add-VSEC2SubnetPrivateDnsNameOptionsOnLaunch","resource-property-types"
"Add-VSEC2TrafficMirrorFilterRuleTrafficMirrorPortRange","resource-property-types"
"Add-VSEC2TransitGatewayAttachmentOptions","resource-property-types"
"Add-VSEC2TransitGatewayConnectPeerTransitGatewayAttachmentBgpConfiguration","resource-property-types"
"Add-VSEC2TransitGatewayConnectPeerTransitGatewayConnectPeerConfiguration","resource-property-types"
"Add-VSEC2TransitGatewayConnectTransitGatewayConnectOptions","resource-property-types"
"Add-VSEC2TransitGatewayMulticastDomainOptions","resource-property-types"
"Add-VSEC2TransitGatewayPeeringAttachmentPeeringAttachmentStatus","resource-property-types"
"Add-VSEC2TransitGatewayVpcAttachmentOptions","resource-property-types"
"Add-VSEC2VerifiedAccessEndpointCidrOptions","resource-property-types"
"Add-VSEC2VerifiedAccessEndpointLoadBalancerOptions","resource-property-types"
"Add-VSEC2VerifiedAccessEndpointNetworkInterfaceOptions","resource-property-types"
"Add-VSEC2VerifiedAccessEndpointPortRange","resource-property-types"
"Add-VSEC2VerifiedAccessEndpointRdsOptions","resource-property-types"
"Add-VSEC2VerifiedAccessEndpointSseSpecification","resource-property-types"
"Add-VSEC2VerifiedAccessGroupSseSpecification","resource-property-types"
"Add-VSEC2VerifiedAccessInstanceCloudWatchLogs","resource-property-types"
"Add-VSEC2VerifiedAccessInstanceKinesisDataFirehose","resource-property-types"
"Add-VSEC2VerifiedAccessInstanceS3","resource-property-types"
"Add-VSEC2VerifiedAccessInstanceVerifiedAccessLogs","resource-property-types"
"Add-VSEC2VerifiedAccessInstanceVerifiedAccessTrustProvider","resource-property-types"
"Add-VSEC2VerifiedAccessTrustProviderDeviceOptions","resource-property-types"
"Add-VSEC2VerifiedAccessTrustProviderNativeApplicationOidcOptions","resource-property-types"
"Add-VSEC2VerifiedAccessTrustProviderOidcOptions","resource-property-types"
"Add-VSEC2VerifiedAccessTrustProviderSseSpecification","resource-property-types"
"Add-VSEC2VPCEncryptionControlResourceExclusions","resource-property-types"
"Add-VSEC2VPCEncryptionControlVpcEncryptionControlExclusion","resource-property-types"
"Add-VSEC2VPCEndpointDnsOptionsSpecification","resource-property-types"
"Add-VSEC2VPNConnectionCloudwatchLogOptionsSpecification","resource-property-types"
"Add-VSEC2VPNConnectionIKEVersionsRequestListValue","resource-property-types"
"Add-VSEC2VPNConnectionPhase1DHGroupNumbersRequestListValue","resource-property-types"
"Add-VSEC2VPNConnectionPhase1EncryptionAlgorithmsRequestListValue","resource-property-types"
"Add-VSEC2VPNConnectionPhase1IntegrityAlgorithmsRequestListValue","resource-property-types"
"Add-VSEC2VPNConnectionPhase2DHGroupNumbersRequestListValue","resource-property-types"
"Add-VSEC2VPNConnectionPhase2EncryptionAlgorithmsRequestListValue","resource-property-types"
"Add-VSEC2VPNConnectionPhase2IntegrityAlgorithmsRequestListValue","resource-property-types"
"Add-VSEC2VPNConnectionVpnTunnelLogOptionsSpecification","resource-property-types"
"Add-VSEC2VPNConnectionVpnTunnelOptionsSpecification","resource-property-types"
"Add-VSECRPublicRepositoryRepositoryCatalogData","resource-property-types"
"Add-VSECRRegistryScanningConfigurationRepositoryFilter","resource-property-types"
"Add-VSECRRegistryScanningConfigurationScanningRule","resource-property-types"
"Add-VSECRReplicationConfigurationReplicationConfiguration","resource-property-types"
"Add-VSECRReplicationConfigurationReplicationDestination","resource-property-types"
"Add-VSECRReplicationConfigurationReplicationRule","resource-property-types"
"Add-VSECRReplicationConfigurationRepositoryFilter","resource-property-types"
"Add-VSECRRepositoryCreationTemplateEncryptionConfiguration","resource-property-types"
"Add-VSECRRepositoryCreationTemplateImageTagMutabilityExclusionFilter","resource-property-types"
"Add-VSECRRepositoryEncryptionConfiguration","resource-property-types"
"Add-VSECRRepositoryImageScanningConfiguration","resource-property-types"
"Add-VSECRRepositoryImageTagMutabilityExclusionFilter","resource-property-types"
"Add-VSECRRepositoryLifecyclePolicy","resource-property-types"
"Add-VSECRSigningConfigurationRepositoryFilter","resource-property-types"
"Add-VSECRSigningConfigurationRule","resource-property-types"
"Add-VSECSCapacityProviderAcceleratorCountRequest","resource-property-types"
"Add-VSECSCapacityProviderAcceleratorTotalMemoryMiBRequest","resource-property-types"
"Add-VSECSCapacityProviderAutoScalingGroupProvider","resource-property-types"
"Add-VSECSCapacityProviderBaselineEbsBandwidthMbpsRequest","resource-property-types"
"Add-VSECSCapacityProviderInfrastructureOptimization","resource-property-types"
"Add-VSECSCapacityProviderInstanceLaunchTemplate","resource-property-types"
"Add-VSECSCapacityProviderInstanceRequirementsRequest","resource-property-types"
"Add-VSECSCapacityProviderManagedInstancesNetworkConfiguration","resource-property-types"
"Add-VSECSCapacityProviderManagedInstancesProvider","resource-property-types"
"Add-VSECSCapacityProviderManagedInstancesStorageConfiguration","resource-property-types"
"Add-VSECSCapacityProviderManagedScaling","resource-property-types"
"Add-VSECSCapacityProviderMemoryGiBPerVCpuRequest","resource-property-types"
"Add-VSECSCapacityProviderMemoryMiBRequest","resource-property-types"
"Add-VSECSCapacityProviderNetworkBandwidthGbpsRequest","resource-property-types"
"Add-VSECSCapacityProviderNetworkInterfaceCountRequest","resource-property-types"
"Add-VSECSCapacityProviderTotalLocalStorageGBRequest","resource-property-types"
"Add-VSECSCapacityProviderVCpuCountRangeRequest","resource-property-types"
"Add-VSECSClusterCapacityProviderAssociationsCapacityProviderStrategy","resource-property-types"
"Add-VSECSClusterCapacityProviderStrategyItem","resource-property-types"
"Add-VSECSClusterClusterConfiguration","resource-property-types"
"Add-VSECSClusterClusterSettings","resource-property-types"
"Add-VSECSClusterExecuteCommandConfiguration","resource-property-types"
"Add-VSECSClusterExecuteCommandLogConfiguration","resource-property-types"
"Add-VSECSClusterManagedStorageConfiguration","resource-property-types"
"Add-VSECSClusterServiceConnectDefaults","resource-property-types"
"Add-VSECSExpressGatewayServiceAutoScalingArns","resource-property-types"
"Add-VSECSExpressGatewayServiceECSManagedResourceArns","resource-property-types"
"Add-VSECSExpressGatewayServiceExpressGatewayContainer","resource-property-types"
"Add-VSECSExpressGatewayServiceExpressGatewayRepositoryCredentials","resource-property-types"
"Add-VSECSExpressGatewayServiceExpressGatewayScalingTarget","resource-property-types"
"Add-VSECSExpressGatewayServiceExpressGatewayServiceAwsLogsConfiguration","resource-property-types"
"Add-VSECSExpressGatewayServiceExpressGatewayServiceConfiguration","resource-property-types"
"Add-VSECSExpressGatewayServiceExpressGatewayServiceNetworkConfiguration","resource-property-types"
"Add-VSECSExpressGatewayServiceExpressGatewayServiceStatus","resource-property-types"
"Add-VSECSExpressGatewayServiceIngressPathArns","resource-property-types"
"Add-VSECSExpressGatewayServiceIngressPathSummary","resource-property-types"
"Add-VSECSExpressGatewayServiceKeyValuePair","resource-property-types"
"Add-VSECSExpressGatewayServiceSecret","resource-property-types"
"Add-VSECSServiceAdvancedConfiguration","resource-property-types"
"Add-VSECSServiceAwsVpcConfiguration","resource-property-types"
"Add-VSECSServiceCanaryConfiguration","resource-property-types"
"Add-VSECSServiceCapacityProviderStrategyItem","resource-property-types"
"Add-VSECSServiceDeploymentAlarms","resource-property-types"
"Add-VSECSServiceDeploymentCircuitBreaker","resource-property-types"
"Add-VSECSServiceDeploymentConfiguration","resource-property-types"
"Add-VSECSServiceDeploymentController","resource-property-types"
"Add-VSECSServiceDeploymentLifecycleHook","resource-property-types"
"Add-VSECSServiceEBSTagSpecification","resource-property-types"
"Add-VSECSServiceForceNewDeployment","resource-property-types"
"Add-VSECSServiceLinearConfiguration","resource-property-types"
"Add-VSECSServiceLoadBalancer","resource-property-types"
"Add-VSECSServiceLogConfiguration","resource-property-types"
"Add-VSECSServiceNetworkConfiguration","resource-property-types"
"Add-VSECSServicePlacementConstraint","resource-property-types"
"Add-VSECSServicePlacementStrategy","resource-property-types"
"Add-VSECSServiceSecret","resource-property-types"
"Add-VSECSServiceServiceConnectAccessLogConfiguration","resource-property-types"
"Add-VSECSServiceServiceConnectClientAlias","resource-property-types"
"Add-VSECSServiceServiceConnectConfiguration","resource-property-types"
"Add-VSECSServiceServiceConnectService","resource-property-types"
"Add-VSECSServiceServiceConnectTestTrafficRules","resource-property-types"
"Add-VSECSServiceServiceConnectTestTrafficRulesHeader","resource-property-types"
"Add-VSECSServiceServiceConnectTestTrafficRulesHeaderValue","resource-property-types"
"Add-VSECSServiceServiceConnectTlsCertificateAuthority","resource-property-types"
"Add-VSECSServiceServiceConnectTlsConfiguration","resource-property-types"
"Add-VSECSServiceServiceManagedEBSVolumeConfiguration","resource-property-types"
"Add-VSECSServiceServiceRegistry","resource-property-types"
"Add-VSECSServiceServiceVolumeConfiguration","resource-property-types"
"Add-VSECSServiceTimeoutConfiguration","resource-property-types"
"Add-VSECSServiceVpcLatticeConfiguration","resource-property-types"
"Add-VSECSTaskDefinitionAuthorizationConfig","resource-property-types"
"Add-VSECSTaskDefinitionContainerDefinition","resource-property-types"
"Add-VSECSTaskDefinitionContainerDependency","resource-property-types"
"Add-VSECSTaskDefinitionDevice","resource-property-types"
"Add-VSECSTaskDefinitionDockerVolumeConfiguration","resource-property-types"
"Add-VSECSTaskDefinitionEFSVolumeConfiguration","resource-property-types"
"Add-VSECSTaskDefinitionEnvironmentFile","resource-property-types"
"Add-VSECSTaskDefinitionEphemeralStorage","resource-property-types"
"Add-VSECSTaskDefinitionFirelensConfiguration","resource-property-types"
"Add-VSECSTaskDefinitionFSxAuthorizationConfig","resource-property-types"
"Add-VSECSTaskDefinitionFSxWindowsFileServerVolumeConfiguration","resource-property-types"
"Add-VSECSTaskDefinitionHealthCheck","resource-property-types"
"Add-VSECSTaskDefinitionHostEntry","resource-property-types"
"Add-VSECSTaskDefinitionHostVolumeProperties","resource-property-types"
"Add-VSECSTaskDefinitionKernelCapabilities","resource-property-types"
"Add-VSECSTaskDefinitionKeyValuePair","resource-property-types"
"Add-VSECSTaskDefinitionLinuxParameters","resource-property-types"
"Add-VSECSTaskDefinitionLogConfiguration","resource-property-types"
"Add-VSECSTaskDefinitionMountPoint","resource-property-types"
"Add-VSECSTaskDefinitionPortMapping","resource-property-types"
"Add-VSECSTaskDefinitionProxyConfiguration","resource-property-types"
"Add-VSECSTaskDefinitionRepositoryCredentials","resource-property-types"
"Add-VSECSTaskDefinitionResourceRequirement","resource-property-types"
"Add-VSECSTaskDefinitionRestartPolicy","resource-property-types"
"Add-VSECSTaskDefinitionRuntimePlatform","resource-property-types"
"Add-VSECSTaskDefinitionSecret","resource-property-types"
"Add-VSECSTaskDefinitionSystemControl","resource-property-types"
"Add-VSECSTaskDefinitionTaskDefinitionPlacementConstraint","resource-property-types"
"Add-VSECSTaskDefinitionTmpfs","resource-property-types"
"Add-VSECSTaskDefinitionUlimit","resource-property-types"
"Add-VSECSTaskDefinitionVolume","resource-property-types"
"Add-VSECSTaskDefinitionVolumeFrom","resource-property-types"
"Add-VSECSTaskSetAwsVpcConfiguration","resource-property-types"
"Add-VSECSTaskSetCapacityProviderStrategyItem","resource-property-types"
"Add-VSECSTaskSetLoadBalancer","resource-property-types"
"Add-VSECSTaskSetNetworkConfiguration","resource-property-types"
"Add-VSECSTaskSetScale","resource-property-types"
"Add-VSECSTaskSetServiceRegistry","resource-property-types"
"Add-VSEFSAccessPointAccessPointTag","resource-property-types"
"Add-VSEFSAccessPointCreationInfo","resource-property-types"
"Add-VSEFSAccessPointPosixUser","resource-property-types"
"Add-VSEFSAccessPointRootDirectory","resource-property-types"
"Add-VSEFSFileSystemBackupPolicy","resource-property-types"
"Add-VSEFSFileSystemElasticFileSystemTag","resource-property-types"
"Add-VSEFSFileSystemFileSystemProtection","resource-property-types"
"Add-VSEFSFileSystemLifecyclePolicy","resource-property-types"
"Add-VSEFSFileSystemReplicationConfiguration","resource-property-types"
"Add-VSEFSFileSystemReplicationDestination","resource-property-types"
"Add-VSEKSAccessEntryAccessPolicy","resource-property-types"
"Add-VSEKSAccessEntryAccessScope","resource-property-types"
"Add-VSEKSAddonNamespaceConfig","resource-property-types"
"Add-VSEKSAddonPodIdentityAssociation","resource-property-types"
"Add-VSEKSCapabilityArgoCd","resource-property-types"
"Add-VSEKSCapabilityArgoCdRoleMapping","resource-property-types"
"Add-VSEKSCapabilityAwsIdc","resource-property-types"
"Add-VSEKSCapabilityCapabilityConfiguration","resource-property-types"
"Add-VSEKSCapabilityNetworkAccess","resource-property-types"
"Add-VSEKSCapabilitySsoIdentity","resource-property-types"
"Add-VSEKSClusterAccessConfig","resource-property-types"
"Add-VSEKSClusterBlockStorage","resource-property-types"
"Add-VSEKSClusterClusterLogging","resource-property-types"
"Add-VSEKSClusterComputeConfig","resource-property-types"
"Add-VSEKSClusterControlPlanePlacement","resource-property-types"
"Add-VSEKSClusterControlPlaneScalingConfig","resource-property-types"
"Add-VSEKSClusterElasticLoadBalancing","resource-property-types"
"Add-VSEKSClusterEncryptionConfig","resource-property-types"
"Add-VSEKSClusterKubernetesNetworkConfig","resource-property-types"
"Add-VSEKSClusterLogging","resource-property-types"
"Add-VSEKSClusterLoggingTypeConfig","resource-property-types"
"Add-VSEKSClusterOutpostConfig","resource-property-types"
"Add-VSEKSClusterProvider","resource-property-types"
"Add-VSEKSClusterRemoteNetworkConfig","resource-property-types"
"Add-VSEKSClusterRemoteNodeNetwork","resource-property-types"
"Add-VSEKSClusterRemotePodNetwork","resource-property-types"
"Add-VSEKSClusterResourcesVpcConfig","resource-property-types"
"Add-VSEKSClusterStorageConfig","resource-property-types"
"Add-VSEKSClusterUpgradePolicy","resource-property-types"
"Add-VSEKSClusterZonalShiftConfig","resource-property-types"
"Add-VSEKSFargateProfileLabel","resource-property-types"
"Add-VSEKSFargateProfileSelector","resource-property-types"
"Add-VSEKSIdentityProviderConfigOidcIdentityProviderConfig","resource-property-types"
"Add-VSEKSIdentityProviderConfigRequiredClaim","resource-property-types"
"Add-VSEKSNodegroupLaunchTemplateSpecification","resource-property-types"
"Add-VSEKSNodegroupNodeRepairConfig","resource-property-types"
"Add-VSEKSNodegroupNodeRepairConfigOverrides","resource-property-types"
"Add-VSEKSNodegroupRemoteAccess","resource-property-types"
"Add-VSEKSNodegroupScalingConfig","resource-property-types"
"Add-VSEKSNodegroupTaint","resource-property-types"
"Add-VSEKSNodegroupUpdateConfig","resource-property-types"
"Add-VSElastiCacheCacheClusterCloudWatchLogsDestinationDetails","resource-property-types"
"Add-VSElastiCacheCacheClusterDestinationDetails","resource-property-types"
"Add-VSElastiCacheCacheClusterKinesisFirehoseDestinationDetails","resource-property-types"
"Add-VSElastiCacheCacheClusterLogDeliveryConfigurationRequest","resource-property-types"
"Add-VSElastiCacheGlobalReplicationGroupGlobalReplicationGroupMember","resource-property-types"
"Add-VSElastiCacheGlobalReplicationGroupRegionalConfiguration","resource-property-types"
"Add-VSElastiCacheGlobalReplicationGroupReshardingConfiguration","resource-property-types"
"Add-VSElastiCacheReplicationGroupCloudWatchLogsDestinationDetails","resource-property-types"
"Add-VSElastiCacheReplicationGroupDestinationDetails","resource-property-types"
"Add-VSElastiCacheReplicationGroupKinesisFirehoseDestinationDetails","resource-property-types"
"Add-VSElastiCacheReplicationGroupLogDeliveryConfigurationRequest","resource-property-types"
"Add-VSElastiCacheReplicationGroupNodeGroupConfiguration","resource-property-types"
"Add-VSElastiCacheServerlessCacheCacheUsageLimits","resource-property-types"
"Add-VSElastiCacheServerlessCacheDataStorage","resource-property-types"
"Add-VSElastiCacheServerlessCacheECPUPerSecond","resource-property-types"
"Add-VSElastiCacheServerlessCacheEndpoint","resource-property-types"
"Add-VSElastiCacheUserAuthenticationMode","resource-property-types"
"Add-VSElasticBeanstalkApplicationApplicationResourceLifecycleConfig","resource-property-types"
"Add-VSElasticBeanstalkApplicationApplicationVersionLifecycleConfig","resource-property-types"
"Add-VSElasticBeanstalkApplicationMaxAgeRule","resource-property-types"
"Add-VSElasticBeanstalkApplicationMaxCountRule","resource-property-types"
"Add-VSElasticBeanstalkApplicationVersionSourceBundle","resource-property-types"
"Add-VSElasticBeanstalkConfigurationTemplateConfigurationOptionSetting","resource-property-types"
"Add-VSElasticBeanstalkConfigurationTemplateSourceConfiguration","resource-property-types"
"Add-VSElasticBeanstalkEnvironmentOptionSetting","resource-property-types"
"Add-VSElasticBeanstalkEnvironmentTier","resource-property-types"
"Add-VSElasticLoadBalancingLoadBalancerAccessLoggingPolicy","resource-property-types"
"Add-VSElasticLoadBalancingLoadBalancerAppCookieStickinessPolicy","resource-property-types"
"Add-VSElasticLoadBalancingLoadBalancerConnectionDrainingPolicy","resource-property-types"
"Add-VSElasticLoadBalancingLoadBalancerConnectionSettings","resource-property-types"
"Add-VSElasticLoadBalancingLoadBalancerHealthCheck","resource-property-types"
"Add-VSElasticLoadBalancingLoadBalancerLBCookieStickinessPolicy","resource-property-types"
"Add-VSElasticLoadBalancingLoadBalancerListeners","resource-property-types"
"Add-VSElasticLoadBalancingLoadBalancerPolicies","resource-property-types"
"Add-VSElasticLoadBalancingV2ListenerAction","resource-property-types"
"Add-VSElasticLoadBalancingV2ListenerAuthenticateCognitoConfig","resource-property-types"
"Add-VSElasticLoadBalancingV2ListenerAuthenticateOidcConfig","resource-property-types"
"Add-VSElasticLoadBalancingV2ListenerCertificate","resource-property-types"
"Add-VSElasticLoadBalancingV2ListenerCertificateCertificate","resource-property-types"
"Add-VSElasticLoadBalancingV2ListenerFixedResponseConfig","resource-property-types"
"Add-VSElasticLoadBalancingV2ListenerForwardConfig","resource-property-types"
"Add-VSElasticLoadBalancingV2ListenerJwtValidationActionAdditionalClaim","resource-property-types"
"Add-VSElasticLoadBalancingV2ListenerJwtValidationConfig","resource-property-types"
"Add-VSElasticLoadBalancingV2ListenerListenerAttribute","resource-property-types"
"Add-VSElasticLoadBalancingV2ListenerMutualAuthentication","resource-property-types"
"Add-VSElasticLoadBalancingV2ListenerRedirectConfig","resource-property-types"
"Add-VSElasticLoadBalancingV2ListenerRuleAction","resource-property-types"
"Add-VSElasticLoadBalancingV2ListenerRuleAuthenticateCognitoConfig","resource-property-types"
"Add-VSElasticLoadBalancingV2ListenerRuleAuthenticateOidcConfig","resource-property-types"
"Add-VSElasticLoadBalancingV2ListenerRuleFixedResponseConfig","resource-property-types"
"Add-VSElasticLoadBalancingV2ListenerRuleForwardConfig","resource-property-types"
"Add-VSElasticLoadBalancingV2ListenerRuleHostHeaderConfig","resource-property-types"
"Add-VSElasticLoadBalancingV2ListenerRuleHttpHeaderConfig","resource-property-types"
"Add-VSElasticLoadBalancingV2ListenerRuleHttpRequestMethodConfig","resource-property-types"
"Add-VSElasticLoadBalancingV2ListenerRuleJwtValidationActionAdditionalClaim","resource-property-types"
"Add-VSElasticLoadBalancingV2ListenerRuleJwtValidationConfig","resource-property-types"
"Add-VSElasticLoadBalancingV2ListenerRulePathPatternConfig","resource-property-types"
"Add-VSElasticLoadBalancingV2ListenerRuleQueryStringConfig","resource-property-types"
"Add-VSElasticLoadBalancingV2ListenerRuleQueryStringKeyValue","resource-property-types"
"Add-VSElasticLoadBalancingV2ListenerRuleRedirectConfig","resource-property-types"
"Add-VSElasticLoadBalancingV2ListenerRuleRewriteConfig","resource-property-types"
"Add-VSElasticLoadBalancingV2ListenerRuleRewriteConfigObject","resource-property-types"
"Add-VSElasticLoadBalancingV2ListenerRuleRuleCondition","resource-property-types"
"Add-VSElasticLoadBalancingV2ListenerRuleSourceIpConfig","resource-property-types"
"Add-VSElasticLoadBalancingV2ListenerRuleTargetGroupStickinessConfig","resource-property-types"
"Add-VSElasticLoadBalancingV2ListenerRuleTargetGroupTuple","resource-property-types"
"Add-VSElasticLoadBalancingV2ListenerRuleTransform","resource-property-types"
"Add-VSElasticLoadBalancingV2ListenerTargetGroupStickinessConfig","resource-property-types"
"Add-VSElasticLoadBalancingV2ListenerTargetGroupTuple","resource-property-types"
"Add-VSElasticLoadBalancingV2LoadBalancerLoadBalancerAttribute","resource-property-types"
"Add-VSElasticLoadBalancingV2LoadBalancerMinimumLoadBalancerCapacity","resource-property-types"
"Add-VSElasticLoadBalancingV2LoadBalancerSubnetMapping","resource-property-types"
"Add-VSElasticLoadBalancingV2TargetGroupMatcher","resource-property-types"
"Add-VSElasticLoadBalancingV2TargetGroupTargetDescription","resource-property-types"
"Add-VSElasticLoadBalancingV2TargetGroupTargetGroupAttribute","resource-property-types"
"Add-VSElasticLoadBalancingV2TrustStoreRevocationRevocationContent","resource-property-types"
"Add-VSElasticLoadBalancingV2TrustStoreRevocationTrustStoreRevocation","resource-property-types"
"Add-VSElasticsearchDomainAdvancedSecurityOptionsInput","resource-property-types"
"Add-VSElasticsearchDomainCognitoOptions","resource-property-types"
"Add-VSElasticsearchDomainColdStorageOptions","resource-property-types"
"Add-VSElasticsearchDomainDomainEndpointOptions","resource-property-types"
"Add-VSElasticsearchDomainEBSOptions","resource-property-types"
"Add-VSElasticsearchDomainElasticsearchClusterConfig","resource-property-types"
"Add-VSElasticsearchDomainEncryptionAtRestOptions","resource-property-types"
"Add-VSElasticsearchDomainLogPublishingOption","resource-property-types"
"Add-VSElasticsearchDomainMasterUserOptions","resource-property-types"
"Add-VSElasticsearchDomainNodeToNodeEncryptionOptions","resource-property-types"
"Add-VSElasticsearchDomainSnapshotOptions","resource-property-types"
"Add-VSElasticsearchDomainVPCOptions","resource-property-types"
"Add-VSElasticsearchDomainZoneAwarenessConfig","resource-property-types"
"Add-VSEMRClusterApplication","resource-property-types"
"Add-VSEMRClusterAutoScalingPolicy","resource-property-types"
"Add-VSEMRClusterAutoTerminationPolicy","resource-property-types"
"Add-VSEMRClusterBootstrapActionConfig","resource-property-types"
"Add-VSEMRClusterCloudWatchAlarmDefinition","resource-property-types"
"Add-VSEMRClusterComputeLimits","resource-property-types"
"Add-VSEMRClusterConfiguration","resource-property-types"
"Add-VSEMRClusterEbsBlockDeviceConfig","resource-property-types"
"Add-VSEMRClusterEbsConfiguration","resource-property-types"
"Add-VSEMRClusterHadoopJarStepConfig","resource-property-types"
"Add-VSEMRClusterInstanceFleetConfig","resource-property-types"
"Add-VSEMRClusterInstanceFleetProvisioningSpecifications","resource-property-types"
"Add-VSEMRClusterInstanceFleetResizingSpecifications","resource-property-types"
"Add-VSEMRClusterInstanceGroupConfig","resource-property-types"
"Add-VSEMRClusterInstanceTypeConfig","resource-property-types"
"Add-VSEMRClusterJobFlowInstancesConfig","resource-property-types"
"Add-VSEMRClusterKerberosAttributes","resource-property-types"
"Add-VSEMRClusterKeyValue","resource-property-types"
"Add-VSEMRClusterManagedScalingPolicy","resource-property-types"
"Add-VSEMRClusterMetricDimension","resource-property-types"
"Add-VSEMRClusterOnDemandCapacityReservationOptions","resource-property-types"
"Add-VSEMRClusterOnDemandProvisioningSpecification","resource-property-types"
"Add-VSEMRClusterOnDemandResizingSpecification","resource-property-types"
"Add-VSEMRClusterPlacementGroupConfig","resource-property-types"
"Add-VSEMRClusterPlacementType","resource-property-types"
"Add-VSEMRClusterScalingAction","resource-property-types"
"Add-VSEMRClusterScalingConstraints","resource-property-types"
"Add-VSEMRClusterScalingRule","resource-property-types"
"Add-VSEMRClusterScalingTrigger","resource-property-types"
"Add-VSEMRClusterScriptBootstrapActionConfig","resource-property-types"
"Add-VSEMRClusterSimpleScalingPolicyConfiguration","resource-property-types"
"Add-VSEMRClusterSpotProvisioningSpecification","resource-property-types"
"Add-VSEMRClusterSpotResizingSpecification","resource-property-types"
"Add-VSEMRClusterStepConfig","resource-property-types"
"Add-VSEMRClusterVolumeSpecification","resource-property-types"
"Add-VSEMRContainersVirtualClusterContainerInfo","resource-property-types"
"Add-VSEMRContainersVirtualClusterContainerProvider","resource-property-types"
"Add-VSEMRContainersVirtualClusterEksInfo","resource-property-types"
"Add-VSEMRInstanceFleetConfigConfiguration","resource-property-types"
"Add-VSEMRInstanceFleetConfigEbsBlockDeviceConfig","resource-property-types"
"Add-VSEMRInstanceFleetConfigEbsConfiguration","resource-property-types"
"Add-VSEMRInstanceFleetConfigInstanceFleetProvisioningSpecifications","resource-property-types"
"Add-VSEMRInstanceFleetConfigInstanceFleetResizingSpecifications","resource-property-types"
"Add-VSEMRInstanceFleetConfigInstanceTypeConfig","resource-property-types"
"Add-VSEMRInstanceFleetConfigOnDemandCapacityReservationOptions","resource-property-types"
"Add-VSEMRInstanceFleetConfigOnDemandProvisioningSpecification","resource-property-types"
"Add-VSEMRInstanceFleetConfigOnDemandResizingSpecification","resource-property-types"
"Add-VSEMRInstanceFleetConfigSpotProvisioningSpecification","resource-property-types"
"Add-VSEMRInstanceFleetConfigSpotResizingSpecification","resource-property-types"
"Add-VSEMRInstanceFleetConfigVolumeSpecification","resource-property-types"
"Add-VSEMRInstanceGroupConfigAutoScalingPolicy","resource-property-types"
"Add-VSEMRInstanceGroupConfigCloudWatchAlarmDefinition","resource-property-types"
"Add-VSEMRInstanceGroupConfigConfiguration","resource-property-types"
"Add-VSEMRInstanceGroupConfigEbsBlockDeviceConfig","resource-property-types"
"Add-VSEMRInstanceGroupConfigEbsConfiguration","resource-property-types"
"Add-VSEMRInstanceGroupConfigMetricDimension","resource-property-types"
"Add-VSEMRInstanceGroupConfigScalingAction","resource-property-types"
"Add-VSEMRInstanceGroupConfigScalingConstraints","resource-property-types"
"Add-VSEMRInstanceGroupConfigScalingRule","resource-property-types"
"Add-VSEMRInstanceGroupConfigScalingTrigger","resource-property-types"
"Add-VSEMRInstanceGroupConfigSimpleScalingPolicyConfiguration","resource-property-types"
"Add-VSEMRInstanceGroupConfigVolumeSpecification","resource-property-types"
"Add-VSEMRServerlessApplicationAutoStartConfiguration","resource-property-types"
"Add-VSEMRServerlessApplicationAutoStopConfiguration","resource-property-types"
"Add-VSEMRServerlessApplicationCloudWatchLoggingConfiguration","resource-property-types"
"Add-VSEMRServerlessApplicationConfigurationObject","resource-property-types"
"Add-VSEMRServerlessApplicationIdentityCenterConfiguration","resource-property-types"
"Add-VSEMRServerlessApplicationImageConfigurationInput","resource-property-types"
"Add-VSEMRServerlessApplicationInitialCapacityConfig","resource-property-types"
"Add-VSEMRServerlessApplicationInitialCapacityConfigKeyValuePair","resource-property-types"
"Add-VSEMRServerlessApplicationInteractiveConfiguration","resource-property-types"
"Add-VSEMRServerlessApplicationLogTypeMapKeyValuePair","resource-property-types"
"Add-VSEMRServerlessApplicationManagedPersistenceMonitoringConfiguration","resource-property-types"
"Add-VSEMRServerlessApplicationMaximumAllowedResources","resource-property-types"
"Add-VSEMRServerlessApplicationMonitoringConfiguration","resource-property-types"
"Add-VSEMRServerlessApplicationNetworkConfiguration","resource-property-types"
"Add-VSEMRServerlessApplicationPrometheusMonitoringConfiguration","resource-property-types"
"Add-VSEMRServerlessApplicationS3MonitoringConfiguration","resource-property-types"
"Add-VSEMRServerlessApplicationSchedulerConfiguration","resource-property-types"
"Add-VSEMRServerlessApplicationWorkerConfiguration","resource-property-types"
"Add-VSEMRServerlessApplicationWorkerTypeSpecificationInput","resource-property-types"
"Add-VSEMRStepHadoopJarStepConfig","resource-property-types"
"Add-VSEMRStepKeyValue","resource-property-types"
"Add-VSEntityResolutionIdMappingWorkflowIdMappingIncrementalRunConfig","resource-property-types"
"Add-VSEntityResolutionIdMappingWorkflowIdMappingRuleBasedProperties","resource-property-types"
"Add-VSEntityResolutionIdMappingWorkflowIdMappingTechniques","resource-property-types"
"Add-VSEntityResolutionIdMappingWorkflowIdMappingWorkflowInputSource","resource-property-types"
"Add-VSEntityResolutionIdMappingWorkflowIdMappingWorkflowOutputSource","resource-property-types"
"Add-VSEntityResolutionIdMappingWorkflowIntermediateSourceConfiguration","resource-property-types"
"Add-VSEntityResolutionIdMappingWorkflowProviderProperties","resource-property-types"
"Add-VSEntityResolutionIdMappingWorkflowRule","resource-property-types"
"Add-VSEntityResolutionIdNamespaceIdNamespaceIdMappingWorkflowProperties","resource-property-types"
"Add-VSEntityResolutionIdNamespaceIdNamespaceInputSource","resource-property-types"
"Add-VSEntityResolutionIdNamespaceNamespaceProviderProperties","resource-property-types"
"Add-VSEntityResolutionIdNamespaceNamespaceRuleBasedProperties","resource-property-types"
"Add-VSEntityResolutionIdNamespaceRule","resource-property-types"
"Add-VSEntityResolutionMatchingWorkflowCustomerProfilesIntegrationConfig","resource-property-types"
"Add-VSEntityResolutionMatchingWorkflowIncrementalRunConfig","resource-property-types"
"Add-VSEntityResolutionMatchingWorkflowInputSource","resource-property-types"
"Add-VSEntityResolutionMatchingWorkflowIntermediateSourceConfiguration","resource-property-types"
"Add-VSEntityResolutionMatchingWorkflowOutputAttribute","resource-property-types"
"Add-VSEntityResolutionMatchingWorkflowOutputSource","resource-property-types"
"Add-VSEntityResolutionMatchingWorkflowProviderProperties","resource-property-types"
"Add-VSEntityResolutionMatchingWorkflowResolutionTechniques","resource-property-types"
"Add-VSEntityResolutionMatchingWorkflowRule","resource-property-types"
"Add-VSEntityResolutionMatchingWorkflowRuleBasedProperties","resource-property-types"
"Add-VSEntityResolutionMatchingWorkflowRuleCondition","resource-property-types"
"Add-VSEntityResolutionMatchingWorkflowRuleConditionProperties","resource-property-types"
"Add-VSEntityResolutionSchemaMappingSchemaInputAttribute","resource-property-types"
"Add-VSEventSchemasDiscovererTagsEntry","resource-property-types"
"Add-VSEventSchemasRegistryTagsEntry","resource-property-types"
"Add-VSEventSchemasSchemaTagsEntry","resource-property-types"
"Add-VSEventsConnectionApiKeyAuthParameters","resource-property-types"
"Add-VSEventsConnectionAuthParameters","resource-property-types"
"Add-VSEventsConnectionBasicAuthParameters","resource-property-types"
"Add-VSEventsConnectionClientParameters","resource-property-types"
"Add-VSEventsConnectionConnectionHttpParameters","resource-property-types"
"Add-VSEventsConnectionConnectivityParameters","resource-property-types"
"Add-VSEventsConnectionInvocationConnectivityParameters","resource-property-types"
"Add-VSEventsConnectionOAuthParameters","resource-property-types"
"Add-VSEventsConnectionParameter","resource-property-types"
"Add-VSEventsConnectionResourceParameters","resource-property-types"
"Add-VSEventsEndpointEndpointEventBus","resource-property-types"
"Add-VSEventsEndpointFailoverConfig","resource-property-types"
"Add-VSEventsEndpointPrimary","resource-property-types"
"Add-VSEventsEndpointReplicationConfig","resource-property-types"
"Add-VSEventsEndpointRoutingConfig","resource-property-types"
"Add-VSEventsEndpointSecondary","resource-property-types"
"Add-VSEventsEventBusDeadLetterConfig","resource-property-types"
"Add-VSEventsEventBusLogConfig","resource-property-types"
"Add-VSEventsEventBusTagEntry","resource-property-types"
"Add-VSEventsRuleAppSyncParameters","resource-property-types"
"Add-VSEventsRuleAwsVpcConfiguration","resource-property-types"
"Add-VSEventsRuleBatchArrayProperties","resource-property-types"
"Add-VSEventsRuleBatchParameters","resource-property-types"
"Add-VSEventsRuleBatchRetryStrategy","resource-property-types"
"Add-VSEventsRuleCapacityProviderStrategyItem","resource-property-types"
"Add-VSEventsRuleDeadLetterConfig","resource-property-types"
"Add-VSEventsRuleEcsParameters","resource-property-types"
"Add-VSEventsRuleHttpParameters","resource-property-types"
"Add-VSEventsRuleInputTransformer","resource-property-types"
"Add-VSEventsRuleKinesisParameters","resource-property-types"
"Add-VSEventsRuleNetworkConfiguration","resource-property-types"
"Add-VSEventsRulePlacementConstraint","resource-property-types"
"Add-VSEventsRulePlacementStrategy","resource-property-types"
"Add-VSEventsRuleRedshiftDataParameters","resource-property-types"
"Add-VSEventsRuleRetryPolicy","resource-property-types"
"Add-VSEventsRuleRunCommandParameters","resource-property-types"
"Add-VSEventsRuleRunCommandTarget","resource-property-types"
"Add-VSEventsRuleSageMakerPipelineParameter","resource-property-types"
"Add-VSEventsRuleSageMakerPipelineParameters","resource-property-types"
"Add-VSEventsRuleSqsParameters","resource-property-types"
"Add-VSEventsRuleTag","resource-property-types"
"Add-VSEventsRuleTarget","resource-property-types"
"Add-VSEvidentlyExperimentMetricGoalObject","resource-property-types"
"Add-VSEvidentlyExperimentOnlineAbConfigObject","resource-property-types"
"Add-VSEvidentlyExperimentRunningStatusObject","resource-property-types"
"Add-VSEvidentlyExperimentTreatmentObject","resource-property-types"
"Add-VSEvidentlyExperimentTreatmentToWeight","resource-property-types"
"Add-VSEvidentlyFeatureEntityOverride","resource-property-types"
"Add-VSEvidentlyFeatureVariationObject","resource-property-types"
"Add-VSEvidentlyLaunchExecutionStatusObject","resource-property-types"
"Add-VSEvidentlyLaunchGroupToWeight","resource-property-types"
"Add-VSEvidentlyLaunchLaunchGroupObject","resource-property-types"
"Add-VSEvidentlyLaunchMetricDefinitionObject","resource-property-types"
"Add-VSEvidentlyLaunchSegmentOverride","resource-property-types"
"Add-VSEvidentlyLaunchStepConfig","resource-property-types"
"Add-VSEvidentlyProjectAppConfigResourceObject","resource-property-types"
"Add-VSEvidentlyProjectDataDeliveryObject","resource-property-types"
"Add-VSEvidentlyProjectS3Destination","resource-property-types"
"Add-VSEVSEnvironmentCheck","resource-property-types"
"Add-VSEVSEnvironmentConnectivityInfo","resource-property-types"
"Add-VSEVSEnvironmentHostInfoForCreate","resource-property-types"
"Add-VSEVSEnvironmentInitialVlanInfo","resource-property-types"
"Add-VSEVSEnvironmentInitialVlans","resource-property-types"
"Add-VSEVSEnvironmentLicenseInfo","resource-property-types"
"Add-VSEVSEnvironmentSecret","resource-property-types"
"Add-VSEVSEnvironmentServiceAccessSecurityGroups","resource-property-types"
"Add-VSEVSEnvironmentVcfHostnames","resource-property-types"
"Add-VSFinSpaceEnvironmentAttributeMapItems","resource-property-types"
"Add-VSFinSpaceEnvironmentFederationParameters","resource-property-types"
"Add-VSFinSpaceEnvironmentSuperuserParameters","resource-property-types"
"Add-VSFISExperimentTemplateCloudWatchDashboard","resource-property-types"
"Add-VSFISExperimentTemplateCloudWatchLogsConfiguration","resource-property-types"
"Add-VSFISExperimentTemplateDataSources","resource-property-types"
"Add-VSFISExperimentTemplateExperimentReportS3Configuration","resource-property-types"
"Add-VSFISExperimentTemplateExperimentTemplateAction","resource-property-types"
"Add-VSFISExperimentTemplateExperimentTemplateExperimentOptions","resource-property-types"
"Add-VSFISExperimentTemplateExperimentTemplateExperimentReportConfiguration","resource-property-types"
"Add-VSFISExperimentTemplateExperimentTemplateLogConfiguration","resource-property-types"
"Add-VSFISExperimentTemplateExperimentTemplateStopCondition","resource-property-types"
"Add-VSFISExperimentTemplateExperimentTemplateTarget","resource-property-types"
"Add-VSFISExperimentTemplateExperimentTemplateTargetFilter","resource-property-types"
"Add-VSFISExperimentTemplateOutputs","resource-property-types"
"Add-VSFISExperimentTemplateS3Configuration","resource-property-types"
"Add-VSFMSPolicyIcmpTypeCode","resource-property-types"
"Add-VSFMSPolicyIEMap","resource-property-types"
"Add-VSFMSPolicyNetworkAclCommonPolicy","resource-property-types"
"Add-VSFMSPolicyNetworkAclEntry","resource-property-types"
"Add-VSFMSPolicyNetworkAclEntrySet","resource-property-types"
"Add-VSFMSPolicyNetworkFirewallPolicy","resource-property-types"
"Add-VSFMSPolicyPolicyOption","resource-property-types"
"Add-VSFMSPolicyPolicyTag","resource-property-types"
"Add-VSFMSPolicyPortRange","resource-property-types"
"Add-VSFMSPolicyResourceTag","resource-property-types"
"Add-VSFMSPolicySecurityServicePolicyData","resource-property-types"
"Add-VSFMSPolicyThirdPartyFirewallPolicy","resource-property-types"
"Add-VSForecastDatasetAttributesItems","resource-property-types"
"Add-VSForecastDatasetEncryptionConfig","resource-property-types"
"Add-VSForecastDatasetSchema","resource-property-types"
"Add-VSForecastDatasetTagsItems","resource-property-types"
"Add-VSFraudDetectorDetectorEntityType","resource-property-types"
"Add-VSFraudDetectorDetectorEventType","resource-property-types"
"Add-VSFraudDetectorDetectorEventVariable","resource-property-types"
"Add-VSFraudDetectorDetectorLabel","resource-property-types"
"Add-VSFraudDetectorDetectorModel","resource-property-types"
"Add-VSFraudDetectorDetectorOutcome","resource-property-types"
"Add-VSFraudDetectorDetectorRule","resource-property-types"
"Add-VSFraudDetectorEventTypeEntityType","resource-property-types"
"Add-VSFraudDetectorEventTypeEventVariable","resource-property-types"
"Add-VSFraudDetectorEventTypeLabel","resource-property-types"
"Add-VSFSxDataRepositoryAssociationAutoExportPolicy","resource-property-types"
"Add-VSFSxDataRepositoryAssociationAutoImportPolicy","resource-property-types"
"Add-VSFSxDataRepositoryAssociationS3","resource-property-types"
"Add-VSFSxFileSystemAuditLogConfiguration","resource-property-types"
"Add-VSFSxFileSystemClientConfigurations","resource-property-types"
"Add-VSFSxFileSystemDataReadCacheConfiguration","resource-property-types"
"Add-VSFSxFileSystemDiskIopsConfiguration","resource-property-types"
"Add-VSFSxFileSystemLustreConfiguration","resource-property-types"
"Add-VSFSxFileSystemMetadataConfiguration","resource-property-types"
"Add-VSFSxFileSystemNfsExports","resource-property-types"
"Add-VSFSxFileSystemOntapConfiguration","resource-property-types"
"Add-VSFSxFileSystemOpenZFSConfiguration","resource-property-types"
"Add-VSFSxFileSystemReadCacheConfiguration","resource-property-types"
"Add-VSFSxFileSystemRootVolumeConfiguration","resource-property-types"
"Add-VSFSxFileSystemSelfManagedActiveDirectoryConfiguration","resource-property-types"
"Add-VSFSxFileSystemUserAndGroupQuotas","resource-property-types"
"Add-VSFSxFileSystemWindowsConfiguration","resource-property-types"
"Add-VSFSxS3AccessPointAttachmentFileSystemGID","resource-property-types"
"Add-VSFSxS3AccessPointAttachmentOntapFileSystemIdentity","resource-property-types"
"Add-VSFSxS3AccessPointAttachmentOntapUnixFileSystemUser","resource-property-types"
"Add-VSFSxS3AccessPointAttachmentOntapWindowsFileSystemUser","resource-property-types"
"Add-VSFSxS3AccessPointAttachmentOpenZFSFileSystemIdentity","resource-property-types"
"Add-VSFSxS3AccessPointAttachmentOpenZFSPosixFileSystemUser","resource-property-types"
"Add-VSFSxS3AccessPointAttachmentS3AccessPoint","resource-property-types"
"Add-VSFSxS3AccessPointAttachmentS3AccessPointOntapConfiguration","resource-property-types"
"Add-VSFSxS3AccessPointAttachmentS3AccessPointOpenZFSConfiguration","resource-property-types"
"Add-VSFSxS3AccessPointAttachmentS3AccessPointVpcConfiguration","resource-property-types"
"Add-VSFSxStorageVirtualMachineActiveDirectoryConfiguration","resource-property-types"
"Add-VSFSxStorageVirtualMachineSelfManagedActiveDirectoryConfiguration","resource-property-types"
"Add-VSFSxVolumeAggregateConfiguration","resource-property-types"
"Add-VSFSxVolumeAutocommitPeriod","resource-property-types"
"Add-VSFSxVolumeClientConfigurations","resource-property-types"
"Add-VSFSxVolumeNfsExports","resource-property-types"
"Add-VSFSxVolumeOntapConfiguration","resource-property-types"
"Add-VSFSxVolumeOpenZFSConfiguration","resource-property-types"
"Add-VSFSxVolumeOriginSnapshot","resource-property-types"
"Add-VSFSxVolumeRetentionPeriod","resource-property-types"
"Add-VSFSxVolumeSnaplockConfiguration","resource-property-types"
"Add-VSFSxVolumeSnaplockRetentionPeriod","resource-property-types"
"Add-VSFSxVolumeTieringPolicy","resource-property-types"
"Add-VSFSxVolumeUserAndGroupQuotas","resource-property-types"
"Add-VSGameLiftAliasRoutingStrategy","resource-property-types"
"Add-VSGameLiftBuildS3Location","resource-property-types"
"Add-VSGameLiftBuildStorageLocation","resource-property-types"
"Add-VSGameLiftContainerFleetConnectionPortRange","resource-property-types"
"Add-VSGameLiftContainerFleetDeploymentConfiguration","resource-property-types"
"Add-VSGameLiftContainerFleetDeploymentDetails","resource-property-types"
"Add-VSGameLiftContainerFleetGameSessionCreationLimitPolicy","resource-property-types"
"Add-VSGameLiftContainerFleetIpPermission","resource-property-types"
"Add-VSGameLiftContainerFleetLocationCapacity","resource-property-types"
"Add-VSGameLiftContainerFleetLocationConfiguration","resource-property-types"
"Add-VSGameLiftContainerFleetLogConfiguration","resource-property-types"
"Add-VSGameLiftContainerFleetScalingPolicy","resource-property-types"
"Add-VSGameLiftContainerFleetTargetConfiguration","resource-property-types"
"Add-VSGameLiftContainerGroupDefinitionContainerDependency","resource-property-types"
"Add-VSGameLiftContainerGroupDefinitionContainerEnvironment","resource-property-types"
"Add-VSGameLiftContainerGroupDefinitionContainerHealthCheck","resource-property-types"
"Add-VSGameLiftContainerGroupDefinitionContainerMountPoint","resource-property-types"
"Add-VSGameLiftContainerGroupDefinitionContainerPortRange","resource-property-types"
"Add-VSGameLiftContainerGroupDefinitionGameServerContainerDefinition","resource-property-types"
"Add-VSGameLiftContainerGroupDefinitionPortConfiguration","resource-property-types"
"Add-VSGameLiftContainerGroupDefinitionSupportContainerDefinition","resource-property-types"
"Add-VSGameLiftFleetAnywhereConfiguration","resource-property-types"
"Add-VSGameLiftFleetCertificateConfiguration","resource-property-types"
"Add-VSGameLiftFleetIpPermission","resource-property-types"
"Add-VSGameLiftFleetLocationCapacity","resource-property-types"
"Add-VSGameLiftFleetLocationConfiguration","resource-property-types"
"Add-VSGameLiftFleetResourceCreationLimitPolicy","resource-property-types"
"Add-VSGameLiftFleetRuntimeConfiguration","resource-property-types"
"Add-VSGameLiftFleetScalingPolicy","resource-property-types"
"Add-VSGameLiftFleetServerProcess","resource-property-types"
"Add-VSGameLiftFleetTargetConfiguration","resource-property-types"
"Add-VSGameLiftGameServerGroupAutoScalingPolicy","resource-property-types"
"Add-VSGameLiftGameServerGroupInstanceDefinition","resource-property-types"
"Add-VSGameLiftGameServerGroupLaunchTemplate","resource-property-types"
"Add-VSGameLiftGameServerGroupTargetTrackingConfiguration","resource-property-types"
"Add-VSGameLiftGameSessionQueueFilterConfiguration","resource-property-types"
"Add-VSGameLiftGameSessionQueueGameSessionQueueDestination","resource-property-types"
"Add-VSGameLiftGameSessionQueuePlayerLatencyPolicy","resource-property-types"
"Add-VSGameLiftGameSessionQueuePriorityConfiguration","resource-property-types"
"Add-VSGameLiftMatchmakingConfigurationGameProperty","resource-property-types"
"Add-VSGameLiftScriptS3Location","resource-property-types"
"Add-VSGameLiftStreamsApplicationRuntimeEnvironment","resource-property-types"
"Add-VSGameLiftStreamsStreamGroupDefaultApplication","resource-property-types"
"Add-VSGameLiftStreamsStreamGroupLocationConfiguration","resource-property-types"
"Add-VSGammaDilithiumJobDefinitionAuthorizationConfig","resource-property-types"
"Add-VSGammaDilithiumJobDefinitionContainerProperties","resource-property-types"
"Add-VSGammaDilithiumJobDefinitionDevice","resource-property-types"
"Add-VSGammaDilithiumJobDefinitionEcsProperties","resource-property-types"
"Add-VSGammaDilithiumJobDefinitionEcsTaskProperties","resource-property-types"
"Add-VSGammaDilithiumJobDefinitionEfsVolumeConfiguration","resource-property-types"
"Add-VSGammaDilithiumJobDefinitionEksContainer","resource-property-types"
"Add-VSGammaDilithiumJobDefinitionEksContainerEnvironmentVariable","resource-property-types"
"Add-VSGammaDilithiumJobDefinitionEksContainerResourceRequirements","resource-property-types"
"Add-VSGammaDilithiumJobDefinitionEksContainerSecurityContext","resource-property-types"
"Add-VSGammaDilithiumJobDefinitionEksContainerVolumeMount","resource-property-types"
"Add-VSGammaDilithiumJobDefinitionEksEmptyDir","resource-property-types"
"Add-VSGammaDilithiumJobDefinitionEksHostPath","resource-property-types"
"Add-VSGammaDilithiumJobDefinitionEksProperties","resource-property-types"
"Add-VSGammaDilithiumJobDefinitionEksSecret","resource-property-types"
"Add-VSGammaDilithiumJobDefinitionEksVolume","resource-property-types"
"Add-VSGammaDilithiumJobDefinitionEnvironment","resource-property-types"
"Add-VSGammaDilithiumJobDefinitionEphemeralStorage","resource-property-types"
"Add-VSGammaDilithiumJobDefinitionEvaluateOnExit","resource-property-types"
"Add-VSGammaDilithiumJobDefinitionFargatePlatformConfiguration","resource-property-types"
"Add-VSGammaDilithiumJobDefinitionImagePullSecret","resource-property-types"
"Add-VSGammaDilithiumJobDefinitionLinuxParameters","resource-property-types"
"Add-VSGammaDilithiumJobDefinitionLogConfiguration","resource-property-types"
"Add-VSGammaDilithiumJobDefinitionMetadata","resource-property-types"
"Add-VSGammaDilithiumJobDefinitionMountPoints","resource-property-types"
"Add-VSGammaDilithiumJobDefinitionNetworkConfiguration","resource-property-types"
"Add-VSGammaDilithiumJobDefinitionNodeProperties","resource-property-types"
"Add-VSGammaDilithiumJobDefinitionNodeRangeProperty","resource-property-types"
"Add-VSGammaDilithiumJobDefinitionPodProperties","resource-property-types"
"Add-VSGammaDilithiumJobDefinitionRepositoryCredentials","resource-property-types"
"Add-VSGammaDilithiumJobDefinitionResourceRequirement","resource-property-types"
"Add-VSGammaDilithiumJobDefinitionRetryStrategy","resource-property-types"
"Add-VSGammaDilithiumJobDefinitionRuntimePlatform","resource-property-types"
"Add-VSGammaDilithiumJobDefinitionSecret","resource-property-types"
"Add-VSGammaDilithiumJobDefinitionTaskContainerDependency","resource-property-types"
"Add-VSGammaDilithiumJobDefinitionTaskContainerProperties","resource-property-types"
"Add-VSGammaDilithiumJobDefinitionTimeout","resource-property-types"
"Add-VSGammaDilithiumJobDefinitionTmpfs","resource-property-types"
"Add-VSGammaDilithiumJobDefinitionUlimit","resource-property-types"
"Add-VSGammaDilithiumJobDefinitionVolumes","resource-property-types"
"Add-VSGammaDilithiumJobDefinitionVolumesHost","resource-property-types"
"Add-VSGlobalAcceleratorCrossAccountAttachmentResource","resource-property-types"
"Add-VSGlobalAcceleratorEndpointGroupEndpointConfiguration","resource-property-types"
"Add-VSGlobalAcceleratorEndpointGroupPortOverride","resource-property-types"
"Add-VSGlobalAcceleratorListenerPortRange","resource-property-types"
"Add-VSGlueClassifierCsvClassifier","resource-property-types"
"Add-VSGlueClassifierGrokClassifier","resource-property-types"
"Add-VSGlueClassifierJsonClassifier","resource-property-types"
"Add-VSGlueClassifierXMLClassifier","resource-property-types"
"Add-VSGlueConnectionAuthenticationConfigurationInput","resource-property-types"
"Add-VSGlueConnectionAuthorizationCodeProperties","resource-property-types"
"Add-VSGlueConnectionBasicAuthenticationCredentials","resource-property-types"
"Add-VSGlueConnectionConnectionInput","resource-property-types"
"Add-VSGlueConnectionOAuth2ClientApplication","resource-property-types"
"Add-VSGlueConnectionOAuth2Credentials","resource-property-types"
"Add-VSGlueConnectionOAuth2PropertiesInput","resource-property-types"
"Add-VSGlueConnectionPhysicalConnectionRequirements","resource-property-types"
"Add-VSGlueCrawlerCatalogTarget","resource-property-types"
"Add-VSGlueCrawlerDeltaTarget","resource-property-types"
"Add-VSGlueCrawlerDynamoDBTarget","resource-property-types"
"Add-VSGlueCrawlerHudiTarget","resource-property-types"
"Add-VSGlueCrawlerIcebergTarget","resource-property-types"
"Add-VSGlueCrawlerJdbcTarget","resource-property-types"
"Add-VSGlueCrawlerLakeFormationConfiguration","resource-property-types"
"Add-VSGlueCrawlerMongoDBTarget","resource-property-types"
"Add-VSGlueCrawlerRecrawlPolicy","resource-property-types"
"Add-VSGlueCrawlerS3Target","resource-property-types"
"Add-VSGlueCrawlerSchedule","resource-property-types"
"Add-VSGlueCrawlerSchemaChangePolicy","resource-property-types"
"Add-VSGlueCrawlerTargets","resource-property-types"
"Add-VSGlueDatabaseDatabaseIdentifier","resource-property-types"
"Add-VSGlueDatabaseDatabaseInput","resource-property-types"
"Add-VSGlueDatabaseDataLakePrincipal","resource-property-types"
"Add-VSGlueDatabaseFederatedDatabase","resource-property-types"
"Add-VSGlueDatabasePrincipalPrivileges","resource-property-types"
"Add-VSGlueDataCatalogEncryptionSettingsConnectionPasswordEncryption","resource-property-types"
"Add-VSGlueDataCatalogEncryptionSettingsDataCatalogEncryptionSettings","resource-property-types"
"Add-VSGlueDataCatalogEncryptionSettingsEncryptionAtRest","resource-property-types"
"Add-VSGlueDataQualityRulesetDataQualityTargetTable","resource-property-types"
"Add-VSGlueIntegrationIntegrationConfig","resource-property-types"
"Add-VSGlueIntegrationResourcePropertySourceProcessingProperties","resource-property-types"
"Add-VSGlueIntegrationResourcePropertyTargetProcessingProperties","resource-property-types"
"Add-VSGlueJobConnectionsList","resource-property-types"
"Add-VSGlueJobExecutionProperty","resource-property-types"
"Add-VSGlueJobJobCommand","resource-property-types"
"Add-VSGlueJobNotificationProperty","resource-property-types"
"Add-VSGlueMLTransformFindMatchesParameters","resource-property-types"
"Add-VSGlueMLTransformGlueTables","resource-property-types"
"Add-VSGlueMLTransformInputRecordTables","resource-property-types"
"Add-VSGlueMLTransformMLUserDataEncryption","resource-property-types"
"Add-VSGlueMLTransformTransformEncryption","resource-property-types"
"Add-VSGlueMLTransformTransformParameters","resource-property-types"
"Add-VSGluePartitionColumn","resource-property-types"
"Add-VSGluePartitionOrder","resource-property-types"
"Add-VSGluePartitionPartitionInput","resource-property-types"
"Add-VSGluePartitionSchemaId","resource-property-types"
"Add-VSGluePartitionSchemaReference","resource-property-types"
"Add-VSGluePartitionSerdeInfo","resource-property-types"
"Add-VSGluePartitionSkewedInfo","resource-property-types"
"Add-VSGluePartitionStorageDescriptor","resource-property-types"
"Add-VSGlueSchemaRegistry","resource-property-types"
"Add-VSGlueSchemaSchemaVersion","resource-property-types"
"Add-VSGlueSchemaVersionSchema","resource-property-types"
"Add-VSGlueSecurityConfigurationCloudWatchEncryption","resource-property-types"
"Add-VSGlueSecurityConfigurationEncryptionConfiguration","resource-property-types"
"Add-VSGlueSecurityConfigurationJobBookmarksEncryption","resource-property-types"
"Add-VSGlueSecurityConfigurationS3Encryption","resource-property-types"
"Add-VSGlueSecurityConfigurationS3Encryptions","resource-property-types"
"Add-VSGlueTableColumn","resource-property-types"
"Add-VSGlueTableIcebergInput","resource-property-types"
"Add-VSGlueTableMetadataOperation","resource-property-types"
"Add-VSGlueTableOpenTableFormatInput","resource-property-types"
"Add-VSGlueTableOptimizerIcebergConfiguration","resource-property-types"
"Add-VSGlueTableOptimizerIcebergRetentionConfiguration","resource-property-types"
"Add-VSGlueTableOptimizerOrphanFileDeletionConfiguration","resource-property-types"
"Add-VSGlueTableOptimizerRetentionConfiguration","resource-property-types"
"Add-VSGlueTableOptimizerTableOptimizerConfiguration","resource-property-types"
"Add-VSGlueTableOptimizerVpcConfiguration","resource-property-types"
"Add-VSGlueTableOrder","resource-property-types"
"Add-VSGlueTableSchemaId","resource-property-types"
"Add-VSGlueTableSchemaReference","resource-property-types"
"Add-VSGlueTableSerdeInfo","resource-property-types"
"Add-VSGlueTableSkewedInfo","resource-property-types"
"Add-VSGlueTableStorageDescriptor","resource-property-types"
"Add-VSGlueTableTableIdentifier","resource-property-types"
"Add-VSGlueTableTableInput","resource-property-types"
"Add-VSGlueTriggerAction","resource-property-types"
"Add-VSGlueTriggerCondition","resource-property-types"
"Add-VSGlueTriggerEventBatchingCondition","resource-property-types"
"Add-VSGlueTriggerNotificationProperty","resource-property-types"
"Add-VSGlueTriggerPredicate","resource-property-types"
"Add-VSGlueUsageProfileConfigurationObject","resource-property-types"
"Add-VSGlueUsageProfileProfileConfiguration","resource-property-types"
"Add-VSGrafanaWorkspaceAssertionAttributes","resource-property-types"
"Add-VSGrafanaWorkspaceIdpMetadata","resource-property-types"
"Add-VSGrafanaWorkspaceNetworkAccessControl","resource-property-types"
"Add-VSGrafanaWorkspaceRoleValues","resource-property-types"
"Add-VSGrafanaWorkspaceSamlConfiguration","resource-property-types"
"Add-VSGrafanaWorkspaceVpcConfiguration","resource-property-types"
"Add-VSGreengrassConnectorDefinitionConnector","resource-property-types"
"Add-VSGreengrassConnectorDefinitionConnectorDefinitionVersion","resource-property-types"
"Add-VSGreengrassConnectorDefinitionVersionConnector","resource-property-types"
"Add-VSGreengrassCoreDefinitionCore","resource-property-types"
"Add-VSGreengrassCoreDefinitionCoreDefinitionVersion","resource-property-types"
"Add-VSGreengrassCoreDefinitionVersionCore","resource-property-types"
"Add-VSGreengrassDeviceDefinitionDevice","resource-property-types"
"Add-VSGreengrassDeviceDefinitionDeviceDefinitionVersion","resource-property-types"
"Add-VSGreengrassDeviceDefinitionVersionDevice","resource-property-types"
"Add-VSGreengrassFunctionDefinitionDefaultConfig","resource-property-types"
"Add-VSGreengrassFunctionDefinitionEnvironment","resource-property-types"
"Add-VSGreengrassFunctionDefinitionExecution","resource-property-types"
"Add-VSGreengrassFunctionDefinitionFunction","resource-property-types"
"Add-VSGreengrassFunctionDefinitionFunctionConfiguration","resource-property-types"
"Add-VSGreengrassFunctionDefinitionFunctionDefinitionVersion","resource-property-types"
"Add-VSGreengrassFunctionDefinitionResourceAccessPolicy","resource-property-types"
"Add-VSGreengrassFunctionDefinitionRunAs","resource-property-types"
"Add-VSGreengrassFunctionDefinitionVersionDefaultConfig","resource-property-types"
"Add-VSGreengrassFunctionDefinitionVersionEnvironment","resource-property-types"
"Add-VSGreengrassFunctionDefinitionVersionExecution","resource-property-types"
"Add-VSGreengrassFunctionDefinitionVersionFunction","resource-property-types"
"Add-VSGreengrassFunctionDefinitionVersionFunctionConfiguration","resource-property-types"
"Add-VSGreengrassFunctionDefinitionVersionResourceAccessPolicy","resource-property-types"
"Add-VSGreengrassFunctionDefinitionVersionRunAs","resource-property-types"
"Add-VSGreengrassGroupGroupVersion","resource-property-types"
"Add-VSGreengrassLoggerDefinitionLogger","resource-property-types"
"Add-VSGreengrassLoggerDefinitionLoggerDefinitionVersion","resource-property-types"
"Add-VSGreengrassLoggerDefinitionVersionLogger","resource-property-types"
"Add-VSGreengrassResourceDefinitionGroupOwnerSetting","resource-property-types"
"Add-VSGreengrassResourceDefinitionLocalDeviceResourceData","resource-property-types"
"Add-VSGreengrassResourceDefinitionLocalVolumeResourceData","resource-property-types"
"Add-VSGreengrassResourceDefinitionResourceDataContainer","resource-property-types"
"Add-VSGreengrassResourceDefinitionResourceDefinitionVersion","resource-property-types"
"Add-VSGreengrassResourceDefinitionResourceDownloadOwnerSetting","resource-property-types"
"Add-VSGreengrassResourceDefinitionResourceInstance","resource-property-types"
"Add-VSGreengrassResourceDefinitionS3MachineLearningModelResourceData","resource-property-types"
"Add-VSGreengrassResourceDefinitionSageMakerMachineLearningModelResourceData","resource-property-types"
"Add-VSGreengrassResourceDefinitionSecretsManagerSecretResourceData","resource-property-types"
"Add-VSGreengrassResourceDefinitionVersionGroupOwnerSetting","resource-property-types"
"Add-VSGreengrassResourceDefinitionVersionLocalDeviceResourceData","resource-property-types"
"Add-VSGreengrassResourceDefinitionVersionLocalVolumeResourceData","resource-property-types"
"Add-VSGreengrassResourceDefinitionVersionResourceDataContainer","resource-property-types"
"Add-VSGreengrassResourceDefinitionVersionResourceDownloadOwnerSetting","resource-property-types"
"Add-VSGreengrassResourceDefinitionVersionResourceInstance","resource-property-types"
"Add-VSGreengrassResourceDefinitionVersionS3MachineLearningModelResourceData","resource-property-types"
"Add-VSGreengrassResourceDefinitionVersionSageMakerMachineLearningModelResourceData","resource-property-types"
"Add-VSGreengrassResourceDefinitionVersionSecretsManagerSecretResourceData","resource-property-types"
"Add-VSGreengrassSubscriptionDefinitionSubscription","resource-property-types"
"Add-VSGreengrassSubscriptionDefinitionSubscriptionDefinitionVersion","resource-property-types"
"Add-VSGreengrassSubscriptionDefinitionVersionSubscription","resource-property-types"
"Add-VSGreengrassV2ComponentVersionComponentDependencyRequirement","resource-property-types"
"Add-VSGreengrassV2ComponentVersionComponentPlatform","resource-property-types"
"Add-VSGreengrassV2ComponentVersionLambdaContainerParams","resource-property-types"
"Add-VSGreengrassV2ComponentVersionLambdaDeviceMount","resource-property-types"
"Add-VSGreengrassV2ComponentVersionLambdaEventSource","resource-property-types"
"Add-VSGreengrassV2ComponentVersionLambdaExecutionParameters","resource-property-types"
"Add-VSGreengrassV2ComponentVersionLambdaFunctionRecipeSource","resource-property-types"
"Add-VSGreengrassV2ComponentVersionLambdaLinuxProcessParams","resource-property-types"
"Add-VSGreengrassV2ComponentVersionLambdaVolumeMount","resource-property-types"
"Add-VSGreengrassV2DeploymentComponentConfigurationUpdate","resource-property-types"
"Add-VSGreengrassV2DeploymentComponentDeploymentSpecification","resource-property-types"
"Add-VSGreengrassV2DeploymentComponentRunWith","resource-property-types"
"Add-VSGreengrassV2DeploymentDeploymentComponentUpdatePolicy","resource-property-types"
"Add-VSGreengrassV2DeploymentDeploymentConfigurationValidationPolicy","resource-property-types"
"Add-VSGreengrassV2DeploymentDeploymentIoTJobConfiguration","resource-property-types"
"Add-VSGreengrassV2DeploymentDeploymentPolicies","resource-property-types"
"Add-VSGreengrassV2DeploymentIoTJobAbortConfig","resource-property-types"
"Add-VSGreengrassV2DeploymentIoTJobAbortCriteria","resource-property-types"
"Add-VSGreengrassV2DeploymentIoTJobExecutionsRolloutConfig","resource-property-types"
"Add-VSGreengrassV2DeploymentIoTJobExponentialRolloutRate","resource-property-types"
"Add-VSGreengrassV2DeploymentIoTJobRateIncreaseCriteria","resource-property-types"
"Add-VSGreengrassV2DeploymentIoTJobTimeoutConfig","resource-property-types"
"Add-VSGreengrassV2DeploymentSystemResourceLimits","resource-property-types"
"Add-VSGroundStationConfigAntennaDownlinkConfig","resource-property-types"
"Add-VSGroundStationConfigAntennaDownlinkDemodDecodeConfig","resource-property-types"
"Add-VSGroundStationConfigAntennaUplinkConfig","resource-property-types"
"Add-VSGroundStationConfigConfigData","resource-property-types"
"Add-VSGroundStationConfigDataflowEndpointConfig","resource-property-types"
"Add-VSGroundStationConfigDecodeConfig","resource-property-types"
"Add-VSGroundStationConfigDemodulationConfig","resource-property-types"
"Add-VSGroundStationConfigEirp","resource-property-types"
"Add-VSGroundStationConfigFrequency","resource-property-types"
"Add-VSGroundStationConfigFrequencyBandwidth","resource-property-types"
"Add-VSGroundStationConfigS3RecordingConfig","resource-property-types"
"Add-VSGroundStationConfigSpectrumConfig","resource-property-types"
"Add-VSGroundStationConfigTrackingConfig","resource-property-types"
"Add-VSGroundStationConfigUplinkEchoConfig","resource-property-types"
"Add-VSGroundStationConfigUplinkSpectrumConfig","resource-property-types"
"Add-VSGroundStationDataflowEndpointGroupAwsGroundStationAgentEndpoint","resource-property-types"
"Add-VSGroundStationDataflowEndpointGroupConnectionDetails","resource-property-types"
"Add-VSGroundStationDataflowEndpointGroupDataflowEndpoint","resource-property-types"
"Add-VSGroundStationDataflowEndpointGroupEndpointDetails","resource-property-types"
"Add-VSGroundStationDataflowEndpointGroupIntegerRange","resource-property-types"
"Add-VSGroundStationDataflowEndpointGroupRangedConnectionDetails","resource-property-types"
"Add-VSGroundStationDataflowEndpointGroupRangedSocketAddress","resource-property-types"
"Add-VSGroundStationDataflowEndpointGroupSecurityDetails","resource-property-types"
"Add-VSGroundStationDataflowEndpointGroupSocketAddress","resource-property-types"
"Add-VSGroundStationDataflowEndpointGroupV2ConnectionDetails","resource-property-types"
"Add-VSGroundStationDataflowEndpointGroupV2CreateEndpointDetails","resource-property-types"
"Add-VSGroundStationDataflowEndpointGroupV2DownlinkAwsGroundStationAgentEndpoint","resource-property-types"
"Add-VSGroundStationDataflowEndpointGroupV2DownlinkAwsGroundStationAgentEndpointDetails","resource-property-types"
"Add-VSGroundStationDataflowEndpointGroupV2DownlinkConnectionDetails","resource-property-types"
"Add-VSGroundStationDataflowEndpointGroupV2DownlinkDataflowDetails","resource-property-types"
"Add-VSGroundStationDataflowEndpointGroupV2EndpointDetails","resource-property-types"
"Add-VSGroundStationDataflowEndpointGroupV2IntegerRange","resource-property-types"
"Add-VSGroundStationDataflowEndpointGroupV2RangedConnectionDetails","resource-property-types"
"Add-VSGroundStationDataflowEndpointGroupV2RangedSocketAddress","resource-property-types"
"Add-VSGroundStationDataflowEndpointGroupV2SocketAddress","resource-property-types"
"Add-VSGroundStationDataflowEndpointGroupV2UplinkAwsGroundStationAgentEndpoint","resource-property-types"
"Add-VSGroundStationDataflowEndpointGroupV2UplinkAwsGroundStationAgentEndpointDetails","resource-property-types"
"Add-VSGroundStationDataflowEndpointGroupV2UplinkConnectionDetails","resource-property-types"
"Add-VSGroundStationDataflowEndpointGroupV2UplinkDataflowDetails","resource-property-types"
"Add-VSGroundStationMissionProfileDataflowEdge","resource-property-types"
"Add-VSGroundStationMissionProfileStreamsKmsKey","resource-property-types"
"Add-VSGuardDutyDetectorCFNDataSourceConfigurations","resource-property-types"
"Add-VSGuardDutyDetectorCFNFeatureAdditionalConfiguration","resource-property-types"
"Add-VSGuardDutyDetectorCFNFeatureConfiguration","resource-property-types"
"Add-VSGuardDutyDetectorCFNKubernetesAuditLogsConfiguration","resource-property-types"
"Add-VSGuardDutyDetectorCFNKubernetesConfiguration","resource-property-types"
"Add-VSGuardDutyDetectorCFNMalwareProtectionConfiguration","resource-property-types"
"Add-VSGuardDutyDetectorCFNS3LogsConfiguration","resource-property-types"
"Add-VSGuardDutyDetectorCFNScanEc2InstanceWithFindingsConfiguration","resource-property-types"
"Add-VSGuardDutyDetectorTagItem","resource-property-types"
"Add-VSGuardDutyFilterCondition","resource-property-types"
"Add-VSGuardDutyFilterFindingCriteria","resource-property-types"
"Add-VSGuardDutyFilterTagItem","resource-property-types"
"Add-VSGuardDutyIPSetTagItem","resource-property-types"
"Add-VSGuardDutyMalwareProtectionPlanCFNActions","resource-property-types"
"Add-VSGuardDutyMalwareProtectionPlanCFNProtectedResource","resource-property-types"
"Add-VSGuardDutyMalwareProtectionPlanCFNStatusReasons","resource-property-types"
"Add-VSGuardDutyMalwareProtectionPlanCFNTagging","resource-property-types"
"Add-VSGuardDutyMalwareProtectionPlanS3Bucket","resource-property-types"
"Add-VSGuardDutyMalwareProtectionPlanTagItem","resource-property-types"
"Add-VSGuardDutyPublishingDestinationCFNDestinationProperties","resource-property-types"
"Add-VSGuardDutyPublishingDestinationTagItem","resource-property-types"
"Add-VSGuardDutyThreatEntitySetTagItem","resource-property-types"
"Add-VSGuardDutyThreatIntelSetTagItem","resource-property-types"
"Add-VSGuardDutyTrustedEntitySetTagItem","resource-property-types"
"Add-VSHealthLakeFHIRDatastoreCreatedAt","resource-property-types"
"Add-VSHealthLakeFHIRDatastoreIdentityProviderConfiguration","resource-property-types"
"Add-VSHealthLakeFHIRDatastoreKmsEncryptionConfig","resource-property-types"
"Add-VSHealthLakeFHIRDatastorePreloadDataConfig","resource-property-types"
"Add-VSHealthLakeFHIRDatastoreSseConfiguration","resource-property-types"
"Add-VSIAMGroupPolicy","resource-property-types"
"Add-VSIAMRolePolicy","resource-property-types"
"Add-VSIAMSAMLProviderSAMLPrivateKey","resource-property-types"
"Add-VSIAMUserLoginProfile","resource-property-types"
"Add-VSIAMUserPolicy","resource-property-types"
"Add-VSIdentityStoreGroupMembershipMemberId","resource-property-types"
"Add-VSImageBuilderComponentLatestVersion","resource-property-types"
"Add-VSImageBuilderContainerRecipeComponentConfiguration","resource-property-types"
"Add-VSImageBuilderContainerRecipeComponentParameter","resource-property-types"
"Add-VSImageBuilderContainerRecipeEbsInstanceBlockDeviceSpecification","resource-property-types"
"Add-VSImageBuilderContainerRecipeInstanceBlockDeviceMapping","resource-property-types"
"Add-VSImageBuilderContainerRecipeInstanceConfiguration","resource-property-types"
"Add-VSImageBuilderContainerRecipeLatestVersion","resource-property-types"
"Add-VSImageBuilderContainerRecipeTargetContainerRepository","resource-property-types"
"Add-VSImageBuilderDistributionConfigurationAmiDistributionConfiguration","resource-property-types"
"Add-VSImageBuilderDistributionConfigurationContainerDistributionConfiguration","resource-property-types"
"Add-VSImageBuilderDistributionConfigurationDistribution","resource-property-types"
"Add-VSImageBuilderDistributionConfigurationFastLaunchConfiguration","resource-property-types"
"Add-VSImageBuilderDistributionConfigurationFastLaunchLaunchTemplateSpecification","resource-property-types"
"Add-VSImageBuilderDistributionConfigurationFastLaunchSnapshotConfiguration","resource-property-types"
"Add-VSImageBuilderDistributionConfigurationLaunchPermissionConfiguration","resource-property-types"
"Add-VSImageBuilderDistributionConfigurationLaunchTemplateConfiguration","resource-property-types"
"Add-VSImageBuilderDistributionConfigurationSsmParameterConfiguration","resource-property-types"
"Add-VSImageBuilderDistributionConfigurationTargetContainerRepository","resource-property-types"
"Add-VSImageBuilderImageDeletionSettings","resource-property-types"
"Add-VSImageBuilderImageEcrConfiguration","resource-property-types"
"Add-VSImageBuilderImageImageLoggingConfiguration","resource-property-types"
"Add-VSImageBuilderImageImagePipelineExecutionSettings","resource-property-types"
"Add-VSImageBuilderImageImageScanningConfiguration","resource-property-types"
"Add-VSImageBuilderImageImageTestsConfiguration","resource-property-types"
"Add-VSImageBuilderImageLatestVersion","resource-property-types"
"Add-VSImageBuilderImagePipelineAutoDisablePolicy","resource-property-types"
"Add-VSImageBuilderImagePipelineEcrConfiguration","resource-property-types"
"Add-VSImageBuilderImagePipelineImageScanningConfiguration","resource-property-types"
"Add-VSImageBuilderImagePipelineImageTestsConfiguration","resource-property-types"
"Add-VSImageBuilderImagePipelinePipelineLoggingConfiguration","resource-property-types"
"Add-VSImageBuilderImagePipelineSchedule","resource-property-types"
"Add-VSImageBuilderImagePipelineWorkflowConfiguration","resource-property-types"
"Add-VSImageBuilderImagePipelineWorkflowParameter","resource-property-types"
"Add-VSImageBuilderImageRecipeAdditionalInstanceConfiguration","resource-property-types"
"Add-VSImageBuilderImageRecipeComponentConfiguration","resource-property-types"
"Add-VSImageBuilderImageRecipeComponentParameter","resource-property-types"
"Add-VSImageBuilderImageRecipeEbsInstanceBlockDeviceSpecification","resource-property-types"
"Add-VSImageBuilderImageRecipeInstanceBlockDeviceMapping","resource-property-types"
"Add-VSImageBuilderImageRecipeLatestVersion","resource-property-types"
"Add-VSImageBuilderImageRecipeSystemsManagerAgent","resource-property-types"
"Add-VSImageBuilderImageWorkflowConfiguration","resource-property-types"
"Add-VSImageBuilderImageWorkflowParameter","resource-property-types"
"Add-VSImageBuilderInfrastructureConfigurationInstanceMetadataOptions","resource-property-types"
"Add-VSImageBuilderInfrastructureConfigurationLogging","resource-property-types"
"Add-VSImageBuilderInfrastructureConfigurationPlacement","resource-property-types"
"Add-VSImageBuilderInfrastructureConfigurationS3Logs","resource-property-types"
"Add-VSImageBuilderLifecyclePolicyAction","resource-property-types"
"Add-VSImageBuilderLifecyclePolicyAmiExclusionRules","resource-property-types"
"Add-VSImageBuilderLifecyclePolicyExclusionRules","resource-property-types"
"Add-VSImageBuilderLifecyclePolicyFilter","resource-property-types"
"Add-VSImageBuilderLifecyclePolicyIncludeResources","resource-property-types"
"Add-VSImageBuilderLifecyclePolicyLastLaunched","resource-property-types"
"Add-VSImageBuilderLifecyclePolicyPolicyDetail","resource-property-types"
"Add-VSImageBuilderLifecyclePolicyRecipeSelection","resource-property-types"
"Add-VSImageBuilderLifecyclePolicyResourceSelection","resource-property-types"
"Add-VSImageBuilderWorkflowLatestVersion","resource-property-types"
"Add-VSInspectorV2CisScanConfigurationCisTargets","resource-property-types"
"Add-VSInspectorV2CisScanConfigurationDailySchedule","resource-property-types"
"Add-VSInspectorV2CisScanConfigurationMonthlySchedule","resource-property-types"
"Add-VSInspectorV2CisScanConfigurationSchedule","resource-property-types"
"Add-VSInspectorV2CisScanConfigurationTime","resource-property-types"
"Add-VSInspectorV2CisScanConfigurationWeeklySchedule","resource-property-types"
"Add-VSInspectorV2CodeSecurityIntegrationCreateDetails","resource-property-types"
"Add-VSInspectorV2CodeSecurityIntegrationCreateGitLabSelfManagedIntegrationDetail","resource-property-types"
"Add-VSInspectorV2CodeSecurityIntegrationUpdateDetails","resource-property-types"
"Add-VSInspectorV2CodeSecurityIntegrationUpdateGitHubIntegrationDetail","resource-property-types"
"Add-VSInspectorV2CodeSecurityIntegrationUpdateGitLabSelfManagedIntegrationDetail","resource-property-types"
"Add-VSInspectorV2CodeSecurityScanConfigurationCodeSecurityScanConfiguration","resource-property-types"
"Add-VSInspectorV2CodeSecurityScanConfigurationContinuousIntegrationScanConfiguration","resource-property-types"
"Add-VSInspectorV2CodeSecurityScanConfigurationPeriodicScanConfiguration","resource-property-types"
"Add-VSInspectorV2CodeSecurityScanConfigurationScopeSettings","resource-property-types"
"Add-VSInspectorV2FilterDateFilter","resource-property-types"
"Add-VSInspectorV2FilterFilterCriteria","resource-property-types"
"Add-VSInspectorV2FilterMapFilter","resource-property-types"
"Add-VSInspectorV2FilterNumberFilter","resource-property-types"
"Add-VSInspectorV2FilterPackageFilter","resource-property-types"
"Add-VSInspectorV2FilterPortRangeFilter","resource-property-types"
"Add-VSInspectorV2FilterStringFilter","resource-property-types"
"Add-VSInternetMonitorMonitorHealthEventsConfig","resource-property-types"
"Add-VSInternetMonitorMonitorInternetMeasurementsLogDelivery","resource-property-types"
"Add-VSInternetMonitorMonitorLocalHealthEventsConfig","resource-property-types"
"Add-VSInternetMonitorMonitorS3Config","resource-property-types"
"Add-VSInvoicingInvoiceUnitResourceTag","resource-property-types"
"Add-VSInvoicingInvoiceUnitRule","resource-property-types"
"Add-VSIoTAccountAuditConfigurationAuditCheckConfiguration","resource-property-types"
"Add-VSIoTAccountAuditConfigurationAuditCheckConfigurations","resource-property-types"
"Add-VSIoTAccountAuditConfigurationAuditNotificationTarget","resource-property-types"
"Add-VSIoTAccountAuditConfigurationAuditNotificationTargetConfigurations","resource-property-types"
"Add-VSIoTAccountAuditConfigurationCertAgeCheckCustomConfiguration","resource-property-types"
"Add-VSIoTAccountAuditConfigurationCertExpirationCheckCustomConfiguration","resource-property-types"
"Add-VSIoTAccountAuditConfigurationDeviceCertAgeAuditCheckConfiguration","resource-property-types"
"Add-VSIoTAccountAuditConfigurationDeviceCertExpirationAuditCheckConfiguration","resource-property-types"
"Add-VSIoTAnalyticsChannelChannelStorage","resource-property-types"
"Add-VSIoTAnalyticsChannelCustomerManagedS3","resource-property-types"
"Add-VSIoTAnalyticsChannelRetentionPeriod","resource-property-types"
"Add-VSIoTAnalyticsDatasetAction","resource-property-types"
"Add-VSIoTAnalyticsDatasetContainerAction","resource-property-types"
"Add-VSIoTAnalyticsDatasetDatasetContentDeliveryRule","resource-property-types"
"Add-VSIoTAnalyticsDatasetDatasetContentDeliveryRuleDestination","resource-property-types"
"Add-VSIoTAnalyticsDatasetDatasetContentVersionValue","resource-property-types"
"Add-VSIoTAnalyticsDatasetDeltaTime","resource-property-types"
"Add-VSIoTAnalyticsDatasetDeltaTimeSessionWindowConfiguration","resource-property-types"
"Add-VSIoTAnalyticsDatasetFilter","resource-property-types"
"Add-VSIoTAnalyticsDatasetGlueConfiguration","resource-property-types"
"Add-VSIoTAnalyticsDatasetIotEventsDestinationConfiguration","resource-property-types"
"Add-VSIoTAnalyticsDatasetLateDataRule","resource-property-types"
"Add-VSIoTAnalyticsDatasetLateDataRuleConfiguration","resource-property-types"
"Add-VSIoTAnalyticsDatasetOutputFileUriValue","resource-property-types"
"Add-VSIoTAnalyticsDatasetQueryAction","resource-property-types"
"Add-VSIoTAnalyticsDatasetResourceConfiguration","resource-property-types"
"Add-VSIoTAnalyticsDatasetRetentionPeriod","resource-property-types"
"Add-VSIoTAnalyticsDatasetS3DestinationConfiguration","resource-property-types"
"Add-VSIoTAnalyticsDatasetSchedule","resource-property-types"
"Add-VSIoTAnalyticsDatasetTrigger","resource-property-types"
"Add-VSIoTAnalyticsDatasetTriggeringDataset","resource-property-types"
"Add-VSIoTAnalyticsDatasetVariable","resource-property-types"
"Add-VSIoTAnalyticsDatasetVersioningConfiguration","resource-property-types"
"Add-VSIoTAnalyticsDatastoreColumn","resource-property-types"
"Add-VSIoTAnalyticsDatastoreCustomerManagedS3","resource-property-types"
"Add-VSIoTAnalyticsDatastoreCustomerManagedS3Storage","resource-property-types"
"Add-VSIoTAnalyticsDatastoreDatastorePartition","resource-property-types"
"Add-VSIoTAnalyticsDatastoreDatastorePartitions","resource-property-types"
"Add-VSIoTAnalyticsDatastoreDatastoreStorage","resource-property-types"
"Add-VSIoTAnalyticsDatastoreFileFormatConfiguration","resource-property-types"
"Add-VSIoTAnalyticsDatastoreIotSiteWiseMultiLayerStorage","resource-property-types"
"Add-VSIoTAnalyticsDatastoreParquetConfiguration","resource-property-types"
"Add-VSIoTAnalyticsDatastorePartition","resource-property-types"
"Add-VSIoTAnalyticsDatastoreRetentionPeriod","resource-property-types"
"Add-VSIoTAnalyticsDatastoreSchemaDefinition","resource-property-types"
"Add-VSIoTAnalyticsDatastoreTimestampPartition","resource-property-types"
"Add-VSIoTAnalyticsPipelineActivity","resource-property-types"
"Add-VSIoTAnalyticsPipelineAddAttributes","resource-property-types"
"Add-VSIoTAnalyticsPipelineChannel","resource-property-types"
"Add-VSIoTAnalyticsPipelineDatastore","resource-property-types"
"Add-VSIoTAnalyticsPipelineDeviceRegistryEnrich","resource-property-types"
"Add-VSIoTAnalyticsPipelineDeviceShadowEnrich","resource-property-types"
"Add-VSIoTAnalyticsPipelineFilter","resource-property-types"
"Add-VSIoTAnalyticsPipelineLambda","resource-property-types"
"Add-VSIoTAnalyticsPipelineMath","resource-property-types"
"Add-VSIoTAnalyticsPipelineRemoveAttributes","resource-property-types"
"Add-VSIoTAnalyticsPipelineSelectAttributes","resource-property-types"
"Add-VSIoTBillingGroupBillingGroupProperties","resource-property-types"
"Add-VSIoTCACertificateRegistrationConfig","resource-property-types"
"Add-VSIoTCommandCommandParameter","resource-property-types"
"Add-VSIoTCommandCommandParameterValue","resource-property-types"
"Add-VSIoTCommandCommandPayload","resource-property-types"
"Add-VSIoTCoreDeviceAdvisorSuiteDefinitionDeviceUnderTest","resource-property-types"
"Add-VSIoTCoreDeviceAdvisorSuiteDefinitionSuiteDefinitionConfiguration","resource-property-types"
"Add-VSIoTDomainConfigurationAuthorizerConfig","resource-property-types"
"Add-VSIoTDomainConfigurationClientCertificateConfig","resource-property-types"
"Add-VSIoTDomainConfigurationServerCertificateConfig","resource-property-types"
"Add-VSIoTDomainConfigurationServerCertificateSummary","resource-property-types"
"Add-VSIoTDomainConfigurationTlsConfig","resource-property-types"
"Add-VSIoTEncryptionConfigurationConfigurationDetails","resource-property-types"
"Add-VSIoTEventsAlarmModelAcknowledgeFlow","resource-property-types"
"Add-VSIoTEventsAlarmModelAlarmAction","resource-property-types"
"Add-VSIoTEventsAlarmModelAlarmCapabilities","resource-property-types"
"Add-VSIoTEventsAlarmModelAlarmEventActions","resource-property-types"
"Add-VSIoTEventsAlarmModelAlarmRule","resource-property-types"
"Add-VSIoTEventsAlarmModelAssetPropertyTimestamp","resource-property-types"
"Add-VSIoTEventsAlarmModelAssetPropertyValue","resource-property-types"
"Add-VSIoTEventsAlarmModelAssetPropertyVariant","resource-property-types"
"Add-VSIoTEventsAlarmModelDynamoDB","resource-property-types"
"Add-VSIoTEventsAlarmModelDynamoDBv2","resource-property-types"
"Add-VSIoTEventsAlarmModelFirehose","resource-property-types"
"Add-VSIoTEventsAlarmModelInitializationConfiguration","resource-property-types"
"Add-VSIoTEventsAlarmModelIotEvents","resource-property-types"
"Add-VSIoTEventsAlarmModelIotSiteWise","resource-property-types"
"Add-VSIoTEventsAlarmModelIotTopicPublish","resource-property-types"
"Add-VSIoTEventsAlarmModelLambda","resource-property-types"
"Add-VSIoTEventsAlarmModelPayload","resource-property-types"
"Add-VSIoTEventsAlarmModelSimpleRule","resource-property-types"
"Add-VSIoTEventsAlarmModelSns","resource-property-types"
"Add-VSIoTEventsAlarmModelSqs","resource-property-types"
"Add-VSIoTEventsDetectorModelAction","resource-property-types"
"Add-VSIoTEventsDetectorModelAssetPropertyTimestamp","resource-property-types"
"Add-VSIoTEventsDetectorModelAssetPropertyValue","resource-property-types"
"Add-VSIoTEventsDetectorModelAssetPropertyVariant","resource-property-types"
"Add-VSIoTEventsDetectorModelClearTimer","resource-property-types"
"Add-VSIoTEventsDetectorModelDetectorModelDefinition","resource-property-types"
"Add-VSIoTEventsDetectorModelDynamoDB","resource-property-types"
"Add-VSIoTEventsDetectorModelDynamoDBv2","resource-property-types"
"Add-VSIoTEventsDetectorModelEvent","resource-property-types"
"Add-VSIoTEventsDetectorModelFirehose","resource-property-types"
"Add-VSIoTEventsDetectorModelIotEvents","resource-property-types"
"Add-VSIoTEventsDetectorModelIotSiteWise","resource-property-types"
"Add-VSIoTEventsDetectorModelIotTopicPublish","resource-property-types"
"Add-VSIoTEventsDetectorModelLambda","resource-property-types"
"Add-VSIoTEventsDetectorModelOnEnter","resource-property-types"
"Add-VSIoTEventsDetectorModelOnExit","resource-property-types"
"Add-VSIoTEventsDetectorModelOnInput","resource-property-types"
"Add-VSIoTEventsDetectorModelPayload","resource-property-types"
"Add-VSIoTEventsDetectorModelResetTimer","resource-property-types"
"Add-VSIoTEventsDetectorModelSetTimer","resource-property-types"
"Add-VSIoTEventsDetectorModelSetVariable","resource-property-types"
"Add-VSIoTEventsDetectorModelSns","resource-property-types"
"Add-VSIoTEventsDetectorModelSqs","resource-property-types"
"Add-VSIoTEventsDetectorModelState","resource-property-types"
"Add-VSIoTEventsDetectorModelTransitionEvent","resource-property-types"
"Add-VSIoTEventsInputAttribute","resource-property-types"
"Add-VSIoTEventsInputInputDefinition","resource-property-types"
"Add-VSIoTFleetMetricAggregationType","resource-property-types"
"Add-VSIoTFleetWiseCampaignCollectionScheme","resource-property-types"
"Add-VSIoTFleetWiseCampaignConditionBasedCollectionScheme","resource-property-types"
"Add-VSIoTFleetWiseCampaignConditionBasedSignalFetchConfig","resource-property-types"
"Add-VSIoTFleetWiseCampaignDataDestinationConfig","resource-property-types"
"Add-VSIoTFleetWiseCampaignDataPartition","resource-property-types"
"Add-VSIoTFleetWiseCampaignDataPartitionStorageOptions","resource-property-types"
"Add-VSIoTFleetWiseCampaignDataPartitionUploadOptions","resource-property-types"
"Add-VSIoTFleetWiseCampaignMqttTopicConfig","resource-property-types"
"Add-VSIoTFleetWiseCampaignS3Config","resource-property-types"
"Add-VSIoTFleetWiseCampaignSignalFetchConfig","resource-property-types"
"Add-VSIoTFleetWiseCampaignSignalFetchInformation","resource-property-types"
"Add-VSIoTFleetWiseCampaignSignalInformation","resource-property-types"
"Add-VSIoTFleetWiseCampaignStorageMaximumSize","resource-property-types"
"Add-VSIoTFleetWiseCampaignStorageMinimumTimeToLive","resource-property-types"
"Add-VSIoTFleetWiseCampaignTimeBasedCollectionScheme","resource-property-types"
"Add-VSIoTFleetWiseCampaignTimeBasedSignalFetchConfig","resource-property-types"
"Add-VSIoTFleetWiseCampaignTimestreamConfig","resource-property-types"
"Add-VSIoTFleetWiseDecoderManifestCanInterface","resource-property-types"
"Add-VSIoTFleetWiseDecoderManifestCanSignal","resource-property-types"
"Add-VSIoTFleetWiseDecoderManifestCustomDecodingInterface","resource-property-types"
"Add-VSIoTFleetWiseDecoderManifestCustomDecodingSignal","resource-property-types"
"Add-VSIoTFleetWiseDecoderManifestNetworkInterfacesItems","resource-property-types"
"Add-VSIoTFleetWiseDecoderManifestObdInterface","resource-property-types"
"Add-VSIoTFleetWiseDecoderManifestObdSignal","resource-property-types"
"Add-VSIoTFleetWiseDecoderManifestSignalDecodersItems","resource-property-types"
"Add-VSIoTFleetWiseSignalCatalogActuator","resource-property-types"
"Add-VSIoTFleetWiseSignalCatalogAttribute","resource-property-types"
"Add-VSIoTFleetWiseSignalCatalogBranch","resource-property-types"
"Add-VSIoTFleetWiseSignalCatalogNode","resource-property-types"
"Add-VSIoTFleetWiseSignalCatalogNodeCounts","resource-property-types"
"Add-VSIoTFleetWiseSignalCatalogSensor","resource-property-types"
"Add-VSIoTFleetWiseVehiclePeriodicStateTemplateUpdateStrategy","resource-property-types"
"Add-VSIoTFleetWiseVehicleStateTemplateAssociation","resource-property-types"
"Add-VSIoTFleetWiseVehicleStateTemplateUpdateStrategy","resource-property-types"
"Add-VSIoTFleetWiseVehicleTimePeriod","resource-property-types"
"Add-VSIoTJobTemplateAbortConfig","resource-property-types"
"Add-VSIoTJobTemplateAbortCriteria","resource-property-types"
"Add-VSIoTJobTemplateExponentialRolloutRate","resource-property-types"
"Add-VSIoTJobTemplateJobExecutionsRetryConfig","resource-property-types"
"Add-VSIoTJobTemplateJobExecutionsRolloutConfig","resource-property-types"
"Add-VSIoTJobTemplateMaintenanceWindow","resource-property-types"
"Add-VSIoTJobTemplatePresignedUrlConfig","resource-property-types"
"Add-VSIoTJobTemplateRateIncreaseCriteria","resource-property-types"
"Add-VSIoTJobTemplateRetryCriteria","resource-property-types"
"Add-VSIoTJobTemplateTimeoutConfig","resource-property-types"
"Add-VSIoTManagedIntegrationsManagedThingCapabilityReport","resource-property-types"
"Add-VSIoTManagedIntegrationsManagedThingCapabilityReportCapability","resource-property-types"
"Add-VSIoTManagedIntegrationsManagedThingCapabilityReportEndpoint","resource-property-types"
"Add-VSIoTMitigationActionActionParams","resource-property-types"
"Add-VSIoTMitigationActionAddThingsToThingGroupParams","resource-property-types"
"Add-VSIoTMitigationActionEnableIoTLoggingParams","resource-property-types"
"Add-VSIoTMitigationActionPublishFindingToSnsParams","resource-property-types"
"Add-VSIoTMitigationActionReplaceDefaultPolicyVersionParams","resource-property-types"
"Add-VSIoTMitigationActionUpdateCACertificateParams","resource-property-types"
"Add-VSIoTMitigationActionUpdateDeviceCertificateParams","resource-property-types"
"Add-VSIoTProvisioningTemplateProvisioningHook","resource-property-types"
"Add-VSIoTSecurityProfileAlertTarget","resource-property-types"
"Add-VSIoTSecurityProfileBehavior","resource-property-types"
"Add-VSIoTSecurityProfileBehaviorCriteria","resource-property-types"
"Add-VSIoTSecurityProfileMachineLearningDetectionConfig","resource-property-types"
"Add-VSIoTSecurityProfileMetricDimension","resource-property-types"
"Add-VSIoTSecurityProfileMetricsExportConfig","resource-property-types"
"Add-VSIoTSecurityProfileMetricToRetain","resource-property-types"
"Add-VSIoTSecurityProfileMetricValue","resource-property-types"
"Add-VSIoTSecurityProfileStatisticalThreshold","resource-property-types"
"Add-VSIoTSiteWiseAccessPolicyAccessPolicyIdentity","resource-property-types"
"Add-VSIoTSiteWiseAccessPolicyAccessPolicyResource","resource-property-types"
"Add-VSIoTSiteWiseAccessPolicyIamRole","resource-property-types"
"Add-VSIoTSiteWiseAccessPolicyIamUser","resource-property-types"
"Add-VSIoTSiteWiseAccessPolicyPortal","resource-property-types"
"Add-VSIoTSiteWiseAccessPolicyProject","resource-property-types"
"Add-VSIoTSiteWiseAccessPolicyUser","resource-property-types"
"Add-VSIoTSiteWiseAssetAssetHierarchy","resource-property-types"
"Add-VSIoTSiteWiseAssetAssetProperty","resource-property-types"
"Add-VSIoTSiteWiseAssetModelAssetModelCompositeModel","resource-property-types"
"Add-VSIoTSiteWiseAssetModelAssetModelHierarchy","resource-property-types"
"Add-VSIoTSiteWiseAssetModelAssetModelProperty","resource-property-types"
"Add-VSIoTSiteWiseAssetModelAttribute","resource-property-types"
"Add-VSIoTSiteWiseAssetModelEnforcedAssetModelInterfacePropertyMapping","resource-property-types"
"Add-VSIoTSiteWiseAssetModelEnforcedAssetModelInterfaceRelationship","resource-property-types"
"Add-VSIoTSiteWiseAssetModelExpressionVariable","resource-property-types"
"Add-VSIoTSiteWiseAssetModelMetric","resource-property-types"
"Add-VSIoTSiteWiseAssetModelMetricWindow","resource-property-types"
"Add-VSIoTSiteWiseAssetModelPropertyPathDefinition","resource-property-types"
"Add-VSIoTSiteWiseAssetModelPropertyType","resource-property-types"
"Add-VSIoTSiteWiseAssetModelTransform","resource-property-types"
"Add-VSIoTSiteWiseAssetModelTumblingWindow","resource-property-types"
"Add-VSIoTSiteWiseAssetModelVariableValue","resource-property-types"
"Add-VSIoTSiteWiseComputationModelAnomalyDetectionComputationModelConfiguration","resource-property-types"
"Add-VSIoTSiteWiseComputationModelAssetModelPropertyBindingValue","resource-property-types"
"Add-VSIoTSiteWiseComputationModelAssetPropertyBindingValue","resource-property-types"
"Add-VSIoTSiteWiseComputationModelComputationModelConfiguration","resource-property-types"
"Add-VSIoTSiteWiseComputationModelComputationModelDataBindingValue","resource-property-types"
"Add-VSIoTSiteWiseDatasetDatasetSource","resource-property-types"
"Add-VSIoTSiteWiseDatasetKendraSourceDetail","resource-property-types"
"Add-VSIoTSiteWiseDatasetSourceDetail","resource-property-types"
"Add-VSIoTSiteWiseGatewayGatewayCapabilitySummary","resource-property-types"
"Add-VSIoTSiteWiseGatewayGatewayPlatform","resource-property-types"
"Add-VSIoTSiteWiseGatewayGreengrassV2","resource-property-types"
"Add-VSIoTSiteWiseGatewaySiemensIE","resource-property-types"
"Add-VSIoTSiteWisePortalAlarms","resource-property-types"
"Add-VSIoTSiteWisePortalPortalTypeEntry","resource-property-types"
"Add-VSIoTSoftwarePackageVersionPackageVersionArtifact","resource-property-types"
"Add-VSIoTSoftwarePackageVersionS3Location","resource-property-types"
"Add-VSIoTSoftwarePackageVersionSbom","resource-property-types"
"Add-VSIoTThingAttributePayload","resource-property-types"
"Add-VSIoTThingGroupAttributePayload","resource-property-types"
"Add-VSIoTThingGroupThingGroupProperties","resource-property-types"
"Add-VSIoTThingsGraphFlowTemplateDefinitionDocument","resource-property-types"
"Add-VSIoTThingTypeMqtt5Configuration","resource-property-types"
"Add-VSIoTThingTypePropagatingAttribute","resource-property-types"
"Add-VSIoTThingTypeThingTypeProperties","resource-property-types"
"Add-VSIoTTopicRuleAction","resource-property-types"
"Add-VSIoTTopicRuleAssetPropertyTimestamp","resource-property-types"
"Add-VSIoTTopicRuleAssetPropertyValue","resource-property-types"
"Add-VSIoTTopicRuleAssetPropertyVariant","resource-property-types"
"Add-VSIoTTopicRuleBatchConfig","resource-property-types"
"Add-VSIoTTopicRuleCloudwatchAlarmAction","resource-property-types"
"Add-VSIoTTopicRuleCloudwatchLogsAction","resource-property-types"
"Add-VSIoTTopicRuleCloudwatchMetricAction","resource-property-types"
"Add-VSIoTTopicRuleDestinationHttpUrlDestinationSummary","resource-property-types"
"Add-VSIoTTopicRuleDestinationVpcDestinationProperties","resource-property-types"
"Add-VSIoTTopicRuleDynamoDBAction","resource-property-types"
"Add-VSIoTTopicRuleDynamoDBv2Action","resource-property-types"
"Add-VSIoTTopicRuleElasticsearchAction","resource-property-types"
"Add-VSIoTTopicRuleFirehoseAction","resource-property-types"
"Add-VSIoTTopicRuleHttpAction","resource-property-types"
"Add-VSIoTTopicRuleHttpActionHeader","resource-property-types"
"Add-VSIoTTopicRuleHttpAuthorization","resource-property-types"
"Add-VSIoTTopicRuleIotAnalyticsAction","resource-property-types"
"Add-VSIoTTopicRuleIotEventsAction","resource-property-types"
"Add-VSIoTTopicRuleIotSiteWiseAction","resource-property-types"
"Add-VSIoTTopicRuleKafkaAction","resource-property-types"
"Add-VSIoTTopicRuleKafkaActionHeader","resource-property-types"
"Add-VSIoTTopicRuleKinesisAction","resource-property-types"
"Add-VSIoTTopicRuleLambdaAction","resource-property-types"
"Add-VSIoTTopicRuleLocationAction","resource-property-types"
"Add-VSIoTTopicRuleOpenSearchAction","resource-property-types"
"Add-VSIoTTopicRulePutAssetPropertyValueEntry","resource-property-types"
"Add-VSIoTTopicRulePutItemInput","resource-property-types"
"Add-VSIoTTopicRuleRepublishAction","resource-property-types"
"Add-VSIoTTopicRuleRepublishActionHeaders","resource-property-types"
"Add-VSIoTTopicRuleS3Action","resource-property-types"
"Add-VSIoTTopicRuleSigV4Authorization","resource-property-types"
"Add-VSIoTTopicRuleSnsAction","resource-property-types"
"Add-VSIoTTopicRuleSqsAction","resource-property-types"
"Add-VSIoTTopicRuleStepFunctionsAction","resource-property-types"
"Add-VSIoTTopicRuleTimestamp","resource-property-types"
"Add-VSIoTTopicRuleTimestreamAction","resource-property-types"
"Add-VSIoTTopicRuleTimestreamDimension","resource-property-types"
"Add-VSIoTTopicRuleTimestreamTimestamp","resource-property-types"
"Add-VSIoTTopicRuleTopicRulePayload","resource-property-types"
"Add-VSIoTTopicRuleUserProperty","resource-property-types"
"Add-VSIoTTwinMakerComponentTypeCompositeComponentType","resource-property-types"
"Add-VSIoTTwinMakerComponentTypeDataConnector","resource-property-types"
"Add-VSIoTTwinMakerComponentTypeDataType","resource-property-types"
"Add-VSIoTTwinMakerComponentTypeDataValue","resource-property-types"
"Add-VSIoTTwinMakerComponentTypeError","resource-property-types"
"Add-VSIoTTwinMakerComponentTypeFunction","resource-property-types"
"Add-VSIoTTwinMakerComponentTypeLambdaFunction","resource-property-types"
"Add-VSIoTTwinMakerComponentTypePropertyDefinition","resource-property-types"
"Add-VSIoTTwinMakerComponentTypePropertyGroup","resource-property-types"
"Add-VSIoTTwinMakerComponentTypeRelationship","resource-property-types"
"Add-VSIoTTwinMakerComponentTypeRelationshipValue","resource-property-types"
"Add-VSIoTTwinMakerComponentTypeStatus","resource-property-types"
"Add-VSIoTTwinMakerEntityComponent","resource-property-types"
"Add-VSIoTTwinMakerEntityCompositeComponent","resource-property-types"
"Add-VSIoTTwinMakerEntityDataType","resource-property-types"
"Add-VSIoTTwinMakerEntityDataValue","resource-property-types"
"Add-VSIoTTwinMakerEntityDefinition","resource-property-types"
"Add-VSIoTTwinMakerEntityError","resource-property-types"
"Add-VSIoTTwinMakerEntityProperty","resource-property-types"
"Add-VSIoTTwinMakerEntityPropertyGroup","resource-property-types"
"Add-VSIoTTwinMakerEntityRelationship","resource-property-types"
"Add-VSIoTTwinMakerEntityRelationshipValue","resource-property-types"
"Add-VSIoTTwinMakerEntityStatus","resource-property-types"
"Add-VSIoTWirelessDeviceProfileLoRaWANDeviceProfile","resource-property-types"
"Add-VSIoTWirelessFuotaTaskLoRaWAN","resource-property-types"
"Add-VSIoTWirelessMulticastGroupLoRaWAN","resource-property-types"
"Add-VSIoTWirelessNetworkAnalyzerConfigurationTraceContent","resource-property-types"
"Add-VSIoTWirelessPartnerAccountSidewalkAccountInfo","resource-property-types"
"Add-VSIoTWirelessPartnerAccountSidewalkAccountInfoWithFingerprint","resource-property-types"
"Add-VSIoTWirelessPartnerAccountSidewalkUpdateAccount","resource-property-types"
"Add-VSIoTWirelessServiceProfileLoRaWANServiceProfile","resource-property-types"
"Add-VSIoTWirelessTaskDefinitionLoRaWANGatewayVersion","resource-property-types"
"Add-VSIoTWirelessTaskDefinitionLoRaWANUpdateGatewayTaskCreate","resource-property-types"
"Add-VSIoTWirelessTaskDefinitionLoRaWANUpdateGatewayTaskEntry","resource-property-types"
"Add-VSIoTWirelessTaskDefinitionUpdateWirelessGatewayTaskCreate","resource-property-types"
"Add-VSIoTWirelessWirelessDeviceAbpV10x","resource-property-types"
"Add-VSIoTWirelessWirelessDeviceAbpV11","resource-property-types"
"Add-VSIoTWirelessWirelessDeviceApplication","resource-property-types"
"Add-VSIoTWirelessWirelessDeviceFPorts","resource-property-types"
"Add-VSIoTWirelessWirelessDeviceImportTaskSidewalk","resource-property-types"
"Add-VSIoTWirelessWirelessDeviceLoRaWANDevice","resource-property-types"
"Add-VSIoTWirelessWirelessDeviceOtaaV10x","resource-property-types"
"Add-VSIoTWirelessWirelessDeviceOtaaV11","resource-property-types"
"Add-VSIoTWirelessWirelessDeviceSessionKeysAbpV10x","resource-property-types"
"Add-VSIoTWirelessWirelessDeviceSessionKeysAbpV11","resource-property-types"
"Add-VSIoTWirelessWirelessGatewayLoRaWANGateway","resource-property-types"
"Add-VSIVSChannelMultitrackInputConfiguration","resource-property-types"
"Add-VSIVSChatLoggingConfigurationCloudWatchLogsDestinationConfiguration","resource-property-types"
"Add-VSIVSChatLoggingConfigurationDestinationConfiguration","resource-property-types"
"Add-VSIVSChatLoggingConfigurationFirehoseDestinationConfiguration","resource-property-types"
"Add-VSIVSChatLoggingConfigurationS3DestinationConfiguration","resource-property-types"
"Add-VSIVSChatRoomMessageReviewHandler","resource-property-types"
"Add-VSIVSEncoderConfigurationVideo","resource-property-types"
"Add-VSIVSRecordingConfigurationDestinationConfiguration","resource-property-types"
"Add-VSIVSRecordingConfigurationRenditionConfiguration","resource-property-types"
"Add-VSIVSRecordingConfigurationS3DestinationConfiguration","resource-property-types"
"Add-VSIVSRecordingConfigurationThumbnailConfiguration","resource-property-types"
"Add-VSIVSStageAutoParticipantRecordingConfiguration","resource-property-types"
"Add-VSIVSStageHlsConfiguration","resource-property-types"
"Add-VSIVSStageParticipantRecordingHlsConfiguration","resource-property-types"
"Add-VSIVSStageParticipantThumbnailConfiguration","resource-property-types"
"Add-VSIVSStageThumbnailConfiguration","resource-property-types"
"Add-VSIVSStorageConfigurationS3StorageConfiguration","resource-property-types"
"Add-VSKafkaConnectConnectorApacheKafkaCluster","resource-property-types"
"Add-VSKafkaConnectConnectorAutoScaling","resource-property-types"
"Add-VSKafkaConnectConnectorCapacity","resource-property-types"
"Add-VSKafkaConnectConnectorCloudWatchLogsLogDelivery","resource-property-types"
"Add-VSKafkaConnectConnectorCustomPlugin","resource-property-types"
"Add-VSKafkaConnectConnectorFirehoseLogDelivery","resource-property-types"
"Add-VSKafkaConnectConnectorKafkaCluster","resource-property-types"
"Add-VSKafkaConnectConnectorKafkaClusterClientAuthentication","resource-property-types"
"Add-VSKafkaConnectConnectorKafkaClusterEncryptionInTransit","resource-property-types"
"Add-VSKafkaConnectConnectorLogDelivery","resource-property-types"
"Add-VSKafkaConnectConnectorPlugin","resource-property-types"
"Add-VSKafkaConnectConnectorProvisionedCapacity","resource-property-types"
"Add-VSKafkaConnectConnectorS3LogDelivery","resource-property-types"
"Add-VSKafkaConnectConnectorScaleInPolicy","resource-property-types"
"Add-VSKafkaConnectConnectorScaleOutPolicy","resource-property-types"
"Add-VSKafkaConnectConnectorVpc","resource-property-types"
"Add-VSKafkaConnectConnectorWorkerConfiguration","resource-property-types"
"Add-VSKafkaConnectConnectorWorkerLogDelivery","resource-property-types"
"Add-VSKafkaConnectCustomPluginCustomPluginFileDescription","resource-property-types"
"Add-VSKafkaConnectCustomPluginCustomPluginLocation","resource-property-types"
"Add-VSKafkaConnectCustomPluginS3Location","resource-property-types"
"Add-VSKendraDataSourceCustomDocumentEnrichmentConfiguration","resource-property-types"
"Add-VSKendraDataSourceDataSourceConfiguration","resource-property-types"
"Add-VSKendraDataSourceDocumentAttributeCondition","resource-property-types"
"Add-VSKendraDataSourceDocumentAttributeTarget","resource-property-types"
"Add-VSKendraDataSourceDocumentAttributeValue","resource-property-types"
"Add-VSKendraDataSourceHookConfiguration","resource-property-types"
"Add-VSKendraDataSourceInlineCustomDocumentEnrichmentConfiguration","resource-property-types"
"Add-VSKendraDataSourceTemplateConfiguration","resource-property-types"
"Add-VSKendraFaqS3Path","resource-property-types"
"Add-VSKendraIndexCapacityUnitsConfiguration","resource-property-types"
"Add-VSKendraIndexDocumentMetadataConfiguration","resource-property-types"
"Add-VSKendraIndexJsonTokenTypeConfiguration","resource-property-types"
"Add-VSKendraIndexJwtTokenTypeConfiguration","resource-property-types"
"Add-VSKendraIndexRelevance","resource-property-types"
"Add-VSKendraIndexSearch","resource-property-types"
"Add-VSKendraIndexServerSideEncryptionConfiguration","resource-property-types"
"Add-VSKendraIndexUserTokenConfiguration","resource-property-types"
"Add-VSKendraIndexValueImportanceItem","resource-property-types"
"Add-VSKendraRankingExecutionPlanCapacityUnitsConfiguration","resource-property-types"
"Add-VSKinesisAnalyticsApplicationCSVMappingParameters","resource-property-types"
"Add-VSKinesisAnalyticsApplicationInput","resource-property-types"
"Add-VSKinesisAnalyticsApplicationInputLambdaProcessor","resource-property-types"
"Add-VSKinesisAnalyticsApplicationInputParallelism","resource-property-types"
"Add-VSKinesisAnalyticsApplicationInputProcessingConfiguration","resource-property-types"
"Add-VSKinesisAnalyticsApplicationInputSchema","resource-property-types"
"Add-VSKinesisAnalyticsApplicationJSONMappingParameters","resource-property-types"
"Add-VSKinesisAnalyticsApplicationKinesisFirehoseInput","resource-property-types"
"Add-VSKinesisAnalyticsApplicationKinesisStreamsInput","resource-property-types"
"Add-VSKinesisAnalyticsApplicationMappingParameters","resource-property-types"
"Add-VSKinesisAnalyticsApplicationOutputDestinationSchema","resource-property-types"
"Add-VSKinesisAnalyticsApplicationOutputKinesisFirehoseOutput","resource-property-types"
"Add-VSKinesisAnalyticsApplicationOutputKinesisStreamsOutput","resource-property-types"
"Add-VSKinesisAnalyticsApplicationOutputLambdaOutput","resource-property-types"
"Add-VSKinesisAnalyticsApplicationOutputOutput","resource-property-types"
"Add-VSKinesisAnalyticsApplicationRecordColumn","resource-property-types"
"Add-VSKinesisAnalyticsApplicationRecordFormat","resource-property-types"
"Add-VSKinesisAnalyticsApplicationReferenceDataSourceCSVMappingParameters","resource-property-types"
"Add-VSKinesisAnalyticsApplicationReferenceDataSourceJSONMappingParameters","resource-property-types"
"Add-VSKinesisAnalyticsApplicationReferenceDataSourceMappingParameters","resource-property-types"
"Add-VSKinesisAnalyticsApplicationReferenceDataSourceRecordColumn","resource-property-types"
"Add-VSKinesisAnalyticsApplicationReferenceDataSourceRecordFormat","resource-property-types"
"Add-VSKinesisAnalyticsApplicationReferenceDataSourceReferenceDataSource","resource-property-types"
"Add-VSKinesisAnalyticsApplicationReferenceDataSourceReferenceSchema","resource-property-types"
"Add-VSKinesisAnalyticsApplicationReferenceDataSourceS3ReferenceDataSource","resource-property-types"
"Add-VSKinesisAnalyticsV2ApplicationApplicationCodeConfiguration","resource-property-types"
"Add-VSKinesisAnalyticsV2ApplicationApplicationConfiguration","resource-property-types"
"Add-VSKinesisAnalyticsV2ApplicationApplicationEncryptionConfiguration","resource-property-types"
"Add-VSKinesisAnalyticsV2ApplicationApplicationMaintenanceConfiguration","resource-property-types"
"Add-VSKinesisAnalyticsV2ApplicationApplicationRestoreConfiguration","resource-property-types"
"Add-VSKinesisAnalyticsV2ApplicationApplicationSnapshotConfiguration","resource-property-types"
"Add-VSKinesisAnalyticsV2ApplicationApplicationSystemRollbackConfiguration","resource-property-types"
"Add-VSKinesisAnalyticsV2ApplicationCatalogConfiguration","resource-property-types"
"Add-VSKinesisAnalyticsV2ApplicationCheckpointConfiguration","resource-property-types"
"Add-VSKinesisAnalyticsV2ApplicationCloudWatchLoggingOptionCloudWatchLoggingOption","resource-property-types"
"Add-VSKinesisAnalyticsV2ApplicationCodeContent","resource-property-types"
"Add-VSKinesisAnalyticsV2ApplicationCSVMappingParameters","resource-property-types"
"Add-VSKinesisAnalyticsV2ApplicationCustomArtifactConfiguration","resource-property-types"
"Add-VSKinesisAnalyticsV2ApplicationDeployAsApplicationConfiguration","resource-property-types"
"Add-VSKinesisAnalyticsV2ApplicationEnvironmentProperties","resource-property-types"
"Add-VSKinesisAnalyticsV2ApplicationFlinkApplicationConfiguration","resource-property-types"
"Add-VSKinesisAnalyticsV2ApplicationFlinkRunConfiguration","resource-property-types"
"Add-VSKinesisAnalyticsV2ApplicationGlueDataCatalogConfiguration","resource-property-types"
"Add-VSKinesisAnalyticsV2ApplicationInput","resource-property-types"
"Add-VSKinesisAnalyticsV2ApplicationInputLambdaProcessor","resource-property-types"
"Add-VSKinesisAnalyticsV2ApplicationInputParallelism","resource-property-types"
"Add-VSKinesisAnalyticsV2ApplicationInputProcessingConfiguration","resource-property-types"
"Add-VSKinesisAnalyticsV2ApplicationInputSchema","resource-property-types"
"Add-VSKinesisAnalyticsV2ApplicationJSONMappingParameters","resource-property-types"
"Add-VSKinesisAnalyticsV2ApplicationKinesisFirehoseInput","resource-property-types"
"Add-VSKinesisAnalyticsV2ApplicationKinesisStreamsInput","resource-property-types"
"Add-VSKinesisAnalyticsV2ApplicationMappingParameters","resource-property-types"
"Add-VSKinesisAnalyticsV2ApplicationMavenReference","resource-property-types"
"Add-VSKinesisAnalyticsV2ApplicationMonitoringConfiguration","resource-property-types"
"Add-VSKinesisAnalyticsV2ApplicationOutputDestinationSchema","resource-property-types"
"Add-VSKinesisAnalyticsV2ApplicationOutputKinesisFirehoseOutput","resource-property-types"
"Add-VSKinesisAnalyticsV2ApplicationOutputKinesisStreamsOutput","resource-property-types"
"Add-VSKinesisAnalyticsV2ApplicationOutputLambdaOutput","resource-property-types"
"Add-VSKinesisAnalyticsV2ApplicationOutputOutput","resource-property-types"
"Add-VSKinesisAnalyticsV2ApplicationParallelismConfiguration","resource-property-types"
"Add-VSKinesisAnalyticsV2ApplicationPropertyGroup","resource-property-types"
"Add-VSKinesisAnalyticsV2ApplicationRecordColumn","resource-property-types"
"Add-VSKinesisAnalyticsV2ApplicationRecordFormat","resource-property-types"
"Add-VSKinesisAnalyticsV2ApplicationReferenceDataSourceCSVMappingParameters","resource-property-types"
"Add-VSKinesisAnalyticsV2ApplicationReferenceDataSourceJSONMappingParameters","resource-property-types"
"Add-VSKinesisAnalyticsV2ApplicationReferenceDataSourceMappingParameters","resource-property-types"
"Add-VSKinesisAnalyticsV2ApplicationReferenceDataSourceRecordColumn","resource-property-types"
"Add-VSKinesisAnalyticsV2ApplicationReferenceDataSourceRecordFormat","resource-property-types"
"Add-VSKinesisAnalyticsV2ApplicationReferenceDataSourceReferenceDataSource","resource-property-types"
"Add-VSKinesisAnalyticsV2ApplicationReferenceDataSourceReferenceSchema","resource-property-types"
"Add-VSKinesisAnalyticsV2ApplicationReferenceDataSourceS3ReferenceDataSource","resource-property-types"
"Add-VSKinesisAnalyticsV2ApplicationRunConfiguration","resource-property-types"
"Add-VSKinesisAnalyticsV2ApplicationS3ContentBaseLocation","resource-property-types"
"Add-VSKinesisAnalyticsV2ApplicationS3ContentLocation","resource-property-types"
"Add-VSKinesisAnalyticsV2ApplicationSqlApplicationConfiguration","resource-property-types"
"Add-VSKinesisAnalyticsV2ApplicationVpcConfiguration","resource-property-types"
"Add-VSKinesisAnalyticsV2ApplicationZeppelinApplicationConfiguration","resource-property-types"
"Add-VSKinesisAnalyticsV2ApplicationZeppelinMonitoringConfiguration","resource-property-types"
"Add-VSKinesisFirehoseDeliveryStreamAmazonOpenSearchServerlessBufferingHints","resource-property-types"
"Add-VSKinesisFirehoseDeliveryStreamAmazonOpenSearchServerlessDestinationConfiguration","resource-property-types"
"Add-VSKinesisFirehoseDeliveryStreamAmazonOpenSearchServerlessRetryOptions","resource-property-types"
"Add-VSKinesisFirehoseDeliveryStreamAmazonopensearchserviceBufferingHints","resource-property-types"
"Add-VSKinesisFirehoseDeliveryStreamAmazonopensearchserviceDestinationConfiguration","resource-property-types"
"Add-VSKinesisFirehoseDeliveryStreamAmazonopensearchserviceRetryOptions","resource-property-types"
"Add-VSKinesisFirehoseDeliveryStreamAuthenticationConfiguration","resource-property-types"
"Add-VSKinesisFirehoseDeliveryStreamBufferingHints","resource-property-types"
"Add-VSKinesisFirehoseDeliveryStreamCatalogConfiguration","resource-property-types"
"Add-VSKinesisFirehoseDeliveryStreamCloudWatchLoggingOptions","resource-property-types"
"Add-VSKinesisFirehoseDeliveryStreamCopyCommand","resource-property-types"
"Add-VSKinesisFirehoseDeliveryStreamDatabaseColumns","resource-property-types"
"Add-VSKinesisFirehoseDeliveryStreamDatabases","resource-property-types"
"Add-VSKinesisFirehoseDeliveryStreamDatabaseSourceAuthenticationConfiguration","resource-property-types"
"Add-VSKinesisFirehoseDeliveryStreamDatabaseSourceConfiguration","resource-property-types"
"Add-VSKinesisFirehoseDeliveryStreamDatabaseSourceVPCConfiguration","resource-property-types"
"Add-VSKinesisFirehoseDeliveryStreamDatabaseTables","resource-property-types"
"Add-VSKinesisFirehoseDeliveryStreamDataFormatConversionConfiguration","resource-property-types"
"Add-VSKinesisFirehoseDeliveryStreamDeliveryStreamEncryptionConfigurationInput","resource-property-types"
"Add-VSKinesisFirehoseDeliveryStreamDeserializer","resource-property-types"
"Add-VSKinesisFirehoseDeliveryStreamDestinationTableConfiguration","resource-property-types"
"Add-VSKinesisFirehoseDeliveryStreamDirectPutSourceConfiguration","resource-property-types"
"Add-VSKinesisFirehoseDeliveryStreamDocumentIdOptions","resource-property-types"
"Add-VSKinesisFirehoseDeliveryStreamDynamicPartitioningConfiguration","resource-property-types"
"Add-VSKinesisFirehoseDeliveryStreamElasticsearchBufferingHints","resource-property-types"
"Add-VSKinesisFirehoseDeliveryStreamElasticsearchDestinationConfiguration","resource-property-types"
"Add-VSKinesisFirehoseDeliveryStreamElasticsearchRetryOptions","resource-property-types"
"Add-VSKinesisFirehoseDeliveryStreamEncryptionConfiguration","resource-property-types"
"Add-VSKinesisFirehoseDeliveryStreamExtendedS3DestinationConfiguration","resource-property-types"
"Add-VSKinesisFirehoseDeliveryStreamHiveJsonSerDe","resource-property-types"
"Add-VSKinesisFirehoseDeliveryStreamHttpEndpointCommonAttribute","resource-property-types"
"Add-VSKinesisFirehoseDeliveryStreamHttpEndpointConfiguration","resource-property-types"
"Add-VSKinesisFirehoseDeliveryStreamHttpEndpointDestinationConfiguration","resource-property-types"
"Add-VSKinesisFirehoseDeliveryStreamHttpEndpointRequestConfiguration","resource-property-types"
"Add-VSKinesisFirehoseDeliveryStreamIcebergDestinationConfiguration","resource-property-types"
"Add-VSKinesisFirehoseDeliveryStreamInputFormatConfiguration","resource-property-types"
"Add-VSKinesisFirehoseDeliveryStreamKinesisStreamSourceConfiguration","resource-property-types"
"Add-VSKinesisFirehoseDeliveryStreamKMSEncryptionConfig","resource-property-types"
"Add-VSKinesisFirehoseDeliveryStreamMSKSourceConfiguration","resource-property-types"
"Add-VSKinesisFirehoseDeliveryStreamOpenXJsonSerDe","resource-property-types"
"Add-VSKinesisFirehoseDeliveryStreamOrcSerDe","resource-property-types"
"Add-VSKinesisFirehoseDeliveryStreamOutputFormatConfiguration","resource-property-types"
"Add-VSKinesisFirehoseDeliveryStreamParquetSerDe","resource-property-types"
"Add-VSKinesisFirehoseDeliveryStreamPartitionField","resource-property-types"
"Add-VSKinesisFirehoseDeliveryStreamPartitionSpec","resource-property-types"
"Add-VSKinesisFirehoseDeliveryStreamProcessingConfiguration","resource-property-types"
"Add-VSKinesisFirehoseDeliveryStreamProcessor","resource-property-types"
"Add-VSKinesisFirehoseDeliveryStreamProcessorParameter","resource-property-types"
"Add-VSKinesisFirehoseDeliveryStreamRedshiftDestinationConfiguration","resource-property-types"
"Add-VSKinesisFirehoseDeliveryStreamRedshiftRetryOptions","resource-property-types"
"Add-VSKinesisFirehoseDeliveryStreamRetryOptions","resource-property-types"
"Add-VSKinesisFirehoseDeliveryStreamS3DestinationConfiguration","resource-property-types"
"Add-VSKinesisFirehoseDeliveryStreamSchemaConfiguration","resource-property-types"
"Add-VSKinesisFirehoseDeliveryStreamSchemaEvolutionConfiguration","resource-property-types"
"Add-VSKinesisFirehoseDeliveryStreamSecretsManagerConfiguration","resource-property-types"
"Add-VSKinesisFirehoseDeliveryStreamSerializer","resource-property-types"
"Add-VSKinesisFirehoseDeliveryStreamSnowflakeBufferingHints","resource-property-types"
"Add-VSKinesisFirehoseDeliveryStreamSnowflakeDestinationConfiguration","resource-property-types"
"Add-VSKinesisFirehoseDeliveryStreamSnowflakeRetryOptions","resource-property-types"
"Add-VSKinesisFirehoseDeliveryStreamSnowflakeRoleConfiguration","resource-property-types"
"Add-VSKinesisFirehoseDeliveryStreamSnowflakeVpcConfiguration","resource-property-types"
"Add-VSKinesisFirehoseDeliveryStreamSplunkBufferingHints","resource-property-types"
"Add-VSKinesisFirehoseDeliveryStreamSplunkDestinationConfiguration","resource-property-types"
"Add-VSKinesisFirehoseDeliveryStreamSplunkRetryOptions","resource-property-types"
"Add-VSKinesisFirehoseDeliveryStreamTableCreationConfiguration","resource-property-types"
"Add-VSKinesisFirehoseDeliveryStreamVpcConfiguration","resource-property-types"
"Add-VSKinesisStreamStreamEncryption","resource-property-types"
"Add-VSKinesisStreamStreamModeDetails","resource-property-types"
"Add-VSKinesisStreamWarmThroughputObject","resource-property-types"
"Add-VSKinesisVideoStreamStreamStorageConfiguration","resource-property-types"
"Add-VSLakeFormationDataCellsFilterColumnWildcard","resource-property-types"
"Add-VSLakeFormationDataCellsFilterRowFilter","resource-property-types"
"Add-VSLakeFormationDataLakeSettingsAdmins","resource-property-types"
"Add-VSLakeFormationDataLakeSettingsCreateDatabaseDefaultPermissions","resource-property-types"
"Add-VSLakeFormationDataLakeSettingsCreateTableDefaultPermissions","resource-property-types"
"Add-VSLakeFormationDataLakeSettingsDataLakePrincipal","resource-property-types"
"Add-VSLakeFormationDataLakeSettingsExternalDataFilteringAllowList","resource-property-types"
"Add-VSLakeFormationDataLakeSettingsPrincipalPermissions","resource-property-types"
"Add-VSLakeFormationDataLakeSettingsReadOnlyAdmins","resource-property-types"
"Add-VSLakeFormationPermissionsColumnWildcard","resource-property-types"
"Add-VSLakeFormationPermissionsDatabaseResource","resource-property-types"
"Add-VSLakeFormationPermissionsDataLakePrincipal","resource-property-types"
"Add-VSLakeFormationPermissionsDataLocationResource","resource-property-types"
"Add-VSLakeFormationPermissionsResource","resource-property-types"
"Add-VSLakeFormationPermissionsTableResource","resource-property-types"
"Add-VSLakeFormationPermissionsTableWildcard","resource-property-types"
"Add-VSLakeFormationPermissionsTableWithColumnsResource","resource-property-types"
"Add-VSLakeFormationPrincipalPermissionsColumnWildcard","resource-property-types"
"Add-VSLakeFormationPrincipalPermissionsDatabaseResource","resource-property-types"
"Add-VSLakeFormationPrincipalPermissionsDataCellsFilterResource","resource-property-types"
"Add-VSLakeFormationPrincipalPermissionsDataLakePrincipal","resource-property-types"
"Add-VSLakeFormationPrincipalPermissionsDataLocationResource","resource-property-types"
"Add-VSLakeFormationPrincipalPermissionsLFTag","resource-property-types"
"Add-VSLakeFormationPrincipalPermissionsLFTagKeyResource","resource-property-types"
"Add-VSLakeFormationPrincipalPermissionsLFTagPolicyResource","resource-property-types"
"Add-VSLakeFormationPrincipalPermissionsResource","resource-property-types"
"Add-VSLakeFormationPrincipalPermissionsTableResource","resource-property-types"
"Add-VSLakeFormationPrincipalPermissionsTableWithColumnsResource","resource-property-types"
"Add-VSLakeFormationTagAssociationDatabaseResource","resource-property-types"
"Add-VSLakeFormationTagAssociationLFTagPair","resource-property-types"
"Add-VSLakeFormationTagAssociationResource","resource-property-types"
"Add-VSLakeFormationTagAssociationTableResource","resource-property-types"
"Add-VSLakeFormationTagAssociationTableWithColumnsResource","resource-property-types"
"Add-VSLambdaAliasAliasRoutingConfiguration","resource-property-types"
"Add-VSLambdaAliasProvisionedConcurrencyConfiguration","resource-property-types"
"Add-VSLambdaAliasVersionWeight","resource-property-types"
"Add-VSLambdaCapacityProviderCapacityProviderPermissionsConfig","resource-property-types"
"Add-VSLambdaCapacityProviderCapacityProviderScalingConfig","resource-property-types"
"Add-VSLambdaCapacityProviderCapacityProviderVpcConfig","resource-property-types"
"Add-VSLambdaCapacityProviderInstanceRequirements","resource-property-types"
"Add-VSLambdaCapacityProviderTargetTrackingScalingPolicy","resource-property-types"
"Add-VSLambdaCodeSigningConfigAllowedPublishers","resource-property-types"
"Add-VSLambdaCodeSigningConfigCodeSigningPolicies","resource-property-types"
"Add-VSLambdaEventInvokeConfigDestinationConfig","resource-property-types"
"Add-VSLambdaEventInvokeConfigOnFailure","resource-property-types"
"Add-VSLambdaEventInvokeConfigOnSuccess","resource-property-types"
"Add-VSLambdaEventSourceMappingAmazonManagedKafkaEventSourceConfig","resource-property-types"
"Add-VSLambdaEventSourceMappingDestinationConfig","resource-property-types"
"Add-VSLambdaEventSourceMappingDocumentDBEventSourceConfig","resource-property-types"
"Add-VSLambdaEventSourceMappingEndpoints","resource-property-types"
"Add-VSLambdaEventSourceMappingFilter","resource-property-types"
"Add-VSLambdaEventSourceMappingFilterCriteria","resource-property-types"
"Add-VSLambdaEventSourceMappingLoggingConfig","resource-property-types"
"Add-VSLambdaEventSourceMappingMetricsConfig","resource-property-types"
"Add-VSLambdaEventSourceMappingOnFailure","resource-property-types"
"Add-VSLambdaEventSourceMappingProvisionedPollerConfig","resource-property-types"
"Add-VSLambdaEventSourceMappingScalingConfig","resource-property-types"
"Add-VSLambdaEventSourceMappingSchemaRegistryAccessConfig","resource-property-types"
"Add-VSLambdaEventSourceMappingSchemaRegistryConfig","resource-property-types"
"Add-VSLambdaEventSourceMappingSchemaValidationConfig","resource-property-types"
"Add-VSLambdaEventSourceMappingSelfManagedEventSource","resource-property-types"
"Add-VSLambdaEventSourceMappingSelfManagedKafkaEventSourceConfig","resource-property-types"
"Add-VSLambdaEventSourceMappingSourceAccessConfiguration","resource-property-types"
"Add-VSLambdaFunctionCapacityProviderConfig","resource-property-types"
"Add-VSLambdaFunctionCode","resource-property-types"
"Add-VSLambdaFunctionDeadLetterConfig","resource-property-types"
"Add-VSLambdaFunctionDurableConfig","resource-property-types"
"Add-VSLambdaFunctionEnvironment","resource-property-types"
"Add-VSLambdaFunctionEphemeralStorage","resource-property-types"
"Add-VSLambdaFunctionFileSystemConfig","resource-property-types"
"Add-VSLambdaFunctionFunctionScalingConfig","resource-property-types"
"Add-VSLambdaFunctionImageConfig","resource-property-types"
"Add-VSLambdaFunctionLambdaManagedInstancesCapacityProviderConfig","resource-property-types"
"Add-VSLambdaFunctionLoggingConfig","resource-property-types"
"Add-VSLambdaFunctionRuntimeManagementConfig","resource-property-types"
"Add-VSLambdaFunctionSnapStart","resource-property-types"
"Add-VSLambdaFunctionSnapStartResponse","resource-property-types"
"Add-VSLambdaFunctionTenancyConfig","resource-property-types"
"Add-VSLambdaFunctionTracingConfig","resource-property-types"
"Add-VSLambdaFunctionVpcConfig","resource-property-types"
"Add-VSLambdaLayerVersionContent","resource-property-types"
"Add-VSLambdaUrlCors","resource-property-types"
"Add-VSLambdaVersionFunctionScalingConfig","resource-property-types"
"Add-VSLambdaVersionProvisionedConcurrencyConfiguration","resource-property-types"
"Add-VSLambdaVersionRuntimePolicy","resource-property-types"
"Add-VSLaunchWizardDeploymentTags","resource-property-types"
"Add-VSLexBotAdvancedRecognitionSetting","resource-property-types"
"Add-VSLexBotAliasAudioLogDestination","resource-property-types"
"Add-VSLexBotAliasAudioLogSetting","resource-property-types"
"Add-VSLexBotAliasBotAliasLocaleSettings","resource-property-types"
"Add-VSLexBotAliasBotAliasLocaleSettingsItem","resource-property-types"
"Add-VSLexBotAliasCloudWatchLogGroupLogDestination","resource-property-types"
"Add-VSLexBotAliasCodeHookSpecification","resource-property-types"
"Add-VSLexBotAliasConversationLogSettings","resource-property-types"
"Add-VSLexBotAliasLambdaCodeHook","resource-property-types"
"Add-VSLexBotAliasS3BucketLogDestination","resource-property-types"
"Add-VSLexBotAliasSentimentAnalysisSettings","resource-property-types"
"Add-VSLexBotAliasTextLogDestination","resource-property-types"
"Add-VSLexBotAliasTextLogSetting","resource-property-types"
"Add-VSLexBotAllowedInputTypes","resource-property-types"
"Add-VSLexBotAudioAndDTMFInputSpecification","resource-property-types"
"Add-VSLexBotAudioLogDestination","resource-property-types"
"Add-VSLexBotAudioLogSetting","resource-property-types"
"Add-VSLexBotAudioSpecification","resource-property-types"
"Add-VSLexBotBedrockAgentConfiguration","resource-property-types"
"Add-VSLexBotBedrockAgentIntentConfiguration","resource-property-types"
"Add-VSLexBotBedrockAgentIntentKnowledgeBaseConfiguration","resource-property-types"
"Add-VSLexBotBedrockGuardrailConfiguration","resource-property-types"
"Add-VSLexBotBedrockKnowledgeStoreConfiguration","resource-property-types"
"Add-VSLexBotBedrockModelSpecification","resource-property-types"
"Add-VSLexBotBKBExactResponseFields","resource-property-types"
"Add-VSLexBotBotAliasLocaleSettings","resource-property-types"
"Add-VSLexBotBotAliasLocaleSettingsItem","resource-property-types"
"Add-VSLexBotBotLocale","resource-property-types"
"Add-VSLexBotBuildtimeSettings","resource-property-types"
"Add-VSLexBotButton","resource-property-types"
"Add-VSLexBotCloudWatchLogGroupLogDestination","resource-property-types"
"Add-VSLexBotCodeHookSpecification","resource-property-types"
"Add-VSLexBotCompositeSlotTypeSetting","resource-property-types"
"Add-VSLexBotCondition","resource-property-types"
"Add-VSLexBotConditionalBranch","resource-property-types"
"Add-VSLexBotConditionalSpecification","resource-property-types"
"Add-VSLexBotConversationLogSettings","resource-property-types"
"Add-VSLexBotCustomPayload","resource-property-types"
"Add-VSLexBotCustomVocabulary","resource-property-types"
"Add-VSLexBotCustomVocabularyItem","resource-property-types"
"Add-VSLexBotDataPrivacy","resource-property-types"
"Add-VSLexBotDataSourceConfiguration","resource-property-types"
"Add-VSLexBotDefaultConditionalBranch","resource-property-types"
"Add-VSLexBotDescriptiveBotBuilderSpecification","resource-property-types"
"Add-VSLexBotDialogAction","resource-property-types"
"Add-VSLexBotDialogCodeHookInvocationSetting","resource-property-types"
"Add-VSLexBotDialogCodeHookSetting","resource-property-types"
"Add-VSLexBotDialogState","resource-property-types"
"Add-VSLexBotDTMFSpecification","resource-property-types"
"Add-VSLexBotElicitationCodeHookInvocationSetting","resource-property-types"
"Add-VSLexBotErrorLogSettings","resource-property-types"
"Add-VSLexBotExactResponseFields","resource-property-types"
"Add-VSLexBotExternalSourceSetting","resource-property-types"
"Add-VSLexBotFulfillmentCodeHookSetting","resource-property-types"
"Add-VSLexBotFulfillmentStartResponseSpecification","resource-property-types"
"Add-VSLexBotFulfillmentUpdateResponseSpecification","resource-property-types"
"Add-VSLexBotFulfillmentUpdatesSpecification","resource-property-types"
"Add-VSLexBotGenerativeAISettings","resource-property-types"
"Add-VSLexBotGrammarSlotTypeSetting","resource-property-types"
"Add-VSLexBotGrammarSlotTypeSource","resource-property-types"
"Add-VSLexBotImageResponseCard","resource-property-types"
"Add-VSLexBotInitialResponseSetting","resource-property-types"
"Add-VSLexBotInputContext","resource-property-types"
"Add-VSLexBotIntent","resource-property-types"
"Add-VSLexBotIntentClosingSetting","resource-property-types"
"Add-VSLexBotIntentConfirmationSetting","resource-property-types"
"Add-VSLexBotIntentDisambiguationSettings","resource-property-types"
"Add-VSLexBotIntentOverride","resource-property-types"
"Add-VSLexBotKendraConfiguration","resource-property-types"
"Add-VSLexBotLambdaCodeHook","resource-property-types"
"Add-VSLexBotMessage","resource-property-types"
"Add-VSLexBotMessageGroup","resource-property-types"
"Add-VSLexBotMultipleValuesSetting","resource-property-types"
"Add-VSLexBotNluImprovementSpecification","resource-property-types"
"Add-VSLexBotObfuscationSetting","resource-property-types"
"Add-VSLexBotOpensearchConfiguration","resource-property-types"
"Add-VSLexBotOutputContext","resource-property-types"
"Add-VSLexBotPlainTextMessage","resource-property-types"
"Add-VSLexBotPostDialogCodeHookInvocationSpecification","resource-property-types"
"Add-VSLexBotPostFulfillmentStatusSpecification","resource-property-types"
"Add-VSLexBotPromptAttemptSpecification","resource-property-types"
"Add-VSLexBotPromptSpecification","resource-property-types"
"Add-VSLexBotQInConnectAssistantConfiguration","resource-property-types"
"Add-VSLexBotQInConnectIntentConfiguration","resource-property-types"
"Add-VSLexBotQnAIntentConfiguration","resource-property-types"
"Add-VSLexBotQnAKendraConfiguration","resource-property-types"
"Add-VSLexBotReplication","resource-property-types"
"Add-VSLexBotResponseSpecification","resource-property-types"
"Add-VSLexBotRuntimeSettings","resource-property-types"
"Add-VSLexBotS3BucketLogDestination","resource-property-types"
"Add-VSLexBotS3Location","resource-property-types"
"Add-VSLexBotSampleUtterance","resource-property-types"
"Add-VSLexBotSampleUtteranceGenerationSpecification","resource-property-types"
"Add-VSLexBotSampleValue","resource-property-types"
"Add-VSLexBotSentimentAnalysisSettings","resource-property-types"
"Add-VSLexBotSessionAttribute","resource-property-types"
"Add-VSLexBotSlot","resource-property-types"
"Add-VSLexBotSlotCaptureSetting","resource-property-types"
"Add-VSLexBotSlotDefaultValue","resource-property-types"
"Add-VSLexBotSlotDefaultValueSpecification","resource-property-types"
"Add-VSLexBotSlotPriority","resource-property-types"
"Add-VSLexBotSlotResolutionImprovementSpecification","resource-property-types"
"Add-VSLexBotSlotType","resource-property-types"
"Add-VSLexBotSlotTypeValue","resource-property-types"
"Add-VSLexBotSlotValue","resource-property-types"
"Add-VSLexBotSlotValueElicitationSetting","resource-property-types"
"Add-VSLexBotSlotValueOverride","resource-property-types"
"Add-VSLexBotSlotValueOverrideMap","resource-property-types"
"Add-VSLexBotSlotValueRegexFilter","resource-property-types"
"Add-VSLexBotSlotValueSelectionSetting","resource-property-types"
"Add-VSLexBotSpecifications","resource-property-types"
"Add-VSLexBotSpeechFoundationModel","resource-property-types"
"Add-VSLexBotSSMLMessage","resource-property-types"
"Add-VSLexBotStillWaitingResponseSpecification","resource-property-types"
"Add-VSLexBotSubSlotSetting","resource-property-types"
"Add-VSLexBotSubSlotTypeComposition","resource-property-types"
"Add-VSLexBotSubSlotValueElicitationSetting","resource-property-types"
"Add-VSLexBotTestBotAliasSettings","resource-property-types"
"Add-VSLexBotTextInputSpecification","resource-property-types"
"Add-VSLexBotTextLogDestination","resource-property-types"
"Add-VSLexBotTextLogSetting","resource-property-types"
"Add-VSLexBotUnifiedSpeechSettings","resource-property-types"
"Add-VSLexBotVersionBotVersionLocaleDetails","resource-property-types"
"Add-VSLexBotVersionBotVersionLocaleSpecification","resource-property-types"
"Add-VSLexBotVoiceSettings","resource-property-types"
"Add-VSLexBotWaitAndContinueSpecification","resource-property-types"
"Add-VSLicenseManagerLicenseBorrowConfiguration","resource-property-types"
"Add-VSLicenseManagerLicenseConsumptionConfiguration","resource-property-types"
"Add-VSLicenseManagerLicenseEntitlement","resource-property-types"
"Add-VSLicenseManagerLicenseIssuerData","resource-property-types"
"Add-VSLicenseManagerLicenseMetadata","resource-property-types"
"Add-VSLicenseManagerLicenseProvisionalConfiguration","resource-property-types"
"Add-VSLicenseManagerLicenseValidityDateFormat","resource-property-types"
"Add-VSLightsailBucketAccessRules","resource-property-types"
"Add-VSLightsailContainerContainer","resource-property-types"
"Add-VSLightsailContainerContainerServiceDeployment","resource-property-types"
"Add-VSLightsailContainerEcrImagePullerRole","resource-property-types"
"Add-VSLightsailContainerEnvironmentVariable","resource-property-types"
"Add-VSLightsailContainerHealthCheckConfig","resource-property-types"
"Add-VSLightsailContainerPortInfo","resource-property-types"
"Add-VSLightsailContainerPrivateRegistryAccess","resource-property-types"
"Add-VSLightsailContainerPublicDomainName","resource-property-types"
"Add-VSLightsailContainerPublicEndpoint","resource-property-types"
"Add-VSLightsailDatabaseRelationalDatabaseParameter","resource-property-types"
"Add-VSLightsailDiskAddOn","resource-property-types"
"Add-VSLightsailDiskAutoSnapshotAddOn","resource-property-types"
"Add-VSLightsailDiskLocation","resource-property-types"
"Add-VSLightsailDiskSnapshotLocation","resource-property-types"
"Add-VSLightsailDistributionCacheBehavior","resource-property-types"
"Add-VSLightsailDistributionCacheBehaviorPerPath","resource-property-types"
"Add-VSLightsailDistributionCacheSettings","resource-property-types"
"Add-VSLightsailDistributionCookieObject","resource-property-types"
"Add-VSLightsailDistributionHeaderObject","resource-property-types"
"Add-VSLightsailDistributionInputOrigin","resource-property-types"
"Add-VSLightsailDistributionQueryStringObject","resource-property-types"
"Add-VSLightsailDomainDomainEntry","resource-property-types"
"Add-VSLightsailDomainLocation","resource-property-types"
"Add-VSLightsailInstanceAddOn","resource-property-types"
"Add-VSLightsailInstanceAutoSnapshotAddOn","resource-property-types"
"Add-VSLightsailInstanceDisk","resource-property-types"
"Add-VSLightsailInstanceHardware","resource-property-types"
"Add-VSLightsailInstanceLocation","resource-property-types"
"Add-VSLightsailInstanceMonthlyTransfer","resource-property-types"
"Add-VSLightsailInstanceNetworking","resource-property-types"
"Add-VSLightsailInstancePort","resource-property-types"
"Add-VSLightsailInstanceSnapshotLocation","resource-property-types"
"Add-VSLightsailInstanceState","resource-property-types"
"Add-VSLocationAPIKeyAndroidApp","resource-property-types"
"Add-VSLocationAPIKeyApiKeyRestrictions","resource-property-types"
"Add-VSLocationAPIKeyAppleApp","resource-property-types"
"Add-VSLocationMapMapConfiguration","resource-property-types"
"Add-VSLocationPlaceIndexDataSourceConfiguration","resource-property-types"
"Add-VSLogsDeliveryDestinationDestinationPolicy","resource-property-types"
"Add-VSLogsIntegrationOpenSearchResourceConfig","resource-property-types"
"Add-VSLogsIntegrationResourceConfig","resource-property-types"
"Add-VSLogsMetricFilterDimension","resource-property-types"
"Add-VSLogsMetricFilterMetricTransformation","resource-property-types"
"Add-VSLogsTransformerAddKeyEntry","resource-property-types"
"Add-VSLogsTransformerAddKeys","resource-property-types"
"Add-VSLogsTransformerCopyValue","resource-property-types"
"Add-VSLogsTransformerCopyValueEntry","resource-property-types"
"Add-VSLogsTransformerCsv","resource-property-types"
"Add-VSLogsTransformerDateTimeConverter","resource-property-types"
"Add-VSLogsTransformerDeleteKeys","resource-property-types"
"Add-VSLogsTransformerGrok","resource-property-types"
"Add-VSLogsTransformerListToMap","resource-property-types"
"Add-VSLogsTransformerLowerCaseString","resource-property-types"
"Add-VSLogsTransformerMoveKeyEntry","resource-property-types"
"Add-VSLogsTransformerMoveKeys","resource-property-types"
"Add-VSLogsTransformerParseCloudfront","resource-property-types"
"Add-VSLogsTransformerParseJSON","resource-property-types"
"Add-VSLogsTransformerParseKeyValue","resource-property-types"
"Add-VSLogsTransformerParsePostgres","resource-property-types"
"Add-VSLogsTransformerParseRoute53","resource-property-types"
"Add-VSLogsTransformerParseToOCSF","resource-property-types"
"Add-VSLogsTransformerParseVPC","resource-property-types"
"Add-VSLogsTransformerParseWAF","resource-property-types"
"Add-VSLogsTransformerProcessor","resource-property-types"
"Add-VSLogsTransformerRenameKeyEntry","resource-property-types"
"Add-VSLogsTransformerRenameKeys","resource-property-types"
"Add-VSLogsTransformerSplitString","resource-property-types"
"Add-VSLogsTransformerSplitStringEntry","resource-property-types"
"Add-VSLogsTransformerSubstituteString","resource-property-types"
"Add-VSLogsTransformerSubstituteStringEntry","resource-property-types"
"Add-VSLogsTransformerTrimString","resource-property-types"
"Add-VSLogsTransformerTypeConverter","resource-property-types"
"Add-VSLogsTransformerTypeConverterEntry","resource-property-types"
"Add-VSLogsTransformerUpperCaseString","resource-property-types"
"Add-VSLookoutEquipmentInferenceSchedulerDataInputConfiguration","resource-property-types"
"Add-VSLookoutEquipmentInferenceSchedulerDataOutputConfiguration","resource-property-types"
"Add-VSLookoutEquipmentInferenceSchedulerInputNameConfiguration","resource-property-types"
"Add-VSLookoutEquipmentInferenceSchedulerS3InputConfiguration","resource-property-types"
"Add-VSLookoutEquipmentInferenceSchedulerS3OutputConfiguration","resource-property-types"
"Add-VSM2ApplicationDefinition","resource-property-types"
"Add-VSM2EnvironmentEfsStorageConfiguration","resource-property-types"
"Add-VSM2EnvironmentFsxStorageConfiguration","resource-property-types"
"Add-VSM2EnvironmentHighAvailabilityConfig","resource-property-types"
"Add-VSM2EnvironmentStorageConfiguration","resource-property-types"
"Add-VSMacieAllowListCriteria","resource-property-types"
"Add-VSMacieAllowListS3WordsList","resource-property-types"
"Add-VSMacieFindingsFilterCriterionAdditionalProperties","resource-property-types"
"Add-VSMacieFindingsFilterFindingCriteria","resource-property-types"
"Add-VSManagedBlockchainMemberApprovalThresholdPolicy","resource-property-types"
"Add-VSManagedBlockchainMemberMemberConfiguration","resource-property-types"
"Add-VSManagedBlockchainMemberMemberFabricConfiguration","resource-property-types"
"Add-VSManagedBlockchainMemberMemberFrameworkConfiguration","resource-property-types"
"Add-VSManagedBlockchainMemberNetworkConfiguration","resource-property-types"
"Add-VSManagedBlockchainMemberNetworkFabricConfiguration","resource-property-types"
"Add-VSManagedBlockchainMemberNetworkFrameworkConfiguration","resource-property-types"
"Add-VSManagedBlockchainMemberVotingPolicy","resource-property-types"
"Add-VSManagedBlockchainNodeNodeConfiguration","resource-property-types"
"Add-VSMediaConnectBridgeBridgeFlowSource","resource-property-types"
"Add-VSMediaConnectBridgeBridgeNetworkOutput","resource-property-types"
"Add-VSMediaConnectBridgeBridgeNetworkSource","resource-property-types"
"Add-VSMediaConnectBridgeBridgeOutput","resource-property-types"
"Add-VSMediaConnectBridgeBridgeSource","resource-property-types"
"Add-VSMediaConnectBridgeEgressGatewayBridge","resource-property-types"
"Add-VSMediaConnectBridgeFailoverConfig","resource-property-types"
"Add-VSMediaConnectBridgeIngressGatewayBridge","resource-property-types"
"Add-VSMediaConnectBridgeMulticastSourceSettings","resource-property-types"
"Add-VSMediaConnectBridgeOutputBridgeNetworkOutput","resource-property-types"
"Add-VSMediaConnectBridgeSourceBridgeFlowSource","resource-property-types"
"Add-VSMediaConnectBridgeSourceBridgeNetworkSource","resource-property-types"
"Add-VSMediaConnectBridgeSourceMulticastSourceSettings","resource-property-types"
"Add-VSMediaConnectBridgeSourcePriority","resource-property-types"
"Add-VSMediaConnectBridgeSourceVpcInterfaceAttachment","resource-property-types"
"Add-VSMediaConnectBridgeVpcInterfaceAttachment","resource-property-types"
"Add-VSMediaConnectFlowAudioMonitoringSetting","resource-property-types"
"Add-VSMediaConnectFlowBlackFrames","resource-property-types"
"Add-VSMediaConnectFlowEncryption","resource-property-types"
"Add-VSMediaConnectFlowEntitlementEncryption","resource-property-types"
"Add-VSMediaConnectFlowFailoverConfig","resource-property-types"
"Add-VSMediaConnectFlowFlowTransitEncryption","resource-property-types"
"Add-VSMediaConnectFlowFlowTransitEncryptionKeyConfiguration","resource-property-types"
"Add-VSMediaConnectFlowFmtp","resource-property-types"
"Add-VSMediaConnectFlowFrozenFrames","resource-property-types"
"Add-VSMediaConnectFlowGatewayBridgeSource","resource-property-types"
"Add-VSMediaConnectFlowInputConfiguration","resource-property-types"
"Add-VSMediaConnectFlowInterface","resource-property-types"
"Add-VSMediaConnectFlowMaintenance","resource-property-types"
"Add-VSMediaConnectFlowMediaStream","resource-property-types"
"Add-VSMediaConnectFlowMediaStreamAttributes","resource-property-types"
"Add-VSMediaConnectFlowMediaStreamSourceConfiguration","resource-property-types"
"Add-VSMediaConnectFlowNdiConfig","resource-property-types"
"Add-VSMediaConnectFlowNdiDiscoveryServerConfig","resource-property-types"
"Add-VSMediaConnectFlowOutputDestinationConfiguration","resource-property-types"
"Add-VSMediaConnectFlowOutputEncodingParameters","resource-property-types"
"Add-VSMediaConnectFlowOutputEncryption","resource-property-types"
"Add-VSMediaConnectFlowOutputFlowTransitEncryption","resource-property-types"
"Add-VSMediaConnectFlowOutputFlowTransitEncryptionKeyConfiguration","resource-property-types"
"Add-VSMediaConnectFlowOutputInterface","resource-property-types"
"Add-VSMediaConnectFlowOutputMediaStreamOutputConfiguration","resource-property-types"
"Add-VSMediaConnectFlowOutputSecretsManagerEncryptionKeyConfiguration","resource-property-types"
"Add-VSMediaConnectFlowOutputVpcInterfaceAttachment","resource-property-types"
"Add-VSMediaConnectFlowSecretsManagerEncryptionKeyConfiguration","resource-property-types"
"Add-VSMediaConnectFlowSilentAudio","resource-property-types"
"Add-VSMediaConnectFlowSource","resource-property-types"
"Add-VSMediaConnectFlowSourceEncryption","resource-property-types"
"Add-VSMediaConnectFlowSourceGatewayBridgeSource","resource-property-types"
"Add-VSMediaConnectFlowSourceMonitoringConfig","resource-property-types"
"Add-VSMediaConnectFlowSourcePriority","resource-property-types"
"Add-VSMediaConnectFlowSourceVpcInterfaceAttachment","resource-property-types"
"Add-VSMediaConnectFlowVideoMonitoringSetting","resource-property-types"
"Add-VSMediaConnectFlowVpcInterface","resource-property-types"
"Add-VSMediaConnectFlowVpcInterfaceAttachment","resource-property-types"
"Add-VSMediaConnectGatewayGatewayNetwork","resource-property-types"
"Add-VSMediaConnectRouterInputFailoverRouterInputConfiguration","resource-property-types"
"Add-VSMediaConnectRouterInputFailoverRouterInputProtocolConfiguration","resource-property-types"
"Add-VSMediaConnectRouterInputFlowTransitEncryption","resource-property-types"
"Add-VSMediaConnectRouterInputFlowTransitEncryptionKeyConfiguration","resource-property-types"
"Add-VSMediaConnectRouterInputMaintenanceConfiguration","resource-property-types"
"Add-VSMediaConnectRouterInputMediaConnectFlowRouterInputConfiguration","resource-property-types"
"Add-VSMediaConnectRouterInputMergeRouterInputConfiguration","resource-property-types"
"Add-VSMediaConnectRouterInputMergeRouterInputProtocolConfiguration","resource-property-types"
"Add-VSMediaConnectRouterInputPreferredDayTimeMaintenanceConfiguration","resource-property-types"
"Add-VSMediaConnectRouterInputRistRouterInputConfiguration","resource-property-types"
"Add-VSMediaConnectRouterInputRouterInputConfiguration","resource-property-types"
"Add-VSMediaConnectRouterInputRouterInputProtocolConfiguration","resource-property-types"
"Add-VSMediaConnectRouterInputRouterInputTransitEncryption","resource-property-types"
"Add-VSMediaConnectRouterInputRouterInputTransitEncryptionKeyConfiguration","resource-property-types"
"Add-VSMediaConnectRouterInputRtpRouterInputConfiguration","resource-property-types"
"Add-VSMediaConnectRouterInputSecretsManagerEncryptionKeyConfiguration","resource-property-types"
"Add-VSMediaConnectRouterInputSrtCallerRouterInputConfiguration","resource-property-types"
"Add-VSMediaConnectRouterInputSrtDecryptionConfiguration","resource-property-types"
"Add-VSMediaConnectRouterInputSrtListenerRouterInputConfiguration","resource-property-types"
"Add-VSMediaConnectRouterInputStandardRouterInputConfiguration","resource-property-types"
"Add-VSMediaConnectRouterNetworkInterfacePublicRouterNetworkInterfaceConfiguration","resource-property-types"
"Add-VSMediaConnectRouterNetworkInterfacePublicRouterNetworkInterfaceRule","resource-property-types"
"Add-VSMediaConnectRouterNetworkInterfaceRouterNetworkInterfaceConfiguration","resource-property-types"
"Add-VSMediaConnectRouterNetworkInterfaceVpcRouterNetworkInterfaceConfiguration","resource-property-types"
"Add-VSMediaConnectRouterOutputFlowTransitEncryption","resource-property-types"
"Add-VSMediaConnectRouterOutputFlowTransitEncryptionKeyConfiguration","resource-property-types"
"Add-VSMediaConnectRouterOutputMaintenanceConfiguration","resource-property-types"
"Add-VSMediaConnectRouterOutputMediaConnectFlowRouterOutputConfiguration","resource-property-types"
"Add-VSMediaConnectRouterOutputMediaLiveInputRouterOutputConfiguration","resource-property-types"
"Add-VSMediaConnectRouterOutputMediaLiveTransitEncryption","resource-property-types"
"Add-VSMediaConnectRouterOutputMediaLiveTransitEncryptionKeyConfiguration","resource-property-types"
"Add-VSMediaConnectRouterOutputPreferredDayTimeMaintenanceConfiguration","resource-property-types"
"Add-VSMediaConnectRouterOutputRistRouterOutputConfiguration","resource-property-types"
"Add-VSMediaConnectRouterOutputRouterOutputConfiguration","resource-property-types"
"Add-VSMediaConnectRouterOutputRouterOutputProtocolConfiguration","resource-property-types"
"Add-VSMediaConnectRouterOutputRtpRouterOutputConfiguration","resource-property-types"
"Add-VSMediaConnectRouterOutputSecretsManagerEncryptionKeyConfiguration","resource-property-types"
"Add-VSMediaConnectRouterOutputSrtCallerRouterOutputConfiguration","resource-property-types"
"Add-VSMediaConnectRouterOutputSrtEncryptionConfiguration","resource-property-types"
"Add-VSMediaConnectRouterOutputSrtListenerRouterOutputConfiguration","resource-property-types"
"Add-VSMediaConnectRouterOutputStandardRouterOutputConfiguration","resource-property-types"
"Add-VSMediaConvertJobTemplateAccelerationSettings","resource-property-types"
"Add-VSMediaConvertJobTemplateHopDestination","resource-property-types"
"Add-VSMediaLiveChannelAacSettings","resource-property-types"
"Add-VSMediaLiveChannelAc3Settings","resource-property-types"
"Add-VSMediaLiveChannelAdditionalDestinations","resource-property-types"
"Add-VSMediaLiveChannelAncillarySourceSettings","resource-property-types"
"Add-VSMediaLiveChannelAnywhereSettings","resource-property-types"
"Add-VSMediaLiveChannelArchiveCdnSettings","resource-property-types"
"Add-VSMediaLiveChannelArchiveContainerSettings","resource-property-types"
"Add-VSMediaLiveChannelArchiveGroupSettings","resource-property-types"
"Add-VSMediaLiveChannelArchiveOutputSettings","resource-property-types"
"Add-VSMediaLiveChannelArchiveS3Settings","resource-property-types"
"Add-VSMediaLiveChannelAribDestinationSettings","resource-property-types"
"Add-VSMediaLiveChannelAribSourceSettings","resource-property-types"
"Add-VSMediaLiveChannelAudioChannelMapping","resource-property-types"
"Add-VSMediaLiveChannelAudioCodecSettings","resource-property-types"
"Add-VSMediaLiveChannelAudioDescription","resource-property-types"
"Add-VSMediaLiveChannelAudioDolbyEDecode","resource-property-types"
"Add-VSMediaLiveChannelAudioHlsRenditionSelection","resource-property-types"
"Add-VSMediaLiveChannelAudioLanguageSelection","resource-property-types"
"Add-VSMediaLiveChannelAudioNormalizationSettings","resource-property-types"
"Add-VSMediaLiveChannelAudioOnlyHlsSettings","resource-property-types"
"Add-VSMediaLiveChannelAudioPidSelection","resource-property-types"
"Add-VSMediaLiveChannelAudioSelector","resource-property-types"
"Add-VSMediaLiveChannelAudioSelectorSettings","resource-property-types"
"Add-VSMediaLiveChannelAudioSilenceFailoverSettings","resource-property-types"
"Add-VSMediaLiveChannelAudioTrack","resource-property-types"
"Add-VSMediaLiveChannelAudioTrackSelection","resource-property-types"
"Add-VSMediaLiveChannelAudioWatermarkSettings","resource-property-types"
"Add-VSMediaLiveChannelAutomaticInputFailoverSettings","resource-property-types"
"Add-VSMediaLiveChannelAv1ColorSpaceSettings","resource-property-types"
"Add-VSMediaLiveChannelAv1Settings","resource-property-types"
"Add-VSMediaLiveChannelAvailBlanking","resource-property-types"
"Add-VSMediaLiveChannelAvailConfiguration","resource-property-types"
"Add-VSMediaLiveChannelAvailSettings","resource-property-types"
"Add-VSMediaLiveChannelBandwidthReductionFilterSettings","resource-property-types"
"Add-VSMediaLiveChannelBlackoutSlate","resource-property-types"
"Add-VSMediaLiveChannelBurnInDestinationSettings","resource-property-types"
"Add-VSMediaLiveChannelCaptionDescription","resource-property-types"
"Add-VSMediaLiveChannelCaptionDestinationSettings","resource-property-types"
"Add-VSMediaLiveChannelCaptionLanguageMapping","resource-property-types"
"Add-VSMediaLiveChannelCaptionRectangle","resource-property-types"
"Add-VSMediaLiveChannelCaptionSelector","resource-property-types"
"Add-VSMediaLiveChannelCaptionSelectorSettings","resource-property-types"
"Add-VSMediaLiveChannelCdiInputSpecification","resource-property-types"
"Add-VSMediaLiveChannelChannelEngineVersionRequest","resource-property-types"
"Add-VSMediaLiveChannelCmafIngestCaptionLanguageMapping","resource-property-types"
"Add-VSMediaLiveChannelCmafIngestGroupSettings","resource-property-types"
"Add-VSMediaLiveChannelCmafIngestOutputSettings","resource-property-types"
"Add-VSMediaLiveChannelColorCorrection","resource-property-types"
"Add-VSMediaLiveChannelColorCorrectionSettings","resource-property-types"
"Add-VSMediaLiveChannelColorSpacePassthroughSettings","resource-property-types"
"Add-VSMediaLiveChannelDolbyVision81Settings","resource-property-types"
"Add-VSMediaLiveChannelDvbNitSettings","resource-property-types"
"Add-VSMediaLiveChannelDvbSdtSettings","resource-property-types"
"Add-VSMediaLiveChannelDvbSubDestinationSettings","resource-property-types"
"Add-VSMediaLiveChannelDvbSubSourceSettings","resource-property-types"
"Add-VSMediaLiveChannelDvbTdtSettings","resource-property-types"
"Add-VSMediaLiveChannelEac3AtmosSettings","resource-property-types"
"Add-VSMediaLiveChannelEac3Settings","resource-property-types"
"Add-VSMediaLiveChannelEbuTtDDestinationSettings","resource-property-types"
"Add-VSMediaLiveChannelEmbeddedDestinationSettings","resource-property-types"
"Add-VSMediaLiveChannelEmbeddedPlusScte20DestinationSettings","resource-property-types"
"Add-VSMediaLiveChannelEmbeddedSourceSettings","resource-property-types"
"Add-VSMediaLiveChannelEncoderSettings","resource-property-types"
"Add-VSMediaLiveChannelEpochLockingSettings","resource-property-types"
"Add-VSMediaLiveChannelEsam","resource-property-types"
"Add-VSMediaLiveChannelFailoverCondition","resource-property-types"
"Add-VSMediaLiveChannelFailoverConditionSettings","resource-property-types"
"Add-VSMediaLiveChannelFeatureActivations","resource-property-types"
"Add-VSMediaLiveChannelFecOutputSettings","resource-property-types"
"Add-VSMediaLiveChannelFmp4HlsSettings","resource-property-types"
"Add-VSMediaLiveChannelFollowerChannelSettings","resource-property-types"
"Add-VSMediaLiveChannelFrameCaptureCdnSettings","resource-property-types"
"Add-VSMediaLiveChannelFrameCaptureGroupSettings","resource-property-types"
"Add-VSMediaLiveChannelFrameCaptureHlsSettings","resource-property-types"
"Add-VSMediaLiveChannelFrameCaptureOutputSettings","resource-property-types"
"Add-VSMediaLiveChannelFrameCaptureS3Settings","resource-property-types"
"Add-VSMediaLiveChannelFrameCaptureSettings","resource-property-types"
"Add-VSMediaLiveChannelGlobalConfiguration","resource-property-types"
"Add-VSMediaLiveChannelH264ColorSpaceSettings","resource-property-types"
"Add-VSMediaLiveChannelH264FilterSettings","resource-property-types"
"Add-VSMediaLiveChannelH264Settings","resource-property-types"
"Add-VSMediaLiveChannelH265ColorSpaceSettings","resource-property-types"
"Add-VSMediaLiveChannelH265FilterSettings","resource-property-types"
"Add-VSMediaLiveChannelH265Settings","resource-property-types"
"Add-VSMediaLiveChannelHdr10Settings","resource-property-types"
"Add-VSMediaLiveChannelHlg2020Settings","resource-property-types"
"Add-VSMediaLiveChannelHlsAkamaiSettings","resource-property-types"
"Add-VSMediaLiveChannelHlsBasicPutSettings","resource-property-types"
"Add-VSMediaLiveChannelHlsCdnSettings","resource-property-types"
"Add-VSMediaLiveChannelHlsGroupSettings","resource-property-types"
"Add-VSMediaLiveChannelHlsInputSettings","resource-property-types"
"Add-VSMediaLiveChannelHlsMediaStoreSettings","resource-property-types"
"Add-VSMediaLiveChannelHlsOutputSettings","resource-property-types"
"Add-VSMediaLiveChannelHlsS3Settings","resource-property-types"
"Add-VSMediaLiveChannelHlsSettings","resource-property-types"
"Add-VSMediaLiveChannelHlsWebdavSettings","resource-property-types"
"Add-VSMediaLiveChannelHtmlMotionGraphicsSettings","resource-property-types"
"Add-VSMediaLiveChannelInputAttachment","resource-property-types"
"Add-VSMediaLiveChannelInputChannelLevel","resource-property-types"
"Add-VSMediaLiveChannelInputLocation","resource-property-types"
"Add-VSMediaLiveChannelInputLossBehavior","resource-property-types"
"Add-VSMediaLiveChannelInputLossFailoverSettings","resource-property-types"
"Add-VSMediaLiveChannelInputSettings","resource-property-types"
"Add-VSMediaLiveChannelInputSpecification","resource-property-types"
"Add-VSMediaLiveChannelKeyProviderSettings","resource-property-types"
"Add-VSMediaLiveChannelLinkedChannelSettings","resource-property-types"
"Add-VSMediaLiveChannelM2tsSettings","resource-property-types"
"Add-VSMediaLiveChannelM3u8Settings","resource-property-types"
"Add-VSMediaLiveChannelMaintenanceCreateSettings","resource-property-types"
"Add-VSMediaLiveChannelMaintenanceUpdateSettings","resource-property-types"
"Add-VSMediaLiveChannelMediaPackageGroupSettings","resource-property-types"
"Add-VSMediaLiveChannelMediaPackageOutputDestinationSettings","resource-property-types"
"Add-VSMediaLiveChannelMediaPackageOutputSettings","resource-property-types"
"Add-VSMediaLiveChannelMediaPackageV2DestinationSettings","resource-property-types"
"Add-VSMediaLiveChannelMediaPackageV2GroupSettings","resource-property-types"
"Add-VSMediaLiveChannelMotionGraphicsConfiguration","resource-property-types"
"Add-VSMediaLiveChannelMotionGraphicsSettings","resource-property-types"
"Add-VSMediaLiveChannelMp2Settings","resource-property-types"
"Add-VSMediaLiveChannelMpeg2FilterSettings","resource-property-types"
"Add-VSMediaLiveChannelMpeg2Settings","resource-property-types"
"Add-VSMediaLiveChannelMsSmoothGroupSettings","resource-property-types"
"Add-VSMediaLiveChannelMsSmoothOutputSettings","resource-property-types"
"Add-VSMediaLiveChannelMulticastInputSettings","resource-property-types"
"Add-VSMediaLiveChannelMultiplexContainerSettings","resource-property-types"
"Add-VSMediaLiveChannelMultiplexGroupSettings","resource-property-types"
"Add-VSMediaLiveChannelMultiplexM2tsSettings","resource-property-types"
"Add-VSMediaLiveChannelMultiplexOutputSettings","resource-property-types"
"Add-VSMediaLiveChannelMultiplexProgramChannelDestinationSettings","resource-property-types"
"Add-VSMediaLiveChannelNetworkInputSettings","resource-property-types"
"Add-VSMediaLiveChannelNielsenCBET","resource-property-types"
"Add-VSMediaLiveChannelNielsenConfiguration","resource-property-types"
"Add-VSMediaLiveChannelNielsenNaesIiNw","resource-property-types"
"Add-VSMediaLiveChannelNielsenWatermarksSettings","resource-property-types"
"Add-VSMediaLiveChannelOutput","resource-property-types"
"Add-VSMediaLiveChannelOutputDestination","resource-property-types"
"Add-VSMediaLiveChannelOutputDestinationSettings","resource-property-types"
"Add-VSMediaLiveChannelOutputGroup","resource-property-types"
"Add-VSMediaLiveChannelOutputGroupSettings","resource-property-types"
"Add-VSMediaLiveChannelOutputLocationRef","resource-property-types"
"Add-VSMediaLiveChannelOutputLockingSettings","resource-property-types"
"Add-VSMediaLiveChannelOutputSettings","resource-property-types"
"Add-VSMediaLiveChannelPassThroughSettings","resource-property-types"
"Add-VSMediaLiveChannelPipelineLockingSettings","resource-property-types"
"Add-VSMediaLiveChannelPlacementGroupTags","resource-property-types"
"Add-VSMediaLiveChannelPrimaryChannelSettings","resource-property-types"
"Add-VSMediaLiveChannelRawSettings","resource-property-types"
"Add-VSMediaLiveChannelRec601Settings","resource-property-types"
"Add-VSMediaLiveChannelRec709Settings","resource-property-types"
"Add-VSMediaLiveChannelRemixSettings","resource-property-types"
"Add-VSMediaLiveChannelRtmpCaptionInfoDestinationSettings","resource-property-types"
"Add-VSMediaLiveChannelRtmpGroupSettings","resource-property-types"
"Add-VSMediaLiveChannelRtmpOutputSettings","resource-property-types"
"Add-VSMediaLiveChannelScte20PlusEmbeddedDestinationSettings","resource-property-types"
"Add-VSMediaLiveChannelScte20SourceSettings","resource-property-types"
"Add-VSMediaLiveChannelScte27DestinationSettings","resource-property-types"
"Add-VSMediaLiveChannelScte27SourceSettings","resource-property-types"
"Add-VSMediaLiveChannelScte35SpliceInsert","resource-property-types"
"Add-VSMediaLiveChannelScte35TimeSignalApos","resource-property-types"
"Add-VSMediaLiveChannelSmpteTtDestinationSettings","resource-property-types"
"Add-VSMediaLiveChannelSrtGroupSettings","resource-property-types"
"Add-VSMediaLiveChannelSrtOutputDestinationSettings","resource-property-types"
"Add-VSMediaLiveChannelSrtOutputSettings","resource-property-types"
"Add-VSMediaLiveChannelStandardHlsSettings","resource-property-types"
"Add-VSMediaLiveChannelStaticKeySettings","resource-property-types"
"Add-VSMediaLiveChannelTeletextDestinationSettings","resource-property-types"
"Add-VSMediaLiveChannelTeletextSourceSettings","resource-property-types"
"Add-VSMediaLiveChannelTemporalFilterSettings","resource-property-types"
"Add-VSMediaLiveChannelThumbnailConfiguration","resource-property-types"
"Add-VSMediaLiveChannelTimecodeBurninSettings","resource-property-types"
"Add-VSMediaLiveChannelTimecodeConfig","resource-property-types"
"Add-VSMediaLiveChannelTtmlDestinationSettings","resource-property-types"
"Add-VSMediaLiveChannelUdpContainerSettings","resource-property-types"
"Add-VSMediaLiveChannelUdpGroupSettings","resource-property-types"
"Add-VSMediaLiveChannelUdpOutputSettings","resource-property-types"
"Add-VSMediaLiveChannelVideoBlackFailoverSettings","resource-property-types"
"Add-VSMediaLiveChannelVideoCodecSettings","resource-property-types"
"Add-VSMediaLiveChannelVideoDescription","resource-property-types"
"Add-VSMediaLiveChannelVideoSelector","resource-property-types"
"Add-VSMediaLiveChannelVideoSelectorColorSpaceSettings","resource-property-types"
"Add-VSMediaLiveChannelVideoSelectorPid","resource-property-types"
"Add-VSMediaLiveChannelVideoSelectorProgramId","resource-property-types"
"Add-VSMediaLiveChannelVideoSelectorSettings","resource-property-types"
"Add-VSMediaLiveChannelVpcOutputSettings","resource-property-types"
"Add-VSMediaLiveChannelWavSettings","resource-property-types"
"Add-VSMediaLiveChannelWebvttDestinationSettings","resource-property-types"
"Add-VSMediaLiveClusterClusterNetworkSettings","resource-property-types"
"Add-VSMediaLiveClusterInterfaceMapping","resource-property-types"
"Add-VSMediaLiveClusterTags","resource-property-types"
"Add-VSMediaLiveEventBridgeRuleTemplateEventBridgeRuleTemplateTarget","resource-property-types"
"Add-VSMediaLiveInputInputDestinationRequest","resource-property-types"
"Add-VSMediaLiveInputInputDeviceRequest","resource-property-types"
"Add-VSMediaLiveInputInputDeviceSettings","resource-property-types"
"Add-VSMediaLiveInputInputRequestDestinationRoute","resource-property-types"
"Add-VSMediaLiveInputInputSdpLocation","resource-property-types"
"Add-VSMediaLiveInputInputSourceRequest","resource-property-types"
"Add-VSMediaLiveInputInputVpcRequest","resource-property-types"
"Add-VSMediaLiveInputMediaConnectFlowRequest","resource-property-types"
"Add-VSMediaLiveInputMulticastSettingsCreateRequest","resource-property-types"
"Add-VSMediaLiveInputMulticastSettingsUpdateRequest","resource-property-types"
"Add-VSMediaLiveInputMulticastSourceCreateRequest","resource-property-types"
"Add-VSMediaLiveInputMulticastSourceUpdateRequest","resource-property-types"
"Add-VSMediaLiveInputRouterDestinationSettings","resource-property-types"
"Add-VSMediaLiveInputRouterSettings","resource-property-types"
"Add-VSMediaLiveInputSecurityGroupInputWhitelistRuleCidr","resource-property-types"
"Add-VSMediaLiveInputSmpte2110ReceiverGroup","resource-property-types"
"Add-VSMediaLiveInputSmpte2110ReceiverGroupSdpSettings","resource-property-types"
"Add-VSMediaLiveInputSmpte2110ReceiverGroupSettings","resource-property-types"
"Add-VSMediaLiveInputSpecialRouterSettings","resource-property-types"
"Add-VSMediaLiveInputSrtCallerDecryptionRequest","resource-property-types"
"Add-VSMediaLiveInputSrtCallerSourceRequest","resource-property-types"
"Add-VSMediaLiveInputSrtSettingsRequest","resource-property-types"
"Add-VSMediaLiveMultiplexMultiplexMediaConnectOutputDestinationSettings","resource-property-types"
"Add-VSMediaLiveMultiplexMultiplexOutputDestination","resource-property-types"
"Add-VSMediaLiveMultiplexMultiplexSettings","resource-property-types"
"Add-VSMediaLiveMultiplexprogramMultiplexProgramPacketIdentifiersMap","resource-property-types"
"Add-VSMediaLiveMultiplexprogramMultiplexProgramPipelineDetail","resource-property-types"
"Add-VSMediaLiveMultiplexprogramMultiplexProgramServiceDescriptor","resource-property-types"
"Add-VSMediaLiveMultiplexprogramMultiplexProgramSettings","resource-property-types"
"Add-VSMediaLiveMultiplexprogramMultiplexStatmuxVideoSettings","resource-property-types"
"Add-VSMediaLiveMultiplexprogramMultiplexVideoSettings","resource-property-types"
"Add-VSMediaLiveMultiplexTags","resource-property-types"
"Add-VSMediaLiveNetworkIpPool","resource-property-types"
"Add-VSMediaLiveNetworkRoute","resource-property-types"
"Add-VSMediaLiveNetworkTags","resource-property-types"
"Add-VSMediaLiveSdiSourceTags","resource-property-types"
"Add-VSMediaLiveSignalMapMediaResource","resource-property-types"
"Add-VSMediaLiveSignalMapMediaResourceNeighbor","resource-property-types"
"Add-VSMediaLiveSignalMapMonitorDeployment","resource-property-types"
"Add-VSMediaLiveSignalMapSuccessfulMonitorDeployment","resource-property-types"
"Add-VSMediaPackageAssetEgressEndpoint","resource-property-types"
"Add-VSMediaPackageChannelHlsIngest","resource-property-types"
"Add-VSMediaPackageChannelIngestEndpoint","resource-property-types"
"Add-VSMediaPackageChannelLogConfiguration","resource-property-types"
"Add-VSMediaPackageOriginEndpointAuthorization","resource-property-types"
"Add-VSMediaPackageOriginEndpointCmafEncryption","resource-property-types"
"Add-VSMediaPackageOriginEndpointCmafPackage","resource-property-types"
"Add-VSMediaPackageOriginEndpointDashEncryption","resource-property-types"
"Add-VSMediaPackageOriginEndpointDashPackage","resource-property-types"
"Add-VSMediaPackageOriginEndpointEncryptionContractConfiguration","resource-property-types"
"Add-VSMediaPackageOriginEndpointHlsEncryption","resource-property-types"
"Add-VSMediaPackageOriginEndpointHlsManifest","resource-property-types"
"Add-VSMediaPackageOriginEndpointHlsPackage","resource-property-types"
"Add-VSMediaPackageOriginEndpointMssEncryption","resource-property-types"
"Add-VSMediaPackageOriginEndpointMssPackage","resource-property-types"
"Add-VSMediaPackageOriginEndpointSpekeKeyProvider","resource-property-types"
"Add-VSMediaPackageOriginEndpointStreamSelection","resource-property-types"
"Add-VSMediaPackagePackagingConfigurationCmafEncryption","resource-property-types"
"Add-VSMediaPackagePackagingConfigurationCmafPackage","resource-property-types"
"Add-VSMediaPackagePackagingConfigurationDashEncryption","resource-property-types"
"Add-VSMediaPackagePackagingConfigurationDashManifest","resource-property-types"
"Add-VSMediaPackagePackagingConfigurationDashPackage","resource-property-types"
"Add-VSMediaPackagePackagingConfigurationEncryptionContractConfiguration","resource-property-types"
"Add-VSMediaPackagePackagingConfigurationHlsEncryption","resource-property-types"
"Add-VSMediaPackagePackagingConfigurationHlsManifest","resource-property-types"
"Add-VSMediaPackagePackagingConfigurationHlsPackage","resource-property-types"
"Add-VSMediaPackagePackagingConfigurationMssEncryption","resource-property-types"
"Add-VSMediaPackagePackagingConfigurationMssManifest","resource-property-types"
"Add-VSMediaPackagePackagingConfigurationMssPackage","resource-property-types"
"Add-VSMediaPackagePackagingConfigurationSpekeKeyProvider","resource-property-types"
"Add-VSMediaPackagePackagingConfigurationStreamSelection","resource-property-types"
"Add-VSMediaPackagePackagingGroupAuthorization","resource-property-types"
"Add-VSMediaPackagePackagingGroupLogConfiguration","resource-property-types"
"Add-VSMediaPackageV2ChannelIngestEndpoint","resource-property-types"
"Add-VSMediaPackageV2ChannelInputSwitchConfiguration","resource-property-types"
"Add-VSMediaPackageV2ChannelOutputHeaderConfiguration","resource-property-types"
"Add-VSMediaPackageV2OriginEndpointDashBaseUrl","resource-property-types"
"Add-VSMediaPackageV2OriginEndpointDashDvbFontDownload","resource-property-types"
"Add-VSMediaPackageV2OriginEndpointDashDvbMetricsReporting","resource-property-types"
"Add-VSMediaPackageV2OriginEndpointDashDvbSettings","resource-property-types"
"Add-VSMediaPackageV2OriginEndpointDashManifestConfiguration","resource-property-types"
"Add-VSMediaPackageV2OriginEndpointDashProgramInformation","resource-property-types"
"Add-VSMediaPackageV2OriginEndpointDashSubtitleConfiguration","resource-property-types"
"Add-VSMediaPackageV2OriginEndpointDashTtmlConfiguration","resource-property-types"
"Add-VSMediaPackageV2OriginEndpointDashUtcTiming","resource-property-types"
"Add-VSMediaPackageV2OriginEndpointEncryption","resource-property-types"
"Add-VSMediaPackageV2OriginEndpointEncryptionContractConfiguration","resource-property-types"
"Add-VSMediaPackageV2OriginEndpointEncryptionMethod","resource-property-types"
"Add-VSMediaPackageV2OriginEndpointFilterConfiguration","resource-property-types"
"Add-VSMediaPackageV2OriginEndpointForceEndpointErrorConfiguration","resource-property-types"
"Add-VSMediaPackageV2OriginEndpointHlsManifestConfiguration","resource-property-types"
"Add-VSMediaPackageV2OriginEndpointLowLatencyHlsManifestConfiguration","resource-property-types"
"Add-VSMediaPackageV2OriginEndpointMssManifestConfiguration","resource-property-types"
"Add-VSMediaPackageV2OriginEndpointPolicyCdnAuthConfiguration","resource-property-types"
"Add-VSMediaPackageV2OriginEndpointScte","resource-property-types"
"Add-VSMediaPackageV2OriginEndpointScteDash","resource-property-types"
"Add-VSMediaPackageV2OriginEndpointScteHls","resource-property-types"
"Add-VSMediaPackageV2OriginEndpointSegment","resource-property-types"
"Add-VSMediaPackageV2OriginEndpointSpekeKeyProvider","resource-property-types"
"Add-VSMediaPackageV2OriginEndpointStartTag","resource-property-types"
"Add-VSMediaStoreContainerCorsRule","resource-property-types"
"Add-VSMediaStoreContainerMetricPolicy","resource-property-types"
"Add-VSMediaStoreContainerMetricPolicyRule","resource-property-types"
"Add-VSMediaTailorChannelDashPlaylistSettings","resource-property-types"
"Add-VSMediaTailorChannelHlsPlaylistSettings","resource-property-types"
"Add-VSMediaTailorChannelLogConfigurationForChannel","resource-property-types"
"Add-VSMediaTailorChannelRequestOutputItem","resource-property-types"
"Add-VSMediaTailorChannelSlateSource","resource-property-types"
"Add-VSMediaTailorChannelTimeShiftConfiguration","resource-property-types"
"Add-VSMediaTailorLiveSourceHttpPackageConfiguration","resource-property-types"
"Add-VSMediaTailorPlaybackConfigurationAdConditioningConfiguration","resource-property-types"
"Add-VSMediaTailorPlaybackConfigurationAdDecisionServerConfiguration","resource-property-types"
"Add-VSMediaTailorPlaybackConfigurationAdMarkerPassthrough","resource-property-types"
"Add-VSMediaTailorPlaybackConfigurationAdsInteractionLog","resource-property-types"
"Add-VSMediaTailorPlaybackConfigurationAvailSuppression","resource-property-types"
"Add-VSMediaTailorPlaybackConfigurationBumper","resource-property-types"
"Add-VSMediaTailorPlaybackConfigurationCdnConfiguration","resource-property-types"
"Add-VSMediaTailorPlaybackConfigurationDashConfiguration","resource-property-types"
"Add-VSMediaTailorPlaybackConfigurationHlsConfiguration","resource-property-types"
"Add-VSMediaTailorPlaybackConfigurationHttpRequest","resource-property-types"
"Add-VSMediaTailorPlaybackConfigurationLivePreRollConfiguration","resource-property-types"
"Add-VSMediaTailorPlaybackConfigurationLogConfiguration","resource-property-types"
"Add-VSMediaTailorPlaybackConfigurationManifestProcessingRules","resource-property-types"
"Add-VSMediaTailorPlaybackConfigurationManifestServiceInteractionLog","resource-property-types"
"Add-VSMediaTailorSourceLocationAccessConfiguration","resource-property-types"
"Add-VSMediaTailorSourceLocationDefaultSegmentDeliveryConfiguration","resource-property-types"
"Add-VSMediaTailorSourceLocationHttpConfiguration","resource-property-types"
"Add-VSMediaTailorSourceLocationSecretsManagerAccessTokenConfiguration","resource-property-types"
"Add-VSMediaTailorSourceLocationSegmentDeliveryConfiguration","resource-property-types"
"Add-VSMediaTailorVodSourceHttpPackageConfiguration","resource-property-types"
"Add-VSMemoryDBClusterEndpoint","resource-property-types"
"Add-VSMemoryDBUserAuthenticationMode","resource-property-types"
"Add-VSMPAApprovalTeamApprovalStrategy","resource-property-types"
"Add-VSMPAApprovalTeamApprover","resource-property-types"
"Add-VSMPAApprovalTeamMofNApprovalStrategy","resource-property-types"
"Add-VSMPAApprovalTeamPolicy","resource-property-types"
"Add-VSMPAIdentitySourceIamIdentityCenter","resource-property-types"
"Add-VSMPAIdentitySourceIdentitySourceParameters","resource-property-types"
"Add-VSMSKClusterBrokerLogs","resource-property-types"
"Add-VSMSKClusterBrokerNodeGroupInfo","resource-property-types"
"Add-VSMSKClusterClientAuthentication","resource-property-types"
"Add-VSMSKClusterCloudWatchLogs","resource-property-types"
"Add-VSMSKClusterConfigurationInfo","resource-property-types"
"Add-VSMSKClusterConnectivityInfo","resource-property-types"
"Add-VSMSKClusterEBSStorageInfo","resource-property-types"
"Add-VSMSKClusterEncryptionAtRest","resource-property-types"
"Add-VSMSKClusterEncryptionInfo","resource-property-types"
"Add-VSMSKClusterEncryptionInTransit","resource-property-types"
"Add-VSMSKClusterFirehose","resource-property-types"
"Add-VSMSKClusterIam","resource-property-types"
"Add-VSMSKClusterJmxExporter","resource-property-types"
"Add-VSMSKClusterLoggingInfo","resource-property-types"
"Add-VSMSKClusterNodeExporter","resource-property-types"
"Add-VSMSKClusterOpenMonitoring","resource-property-types"
"Add-VSMSKClusterPrometheus","resource-property-types"
"Add-VSMSKClusterProvisionedThroughput","resource-property-types"
"Add-VSMSKClusterPublicAccess","resource-property-types"
"Add-VSMSKClusterRebalancing","resource-property-types"
"Add-VSMSKClusterS3","resource-property-types"
"Add-VSMSKClusterSasl","resource-property-types"
"Add-VSMSKClusterScram","resource-property-types"
"Add-VSMSKClusterStorageInfo","resource-property-types"
"Add-VSMSKClusterTls","resource-property-types"
"Add-VSMSKClusterUnauthenticated","resource-property-types"
"Add-VSMSKClusterVpcConnectivity","resource-property-types"
"Add-VSMSKClusterVpcConnectivityClientAuthentication","resource-property-types"
"Add-VSMSKClusterVpcConnectivityIam","resource-property-types"
"Add-VSMSKClusterVpcConnectivitySasl","resource-property-types"
"Add-VSMSKClusterVpcConnectivityScram","resource-property-types"
"Add-VSMSKClusterVpcConnectivityTls","resource-property-types"
"Add-VSMSKConfigurationLatestRevision","resource-property-types"
"Add-VSMSKReplicatorAmazonMskCluster","resource-property-types"
"Add-VSMSKReplicatorConsumerGroupReplication","resource-property-types"
"Add-VSMSKReplicatorKafkaCluster","resource-property-types"
"Add-VSMSKReplicatorKafkaClusterClientVpcConfig","resource-property-types"
"Add-VSMSKReplicatorReplicationInfo","resource-property-types"
"Add-VSMSKReplicatorReplicationStartingPosition","resource-property-types"
"Add-VSMSKReplicatorReplicationTopicNameConfiguration","resource-property-types"
"Add-VSMSKReplicatorTopicReplication","resource-property-types"
"Add-VSMSKServerlessClusterClientAuthentication","resource-property-types"
"Add-VSMSKServerlessClusterIam","resource-property-types"
"Add-VSMSKServerlessClusterSasl","resource-property-types"
"Add-VSMSKServerlessClusterVpcConfig","resource-property-types"
"Add-VSMWAAEnvironmentLoggingConfiguration","resource-property-types"
"Add-VSMWAAEnvironmentModuleLoggingConfiguration","resource-property-types"
"Add-VSMWAAEnvironmentNetworkConfiguration","resource-property-types"
"Add-VSNeptuneDBClusterDBClusterRole","resource-property-types"
"Add-VSNeptuneDBClusterServerlessScalingConfiguration","resource-property-types"
"Add-VSNeptuneGraphGraphVectorSearchConfiguration","resource-property-types"
"Add-VSNetworkFirewallFirewallAvailabilityZoneMapping","resource-property-types"
"Add-VSNetworkFirewallFirewallPolicyActionDefinition","resource-property-types"
"Add-VSNetworkFirewallFirewallPolicyCustomAction","resource-property-types"
"Add-VSNetworkFirewallFirewallPolicyDimension","resource-property-types"
"Add-VSNetworkFirewallFirewallPolicyFirewallPolicy","resource-property-types"
"Add-VSNetworkFirewallFirewallPolicyFlowTimeouts","resource-property-types"
"Add-VSNetworkFirewallFirewallPolicyIPSet","resource-property-types"
"Add-VSNetworkFirewallFirewallPolicyPolicyVariables","resource-property-types"
"Add-VSNetworkFirewallFirewallPolicyPublishMetricAction","resource-property-types"
"Add-VSNetworkFirewallFirewallPolicyStatefulEngineOptions","resource-property-types"
"Add-VSNetworkFirewallFirewallPolicyStatefulRuleGroupOverride","resource-property-types"
"Add-VSNetworkFirewallFirewallPolicyStatefulRuleGroupReference","resource-property-types"
"Add-VSNetworkFirewallFirewallPolicyStatelessRuleGroupReference","resource-property-types"
"Add-VSNetworkFirewallFirewallSubnetMapping","resource-property-types"
"Add-VSNetworkFirewallLoggingConfigurationLogDestinationConfig","resource-property-types"
"Add-VSNetworkFirewallLoggingConfigurationLoggingConfiguration","resource-property-types"
"Add-VSNetworkFirewallRuleGroupActionDefinition","resource-property-types"
"Add-VSNetworkFirewallRuleGroupAddress","resource-property-types"
"Add-VSNetworkFirewallRuleGroupCustomAction","resource-property-types"
"Add-VSNetworkFirewallRuleGroupDimension","resource-property-types"
"Add-VSNetworkFirewallRuleGroupHeader","resource-property-types"
"Add-VSNetworkFirewallRuleGroupIPSet","resource-property-types"
"Add-VSNetworkFirewallRuleGroupIPSetReference","resource-property-types"
"Add-VSNetworkFirewallRuleGroupMatchAttributes","resource-property-types"
"Add-VSNetworkFirewallRuleGroupPortRange","resource-property-types"
"Add-VSNetworkFirewallRuleGroupPortSet","resource-property-types"
"Add-VSNetworkFirewallRuleGroupPublishMetricAction","resource-property-types"
"Add-VSNetworkFirewallRuleGroupReferenceSets","resource-property-types"
"Add-VSNetworkFirewallRuleGroupRuleDefinition","resource-property-types"
"Add-VSNetworkFirewallRuleGroupRuleGroup","resource-property-types"
"Add-VSNetworkFirewallRuleGroupRuleOption","resource-property-types"
"Add-VSNetworkFirewallRuleGroupRulesSource","resource-property-types"
"Add-VSNetworkFirewallRuleGroupRulesSourceList","resource-property-types"
"Add-VSNetworkFirewallRuleGroupRuleVariables","resource-property-types"
"Add-VSNetworkFirewallRuleGroupStatefulRule","resource-property-types"
"Add-VSNetworkFirewallRuleGroupStatefulRuleOptions","resource-property-types"
"Add-VSNetworkFirewallRuleGroupStatelessRule","resource-property-types"
"Add-VSNetworkFirewallRuleGroupStatelessRulesAndCustomActions","resource-property-types"
"Add-VSNetworkFirewallRuleGroupSummaryConfiguration","resource-property-types"
"Add-VSNetworkFirewallRuleGroupTCPFlagField","resource-property-types"
"Add-VSNetworkFirewallTLSInspectionConfigurationAddress","resource-property-types"
"Add-VSNetworkFirewallTLSInspectionConfigurationCheckCertificateRevocationStatus","resource-property-types"
"Add-VSNetworkFirewallTLSInspectionConfigurationPortRange","resource-property-types"
"Add-VSNetworkFirewallTLSInspectionConfigurationServerCertificate","resource-property-types"
"Add-VSNetworkFirewallTLSInspectionConfigurationServerCertificateConfiguration","resource-property-types"
"Add-VSNetworkFirewallTLSInspectionConfigurationServerCertificateScope","resource-property-types"
"Add-VSNetworkFirewallTLSInspectionConfigurationTLSInspectionConfiguration","resource-property-types"
"Add-VSNetworkFirewallVpcEndpointAssociationSubnetMapping","resource-property-types"
"Add-VSNetworkManagerConnectAttachmentConnectAttachmentOptions","resource-property-types"
"Add-VSNetworkManagerConnectAttachmentProposedNetworkFunctionGroupChange","resource-property-types"
"Add-VSNetworkManagerConnectAttachmentProposedSegmentChange","resource-property-types"
"Add-VSNetworkManagerConnectPeerBgpOptions","resource-property-types"
"Add-VSNetworkManagerConnectPeerConnectPeerBgpConfiguration","resource-property-types"
"Add-VSNetworkManagerConnectPeerConnectPeerConfiguration","resource-property-types"
"Add-VSNetworkManagerCoreNetworkCoreNetworkEdge","resource-property-types"
"Add-VSNetworkManagerCoreNetworkCoreNetworkNetworkFunctionGroup","resource-property-types"
"Add-VSNetworkManagerCoreNetworkCoreNetworkSegment","resource-property-types"
"Add-VSNetworkManagerCoreNetworkSegments","resource-property-types"
"Add-VSNetworkManagerDeviceAWSLocation","resource-property-types"
"Add-VSNetworkManagerDeviceLocation","resource-property-types"
"Add-VSNetworkManagerDirectConnectGatewayAttachmentProposedNetworkFunctionGroupChange","resource-property-types"
"Add-VSNetworkManagerDirectConnectGatewayAttachmentProposedSegmentChange","resource-property-types"
"Add-VSNetworkManagerLinkBandwidth","resource-property-types"
"Add-VSNetworkManagerSiteLocation","resource-property-types"
"Add-VSNetworkManagerSiteToSiteVpnAttachmentProposedNetworkFunctionGroupChange","resource-property-types"
"Add-VSNetworkManagerSiteToSiteVpnAttachmentProposedSegmentChange","resource-property-types"
"Add-VSNetworkManagerTransitGatewayRouteTableAttachmentProposedNetworkFunctionGroupChange","resource-property-types"
"Add-VSNetworkManagerTransitGatewayRouteTableAttachmentProposedSegmentChange","resource-property-types"
"Add-VSNetworkManagerVpcAttachmentProposedNetworkFunctionGroupChange","resource-property-types"
"Add-VSNetworkManagerVpcAttachmentProposedSegmentChange","resource-property-types"
"Add-VSNetworkManagerVpcAttachmentVpcOptions","resource-property-types"
"Add-VSNimbleStudioStudioStudioEncryptionConfiguration","resource-property-types"
"Add-VSNotificationsContactsEmailContactEmailContact","resource-property-types"
"Add-VSNotificationsEventRuleEventRuleStatusSummary","resource-property-types"
"Add-VSNotificationsNotificationHubNotificationHubStatusSummary","resource-property-types"
"Add-VSOamLinkLinkConfiguration","resource-property-types"
"Add-VSOamLinkLinkFilter","resource-property-types"
"Add-VSObservabilityAdminOrganizationCentralizationRuleCentralizationRule","resource-property-types"
"Add-VSObservabilityAdminOrganizationCentralizationRuleCentralizationRuleDestination","resource-property-types"
"Add-VSObservabilityAdminOrganizationCentralizationRuleCentralizationRuleSource","resource-property-types"
"Add-VSObservabilityAdminOrganizationCentralizationRuleDestinationLogsConfiguration","resource-property-types"
"Add-VSObservabilityAdminOrganizationCentralizationRuleLogsBackupConfiguration","resource-property-types"
"Add-VSObservabilityAdminOrganizationCentralizationRuleLogsEncryptionConfiguration","resource-property-types"
"Add-VSObservabilityAdminOrganizationCentralizationRuleSourceLogsConfiguration","resource-property-types"
"Add-VSObservabilityAdminOrganizationTelemetryRuleActionCondition","resource-property-types"
"Add-VSObservabilityAdminOrganizationTelemetryRuleAdvancedEventSelector","resource-property-types"
"Add-VSObservabilityAdminOrganizationTelemetryRuleAdvancedFieldSelector","resource-property-types"
"Add-VSObservabilityAdminOrganizationTelemetryRuleCloudtrailParameters","resource-property-types"
"Add-VSObservabilityAdminOrganizationTelemetryRuleCondition","resource-property-types"
"Add-VSObservabilityAdminOrganizationTelemetryRuleELBLoadBalancerLoggingParameters","resource-property-types"
"Add-VSObservabilityAdminOrganizationTelemetryRuleFieldToMatch","resource-property-types"
"Add-VSObservabilityAdminOrganizationTelemetryRuleFilter","resource-property-types"
"Add-VSObservabilityAdminOrganizationTelemetryRuleLabelNameCondition","resource-property-types"
"Add-VSObservabilityAdminOrganizationTelemetryRuleLoggingFilter","resource-property-types"
"Add-VSObservabilityAdminOrganizationTelemetryRuleSingleHeader","resource-property-types"
"Add-VSObservabilityAdminOrganizationTelemetryRuleTelemetryDestinationConfiguration","resource-property-types"
"Add-VSObservabilityAdminOrganizationTelemetryRuleTelemetryRule","resource-property-types"
"Add-VSObservabilityAdminOrganizationTelemetryRuleVPCFlowLogParameters","resource-property-types"
"Add-VSObservabilityAdminOrganizationTelemetryRuleWAFLoggingParameters","resource-property-types"
"Add-VSObservabilityAdminS3TableIntegrationEncryptionConfig","resource-property-types"
"Add-VSObservabilityAdminS3TableIntegrationLogSource","resource-property-types"
"Add-VSObservabilityAdminTelemetryPipelinesTelemetryPipeline","resource-property-types"
"Add-VSObservabilityAdminTelemetryPipelinesTelemetryPipelineConfiguration","resource-property-types"
"Add-VSObservabilityAdminTelemetryPipelinesTelemetryPipelineStatusReason","resource-property-types"
"Add-VSObservabilityAdminTelemetryRuleActionCondition","resource-property-types"
"Add-VSObservabilityAdminTelemetryRuleAdvancedEventSelector","resource-property-types"
"Add-VSObservabilityAdminTelemetryRuleAdvancedFieldSelector","resource-property-types"
"Add-VSObservabilityAdminTelemetryRuleCloudtrailParameters","resource-property-types"
"Add-VSObservabilityAdminTelemetryRuleCondition","resource-property-types"
"Add-VSObservabilityAdminTelemetryRuleELBLoadBalancerLoggingParameters","resource-property-types"
"Add-VSObservabilityAdminTelemetryRuleFieldToMatch","resource-property-types"
"Add-VSObservabilityAdminTelemetryRuleFilter","resource-property-types"
"Add-VSObservabilityAdminTelemetryRuleLabelNameCondition","resource-property-types"
"Add-VSObservabilityAdminTelemetryRuleLogDeliveryParameters","resource-property-types"
"Add-VSObservabilityAdminTelemetryRuleLoggingFilter","resource-property-types"
"Add-VSObservabilityAdminTelemetryRuleSingleHeader","resource-property-types"
"Add-VSObservabilityAdminTelemetryRuleTelemetryDestinationConfiguration","resource-property-types"
"Add-VSObservabilityAdminTelemetryRuleTelemetryRule","resource-property-types"
"Add-VSObservabilityAdminTelemetryRuleVPCFlowLogParameters","resource-property-types"
"Add-VSObservabilityAdminTelemetryRuleWAFLoggingParameters","resource-property-types"
"Add-VSODBCloudAutonomousVmClusterMaintenanceWindow","resource-property-types"
"Add-VSODBCloudExadataInfrastructureCustomerContact","resource-property-types"
"Add-VSODBCloudExadataInfrastructureMaintenanceWindow","resource-property-types"
"Add-VSODBCloudVmClusterDataCollectionOptions","resource-property-types"
"Add-VSODBCloudVmClusterDbNode","resource-property-types"
"Add-VSODBOdbNetworkManagedS3BackupAccess","resource-property-types"
"Add-VSODBOdbNetworkManagedServices","resource-property-types"
"Add-VSODBOdbNetworkS3Access","resource-property-types"
"Add-VSODBOdbNetworkServiceNetworkEndpoint","resource-property-types"
"Add-VSODBOdbNetworkZeroEtlAccess","resource-property-types"
"Add-VSOmicsAnnotationStoreReferenceItem","resource-property-types"
"Add-VSOmicsAnnotationStoreSseConfig","resource-property-types"
"Add-VSOmicsAnnotationStoreStoreOptions","resource-property-types"
"Add-VSOmicsAnnotationStoreTsvStoreOptions","resource-property-types"
"Add-VSOmicsReferenceStoreSseConfig","resource-property-types"
"Add-VSOmicsSequenceStoreSseConfig","resource-property-types"
"Add-VSOmicsVariantStoreReferenceItem","resource-property-types"
"Add-VSOmicsVariantStoreSseConfig","resource-property-types"
"Add-VSOmicsWorkflowContainerRegistryMap","resource-property-types"
"Add-VSOmicsWorkflowDefinitionRepository","resource-property-types"
"Add-VSOmicsWorkflowImageMapping","resource-property-types"
"Add-VSOmicsWorkflowRegistryMapping","resource-property-types"
"Add-VSOmicsWorkflowSourceReference","resource-property-types"
"Add-VSOmicsWorkflowVersionContainerRegistryMap","resource-property-types"
"Add-VSOmicsWorkflowVersionDefinitionRepository","resource-property-types"
"Add-VSOmicsWorkflowVersionImageMapping","resource-property-types"
"Add-VSOmicsWorkflowVersionRegistryMapping","resource-property-types"
"Add-VSOmicsWorkflowVersionSourceReference","resource-property-types"
"Add-VSOmicsWorkflowVersionWorkflowParameter","resource-property-types"
"Add-VSOmicsWorkflowWorkflowParameter","resource-property-types"
"Add-VSOpenSearchServerlessCollectionEncryptionConfig","resource-property-types"
"Add-VSOpenSearchServerlessIndexIndex","resource-property-types"
"Add-VSOpenSearchServerlessIndexIndexSettings","resource-property-types"
"Add-VSOpenSearchServerlessIndexMappings","resource-property-types"
"Add-VSOpenSearchServerlessIndexMethod","resource-property-types"
"Add-VSOpenSearchServerlessIndexParameters","resource-property-types"
"Add-VSOpenSearchServerlessIndexPropertyMapping","resource-property-types"
"Add-VSOpenSearchServerlessSecurityConfigIamFederationConfigOptions","resource-property-types"
"Add-VSOpenSearchServerlessSecurityConfigIamIdentityCenterConfigOptions","resource-property-types"
"Add-VSOpenSearchServerlessSecurityConfigSamlConfigOptions","resource-property-types"
"Add-VSOpenSearchServiceApplicationAppConfig","resource-property-types"
"Add-VSOpenSearchServiceApplicationDataSource","resource-property-types"
"Add-VSOpenSearchServiceApplicationIamIdentityCenterOptions","resource-property-types"
"Add-VSOpenSearchServiceDomainAdvancedSecurityOptionsInput","resource-property-types"
"Add-VSOpenSearchServiceDomainAIMLOptions","resource-property-types"
"Add-VSOpenSearchServiceDomainClusterConfig","resource-property-types"
"Add-VSOpenSearchServiceDomainCognitoOptions","resource-property-types"
"Add-VSOpenSearchServiceDomainColdStorageOptions","resource-property-types"
"Add-VSOpenSearchServiceDomainDomainEndpointOptions","resource-property-types"
"Add-VSOpenSearchServiceDomainEBSOptions","resource-property-types"
"Add-VSOpenSearchServiceDomainEncryptionAtRestOptions","resource-property-types"
"Add-VSOpenSearchServiceDomainIAMFederationOptions","resource-property-types"
"Add-VSOpenSearchServiceDomainIdentityCenterOptions","resource-property-types"
"Add-VSOpenSearchServiceDomainIdp","resource-property-types"
"Add-VSOpenSearchServiceDomainJWTOptions","resource-property-types"
"Add-VSOpenSearchServiceDomainLogPublishingOption","resource-property-types"
"Add-VSOpenSearchServiceDomainMasterUserOptions","resource-property-types"
"Add-VSOpenSearchServiceDomainNodeConfig","resource-property-types"
"Add-VSOpenSearchServiceDomainNodeOption","resource-property-types"
"Add-VSOpenSearchServiceDomainNodeToNodeEncryptionOptions","resource-property-types"
"Add-VSOpenSearchServiceDomainOffPeakWindow","resource-property-types"
"Add-VSOpenSearchServiceDomainOffPeakWindowOptions","resource-property-types"
"Add-VSOpenSearchServiceDomainS3VectorsEngine","resource-property-types"
"Add-VSOpenSearchServiceDomainSAMLOptions","resource-property-types"
"Add-VSOpenSearchServiceDomainServiceSoftwareOptions","resource-property-types"
"Add-VSOpenSearchServiceDomainSnapshotOptions","resource-property-types"
"Add-VSOpenSearchServiceDomainSoftwareUpdateOptions","resource-property-types"
"Add-VSOpenSearchServiceDomainVPCOptions","resource-property-types"
"Add-VSOpenSearchServiceDomainWindowStartTime","resource-property-types"
"Add-VSOpenSearchServiceDomainZoneAwarenessConfig","resource-property-types"
"Add-VSOpsWorksAppDataSource","resource-property-types"
"Add-VSOpsWorksAppEnvironmentVariable","resource-property-types"
"Add-VSOpsWorksAppSource","resource-property-types"
"Add-VSOpsWorksAppSslConfiguration","resource-property-types"
"Add-VSOpsWorksInstanceBlockDeviceMapping","resource-property-types"
"Add-VSOpsWorksInstanceEbsBlockDevice","resource-property-types"
"Add-VSOpsWorksInstanceTimeBasedAutoScaling","resource-property-types"
"Add-VSOpsWorksLayerAutoScalingThresholds","resource-property-types"
"Add-VSOpsWorksLayerLifecycleEventConfiguration","resource-property-types"
"Add-VSOpsWorksLayerLoadBasedAutoScaling","resource-property-types"
"Add-VSOpsWorksLayerRecipes","resource-property-types"
"Add-VSOpsWorksLayerShutdownEventConfiguration","resource-property-types"
"Add-VSOpsWorksLayerVolumeConfiguration","resource-property-types"
"Add-VSOpsWorksStackChefConfiguration","resource-property-types"
"Add-VSOpsWorksStackElasticIp","resource-property-types"
"Add-VSOpsWorksStackRdsDbInstance","resource-property-types"
"Add-VSOpsWorksStackSource","resource-property-types"
"Add-VSOpsWorksStackStackConfigurationManager","resource-property-types"
"Add-VSOSISPipelineBufferOptions","resource-property-types"
"Add-VSOSISPipelineCloudWatchLogDestination","resource-property-types"
"Add-VSOSISPipelineEncryptionAtRestOptions","resource-property-types"
"Add-VSOSISPipelineLogPublishingOptions","resource-property-types"
"Add-VSOSISPipelineResourcePolicy","resource-property-types"
"Add-VSOSISPipelineVpcAttachmentOptions","resource-property-types"
"Add-VSOSISPipelineVpcEndpoint","resource-property-types"
"Add-VSOSISPipelineVpcOptions","resource-property-types"
"Add-VSPanoramaApplicationInstanceManifestOverridesPayload","resource-property-types"
"Add-VSPanoramaApplicationInstanceManifestPayload","resource-property-types"
"Add-VSPanoramaPackageStorageLocation","resource-property-types"
"Add-VSPaymentCryptographyKeyKeyAttributes","resource-property-types"
"Add-VSPaymentCryptographyKeyKeyModesOfUse","resource-property-types"
"Add-VSPaymentCryptographyKeyReplicationStatusType","resource-property-types"
"Add-VSPCAConnectorADConnectorVpcInformation","resource-property-types"
"Add-VSPCAConnectorADTemplateApplicationPolicies","resource-property-types"
"Add-VSPCAConnectorADTemplateApplicationPolicy","resource-property-types"
"Add-VSPCAConnectorADTemplateCertificateValidity","resource-property-types"
"Add-VSPCAConnectorADTemplateEnrollmentFlagsV2","resource-property-types"
"Add-VSPCAConnectorADTemplateEnrollmentFlagsV3","resource-property-types"
"Add-VSPCAConnectorADTemplateEnrollmentFlagsV4","resource-property-types"
"Add-VSPCAConnectorADTemplateExtensionsV2","resource-property-types"
"Add-VSPCAConnectorADTemplateExtensionsV3","resource-property-types"
"Add-VSPCAConnectorADTemplateExtensionsV4","resource-property-types"
"Add-VSPCAConnectorADTemplateGeneralFlagsV2","resource-property-types"
"Add-VSPCAConnectorADTemplateGeneralFlagsV3","resource-property-types"
"Add-VSPCAConnectorADTemplateGeneralFlagsV4","resource-property-types"
"Add-VSPCAConnectorADTemplateGroupAccessControlEntryAccessRights","resource-property-types"
"Add-VSPCAConnectorADTemplateKeyUsage","resource-property-types"
"Add-VSPCAConnectorADTemplateKeyUsageFlags","resource-property-types"
"Add-VSPCAConnectorADTemplateKeyUsageProperty","resource-property-types"
"Add-VSPCAConnectorADTemplateKeyUsagePropertyFlags","resource-property-types"
"Add-VSPCAConnectorADTemplatePrivateKeyAttributesV2","resource-property-types"
"Add-VSPCAConnectorADTemplatePrivateKeyAttributesV3","resource-property-types"
"Add-VSPCAConnectorADTemplatePrivateKeyAttributesV4","resource-property-types"
"Add-VSPCAConnectorADTemplatePrivateKeyFlagsV2","resource-property-types"
"Add-VSPCAConnectorADTemplatePrivateKeyFlagsV3","resource-property-types"
"Add-VSPCAConnectorADTemplatePrivateKeyFlagsV4","resource-property-types"
"Add-VSPCAConnectorADTemplateSubjectNameFlagsV2","resource-property-types"
"Add-VSPCAConnectorADTemplateSubjectNameFlagsV3","resource-property-types"
"Add-VSPCAConnectorADTemplateSubjectNameFlagsV4","resource-property-types"
"Add-VSPCAConnectorADTemplateTemplateDefinition","resource-property-types"
"Add-VSPCAConnectorADTemplateTemplateV2","resource-property-types"
"Add-VSPCAConnectorADTemplateTemplateV3","resource-property-types"
"Add-VSPCAConnectorADTemplateTemplateV4","resource-property-types"
"Add-VSPCAConnectorADTemplateValidityPeriod","resource-property-types"
"Add-VSPCAConnectorSCEPConnectorIntuneConfiguration","resource-property-types"
"Add-VSPCAConnectorSCEPConnectorMobileDeviceManagement","resource-property-types"
"Add-VSPCAConnectorSCEPConnectorOpenIdConfiguration","resource-property-types"
"Add-VSPCSClusterAccounting","resource-property-types"
"Add-VSPCSClusterAuthKey","resource-property-types"
"Add-VSPCSClusterEndpoint","resource-property-types"
"Add-VSPCSClusterErrorInfo","resource-property-types"
"Add-VSPCSClusterJwtAuth","resource-property-types"
"Add-VSPCSClusterJwtKey","resource-property-types"
"Add-VSPCSClusterNetworking","resource-property-types"
"Add-VSPCSClusterScheduler","resource-property-types"
"Add-VSPCSClusterSlurmConfiguration","resource-property-types"
"Add-VSPCSClusterSlurmCustomSetting","resource-property-types"
"Add-VSPCSClusterSlurmRest","resource-property-types"
"Add-VSPCSComputeNodeGroupCustomLaunchTemplate","resource-property-types"
"Add-VSPCSComputeNodeGroupErrorInfo","resource-property-types"
"Add-VSPCSComputeNodeGroupInstanceConfig","resource-property-types"
"Add-VSPCSComputeNodeGroupScalingConfiguration","resource-property-types"
"Add-VSPCSComputeNodeGroupSlurmConfiguration","resource-property-types"
"Add-VSPCSComputeNodeGroupSlurmCustomSetting","resource-property-types"
"Add-VSPCSComputeNodeGroupSpotOptions","resource-property-types"
"Add-VSPCSQueueComputeNodeGroupConfiguration","resource-property-types"
"Add-VSPCSQueueErrorInfo","resource-property-types"
"Add-VSPCSQueueSlurmConfiguration","resource-property-types"
"Add-VSPCSQueueSlurmCustomSetting","resource-property-types"
"Add-VSPersonalizeDatasetDatasetImportJob","resource-property-types"
"Add-VSPersonalizeDatasetDataSource","resource-property-types"
"Add-VSPersonalizeSolutionAlgorithmHyperParameterRanges","resource-property-types"
"Add-VSPersonalizeSolutionAutoMLConfig","resource-property-types"
"Add-VSPersonalizeSolutionCategoricalHyperParameterRange","resource-property-types"
"Add-VSPersonalizeSolutionContinuousHyperParameterRange","resource-property-types"
"Add-VSPersonalizeSolutionHpoConfig","resource-property-types"
"Add-VSPersonalizeSolutionHpoObjective","resource-property-types"
"Add-VSPersonalizeSolutionHpoResourceConfig","resource-property-types"
"Add-VSPersonalizeSolutionIntegerHyperParameterRange","resource-property-types"
"Add-VSPersonalizeSolutionSolutionConfig","resource-property-types"
"Add-VSPinpointApplicationSettingsCampaignHook","resource-property-types"
"Add-VSPinpointApplicationSettingsLimits","resource-property-types"
"Add-VSPinpointApplicationSettingsQuietTime","resource-property-types"
"Add-VSPinpointCampaignAttributeDimension","resource-property-types"
"Add-VSPinpointCampaignCampaignCustomMessage","resource-property-types"
"Add-VSPinpointCampaignCampaignEmailMessage","resource-property-types"
"Add-VSPinpointCampaignCampaignEventFilter","resource-property-types"
"Add-VSPinpointCampaignCampaignHook","resource-property-types"
"Add-VSPinpointCampaignCampaignInAppMessage","resource-property-types"
"Add-VSPinpointCampaignCampaignSmsMessage","resource-property-types"
"Add-VSPinpointCampaignCustomDeliveryConfiguration","resource-property-types"
"Add-VSPinpointCampaignDefaultButtonConfiguration","resource-property-types"
"Add-VSPinpointCampaignEventDimensions","resource-property-types"
"Add-VSPinpointCampaignInAppMessageBodyConfig","resource-property-types"
"Add-VSPinpointCampaignInAppMessageButton","resource-property-types"
"Add-VSPinpointCampaignInAppMessageContent","resource-property-types"
"Add-VSPinpointCampaignInAppMessageHeaderConfig","resource-property-types"
"Add-VSPinpointCampaignLimits","resource-property-types"
"Add-VSPinpointCampaignMessage","resource-property-types"
"Add-VSPinpointCampaignMessageConfiguration","resource-property-types"
"Add-VSPinpointCampaignMetricDimension","resource-property-types"
"Add-VSPinpointCampaignOverrideButtonConfiguration","resource-property-types"
"Add-VSPinpointCampaignQuietTime","resource-property-types"
"Add-VSPinpointCampaignSchedule","resource-property-types"
"Add-VSPinpointCampaignSetDimension","resource-property-types"
"Add-VSPinpointCampaignTemplate","resource-property-types"
"Add-VSPinpointCampaignTemplateConfiguration","resource-property-types"
"Add-VSPinpointCampaignWriteTreatmentResource","resource-property-types"
"Add-VSPinpointEmailConfigurationSetDeliveryOptions","resource-property-types"
"Add-VSPinpointEmailConfigurationSetEventDestinationCloudWatchDestination","resource-property-types"
"Add-VSPinpointEmailConfigurationSetEventDestinationDimensionConfiguration","resource-property-types"
"Add-VSPinpointEmailConfigurationSetEventDestinationEventDestination","resource-property-types"
"Add-VSPinpointEmailConfigurationSetEventDestinationKinesisFirehoseDestination","resource-property-types"
"Add-VSPinpointEmailConfigurationSetEventDestinationPinpointDestination","resource-property-types"
"Add-VSPinpointEmailConfigurationSetEventDestinationSnsDestination","resource-property-types"
"Add-VSPinpointEmailConfigurationSetReputationOptions","resource-property-types"
"Add-VSPinpointEmailConfigurationSetSendingOptions","resource-property-types"
"Add-VSPinpointEmailConfigurationSetTags","resource-property-types"
"Add-VSPinpointEmailConfigurationSetTrackingOptions","resource-property-types"
"Add-VSPinpointEmailDedicatedIpPoolTags","resource-property-types"
"Add-VSPinpointEmailIdentityMailFromAttributes","resource-property-types"
"Add-VSPinpointEmailIdentityTags","resource-property-types"
"Add-VSPinpointInAppTemplateBodyConfig","resource-property-types"
"Add-VSPinpointInAppTemplateButtonConfig","resource-property-types"
"Add-VSPinpointInAppTemplateDefaultButtonConfiguration","resource-property-types"
"Add-VSPinpointInAppTemplateHeaderConfig","resource-property-types"
"Add-VSPinpointInAppTemplateInAppMessageContent","resource-property-types"
"Add-VSPinpointInAppTemplateOverrideButtonConfiguration","resource-property-types"
"Add-VSPinpointPushTemplateAndroidPushNotificationTemplate","resource-property-types"
"Add-VSPinpointPushTemplateAPNSPushNotificationTemplate","resource-property-types"
"Add-VSPinpointPushTemplateDefaultPushNotificationTemplate","resource-property-types"
"Add-VSPinpointSegmentAttributeDimension","resource-property-types"
"Add-VSPinpointSegmentBehavior","resource-property-types"
"Add-VSPinpointSegmentCoordinates","resource-property-types"
"Add-VSPinpointSegmentDemographic","resource-property-types"
"Add-VSPinpointSegmentGPSPoint","resource-property-types"
"Add-VSPinpointSegmentGroups","resource-property-types"
"Add-VSPinpointSegmentLocation","resource-property-types"
"Add-VSPinpointSegmentRecency","resource-property-types"
"Add-VSPinpointSegmentSegmentDimensions","resource-property-types"
"Add-VSPinpointSegmentSegmentGroups","resource-property-types"
"Add-VSPinpointSegmentSetDimension","resource-property-types"
"Add-VSPinpointSegmentSourceSegments","resource-property-types"
"Add-VSPipesPipeAwsVpcConfiguration","resource-property-types"
"Add-VSPipesPipeBatchArrayProperties","resource-property-types"
"Add-VSPipesPipeBatchContainerOverrides","resource-property-types"
"Add-VSPipesPipeBatchEnvironmentVariable","resource-property-types"
"Add-VSPipesPipeBatchJobDependency","resource-property-types"
"Add-VSPipesPipeBatchResourceRequirement","resource-property-types"
"Add-VSPipesPipeBatchRetryStrategy","resource-property-types"
"Add-VSPipesPipeCapacityProviderStrategyItem","resource-property-types"
"Add-VSPipesPipeCloudwatchLogsLogDestination","resource-property-types"
"Add-VSPipesPipeDeadLetterConfig","resource-property-types"
"Add-VSPipesPipeDimensionMapping","resource-property-types"
"Add-VSPipesPipeEcsContainerOverride","resource-property-types"
"Add-VSPipesPipeEcsEnvironmentFile","resource-property-types"
"Add-VSPipesPipeEcsEnvironmentVariable","resource-property-types"
"Add-VSPipesPipeEcsEphemeralStorage","resource-property-types"
"Add-VSPipesPipeEcsInferenceAcceleratorOverride","resource-property-types"
"Add-VSPipesPipeEcsResourceRequirement","resource-property-types"
"Add-VSPipesPipeEcsTaskOverride","resource-property-types"
"Add-VSPipesPipeFilter","resource-property-types"
"Add-VSPipesPipeFilterCriteria","resource-property-types"
"Add-VSPipesPipeFirehoseLogDestination","resource-property-types"
"Add-VSPipesPipeMQBrokerAccessCredentials","resource-property-types"
"Add-VSPipesPipeMSKAccessCredentials","resource-property-types"
"Add-VSPipesPipeMultiMeasureAttributeMapping","resource-property-types"
"Add-VSPipesPipeMultiMeasureMapping","resource-property-types"
"Add-VSPipesPipeNetworkConfiguration","resource-property-types"
"Add-VSPipesPipePipeEnrichmentHttpParameters","resource-property-types"
"Add-VSPipesPipePipeEnrichmentParameters","resource-property-types"
"Add-VSPipesPipePipeLogConfiguration","resource-property-types"
"Add-VSPipesPipePipeSourceActiveMQBrokerParameters","resource-property-types"
"Add-VSPipesPipePipeSourceDynamoDBStreamParameters","resource-property-types"
"Add-VSPipesPipePipeSourceKinesisStreamParameters","resource-property-types"
"Add-VSPipesPipePipeSourceManagedStreamingKafkaParameters","resource-property-types"
"Add-VSPipesPipePipeSourceParameters","resource-property-types"
"Add-VSPipesPipePipeSourceRabbitMQBrokerParameters","resource-property-types"
"Add-VSPipesPipePipeSourceSelfManagedKafkaParameters","resource-property-types"
"Add-VSPipesPipePipeSourceSqsQueueParameters","resource-property-types"
"Add-VSPipesPipePipeTargetBatchJobParameters","resource-property-types"
"Add-VSPipesPipePipeTargetCloudWatchLogsParameters","resource-property-types"
"Add-VSPipesPipePipeTargetEcsTaskParameters","resource-property-types"
"Add-VSPipesPipePipeTargetEventBridgeEventBusParameters","resource-property-types"
"Add-VSPipesPipePipeTargetHttpParameters","resource-property-types"
"Add-VSPipesPipePipeTargetKinesisStreamParameters","resource-property-types"
"Add-VSPipesPipePipeTargetLambdaFunctionParameters","resource-property-types"
"Add-VSPipesPipePipeTargetParameters","resource-property-types"
"Add-VSPipesPipePipeTargetRedshiftDataParameters","resource-property-types"
"Add-VSPipesPipePipeTargetSageMakerPipelineParameters","resource-property-types"
"Add-VSPipesPipePipeTargetSqsQueueParameters","resource-property-types"
"Add-VSPipesPipePipeTargetStateMachineParameters","resource-property-types"
"Add-VSPipesPipePipeTargetTimestreamParameters","resource-property-types"
"Add-VSPipesPipePlacementConstraint","resource-property-types"
"Add-VSPipesPipePlacementStrategy","resource-property-types"
"Add-VSPipesPipeS3LogDestination","resource-property-types"
"Add-VSPipesPipeSageMakerPipelineParameter","resource-property-types"
"Add-VSPipesPipeSelfManagedKafkaAccessConfigurationCredentials","resource-property-types"
"Add-VSPipesPipeSelfManagedKafkaAccessConfigurationVpc","resource-property-types"
"Add-VSPipesPipeSingleMeasureMapping","resource-property-types"
"Add-VSQBusinessApplicationAttachmentsConfiguration","resource-property-types"
"Add-VSQBusinessApplicationAutoSubscriptionConfiguration","resource-property-types"
"Add-VSQBusinessApplicationEncryptionConfiguration","resource-property-types"
"Add-VSQBusinessApplicationPersonalizationConfiguration","resource-property-types"
"Add-VSQBusinessApplicationQAppsConfiguration","resource-property-types"
"Add-VSQBusinessApplicationQuickSightConfiguration","resource-property-types"
"Add-VSQBusinessDataAccessorActionConfiguration","resource-property-types"
"Add-VSQBusinessDataAccessorActionFilterConfiguration","resource-property-types"
"Add-VSQBusinessDataAccessorAttributeFilter","resource-property-types"
"Add-VSQBusinessDataAccessorDataAccessorAuthenticationConfiguration","resource-property-types"
"Add-VSQBusinessDataAccessorDataAccessorAuthenticationDetail","resource-property-types"
"Add-VSQBusinessDataAccessorDataAccessorIdcTrustedTokenIssuerConfiguration","resource-property-types"
"Add-VSQBusinessDataAccessorDocumentAttribute","resource-property-types"
"Add-VSQBusinessDataAccessorDocumentAttributeValue","resource-property-types"
"Add-VSQBusinessDataSourceAudioExtractionConfiguration","resource-property-types"
"Add-VSQBusinessDataSourceDataSourceVpcConfiguration","resource-property-types"
"Add-VSQBusinessDataSourceDocumentAttributeCondition","resource-property-types"
"Add-VSQBusinessDataSourceDocumentAttributeTarget","resource-property-types"
"Add-VSQBusinessDataSourceDocumentAttributeValue","resource-property-types"
"Add-VSQBusinessDataSourceDocumentEnrichmentConfiguration","resource-property-types"
"Add-VSQBusinessDataSourceHookConfiguration","resource-property-types"
"Add-VSQBusinessDataSourceImageExtractionConfiguration","resource-property-types"
"Add-VSQBusinessDataSourceInlineDocumentEnrichmentConfiguration","resource-property-types"
"Add-VSQBusinessDataSourceMediaExtractionConfiguration","resource-property-types"
"Add-VSQBusinessDataSourceVideoExtractionConfiguration","resource-property-types"
"Add-VSQBusinessIndexDocumentAttributeConfiguration","resource-property-types"
"Add-VSQBusinessIndexIndexCapacityConfiguration","resource-property-types"
"Add-VSQBusinessIndexIndexStatistics","resource-property-types"
"Add-VSQBusinessIndexTextDocumentStatistics","resource-property-types"
"Add-VSQBusinessPermissionCondition","resource-property-types"
"Add-VSQBusinessPluginAPISchema","resource-property-types"
"Add-VSQBusinessPluginBasicAuthConfiguration","resource-property-types"
"Add-VSQBusinessPluginCustomPluginConfiguration","resource-property-types"
"Add-VSQBusinessPluginOAuth2ClientCredentialConfiguration","resource-property-types"
"Add-VSQBusinessPluginPluginAuthConfiguration","resource-property-types"
"Add-VSQBusinessPluginS3","resource-property-types"
"Add-VSQBusinessRetrieverKendraIndexConfiguration","resource-property-types"
"Add-VSQBusinessRetrieverNativeIndexConfiguration","resource-property-types"
"Add-VSQBusinessRetrieverRetrieverConfiguration","resource-property-types"
"Add-VSQBusinessWebExperienceBrowserExtensionConfiguration","resource-property-types"
"Add-VSQBusinessWebExperienceCustomizationConfiguration","resource-property-types"
"Add-VSQBusinessWebExperienceIdentityProviderConfiguration","resource-property-types"
"Add-VSQBusinessWebExperienceOpenIDConnectProviderConfiguration","resource-property-types"
"Add-VSQBusinessWebExperienceSamlProviderConfiguration","resource-property-types"
"Add-VSQLDBStreamKinesisConfiguration","resource-property-types"
"Add-VSQuickSightAnalysisAggregationFunction","resource-property-types"
"Add-VSQuickSightAnalysisAggregationSortConfiguration","resource-property-types"
"Add-VSQuickSightAnalysisAnalysisDefaults","resource-property-types"
"Add-VSQuickSightAnalysisAnalysisDefinition","resource-property-types"
"Add-VSQuickSightAnalysisAnalysisError","resource-property-types"
"Add-VSQuickSightAnalysisAnalysisSourceEntity","resource-property-types"
"Add-VSQuickSightAnalysisAnalysisSourceTemplate","resource-property-types"
"Add-VSQuickSightAnalysisAnchorDateConfiguration","resource-property-types"
"Add-VSQuickSightAnalysisArcAxisConfiguration","resource-property-types"
"Add-VSQuickSightAnalysisArcAxisDisplayRange","resource-property-types"
"Add-VSQuickSightAnalysisArcConfiguration","resource-property-types"
"Add-VSQuickSightAnalysisArcOptions","resource-property-types"
"Add-VSQuickSightAnalysisAssetOptions","resource-property-types"
"Add-VSQuickSightAnalysisAttributeAggregationFunction","resource-property-types"
"Add-VSQuickSightAnalysisAxisDataOptions","resource-property-types"
"Add-VSQuickSightAnalysisAxisDisplayMinMaxRange","resource-property-types"
"Add-VSQuickSightAnalysisAxisDisplayOptions","resource-property-types"
"Add-VSQuickSightAnalysisAxisDisplayRange","resource-property-types"
"Add-VSQuickSightAnalysisAxisLabelOptions","resource-property-types"
"Add-VSQuickSightAnalysisAxisLabelReferenceOptions","resource-property-types"
"Add-VSQuickSightAnalysisAxisLinearScale","resource-property-types"
"Add-VSQuickSightAnalysisAxisLogarithmicScale","resource-property-types"
"Add-VSQuickSightAnalysisAxisScale","resource-property-types"
"Add-VSQuickSightAnalysisAxisTickLabelOptions","resource-property-types"
"Add-VSQuickSightAnalysisBarChartAggregatedFieldWells","resource-property-types"
"Add-VSQuickSightAnalysisBarChartConfiguration","resource-property-types"
"Add-VSQuickSightAnalysisBarChartDefaultSeriesSettings","resource-property-types"
"Add-VSQuickSightAnalysisBarChartFieldWells","resource-property-types"
"Add-VSQuickSightAnalysisBarChartSortConfiguration","resource-property-types"
"Add-VSQuickSightAnalysisBarChartVisual","resource-property-types"
"Add-VSQuickSightAnalysisBinCountOptions","resource-property-types"
"Add-VSQuickSightAnalysisBinWidthOptions","resource-property-types"
"Add-VSQuickSightAnalysisBodySectionConfiguration","resource-property-types"
"Add-VSQuickSightAnalysisBodySectionContent","resource-property-types"
"Add-VSQuickSightAnalysisBodySectionDynamicCategoryDimensionConfiguration","resource-property-types"
"Add-VSQuickSightAnalysisBodySectionDynamicNumericDimensionConfiguration","resource-property-types"
"Add-VSQuickSightAnalysisBodySectionRepeatConfiguration","resource-property-types"
"Add-VSQuickSightAnalysisBodySectionRepeatDimensionConfiguration","resource-property-types"
"Add-VSQuickSightAnalysisBodySectionRepeatPageBreakConfiguration","resource-property-types"
"Add-VSQuickSightAnalysisBorderSettings","resource-property-types"
"Add-VSQuickSightAnalysisBoxPlotAggregatedFieldWells","resource-property-types"
"Add-VSQuickSightAnalysisBoxPlotChartConfiguration","resource-property-types"
"Add-VSQuickSightAnalysisBoxPlotFieldWells","resource-property-types"
"Add-VSQuickSightAnalysisBoxPlotOptions","resource-property-types"
"Add-VSQuickSightAnalysisBoxPlotSortConfiguration","resource-property-types"
"Add-VSQuickSightAnalysisBoxPlotStyleOptions","resource-property-types"
"Add-VSQuickSightAnalysisBoxPlotVisual","resource-property-types"
"Add-VSQuickSightAnalysisCalculatedField","resource-property-types"
"Add-VSQuickSightAnalysisCalculatedMeasureField","resource-property-types"
"Add-VSQuickSightAnalysisCascadingControlConfiguration","resource-property-types"
"Add-VSQuickSightAnalysisCascadingControlSource","resource-property-types"
"Add-VSQuickSightAnalysisCategoricalDimensionField","resource-property-types"
"Add-VSQuickSightAnalysisCategoricalMeasureField","resource-property-types"
"Add-VSQuickSightAnalysisCategoryDrillDownFilter","resource-property-types"
"Add-VSQuickSightAnalysisCategoryFilter","resource-property-types"
"Add-VSQuickSightAnalysisCategoryFilterConfiguration","resource-property-types"
"Add-VSQuickSightAnalysisCategoryInnerFilter","resource-property-types"
"Add-VSQuickSightAnalysisChartAxisLabelOptions","resource-property-types"
"Add-VSQuickSightAnalysisClusterMarker","resource-property-types"
"Add-VSQuickSightAnalysisClusterMarkerConfiguration","resource-property-types"
"Add-VSQuickSightAnalysisColorScale","resource-property-types"
"Add-VSQuickSightAnalysisColorsConfiguration","resource-property-types"
"Add-VSQuickSightAnalysisColumnConfiguration","resource-property-types"
"Add-VSQuickSightAnalysisColumnHierarchy","resource-property-types"
"Add-VSQuickSightAnalysisColumnIdentifier","resource-property-types"
"Add-VSQuickSightAnalysisColumnSort","resource-property-types"
"Add-VSQuickSightAnalysisColumnTooltipItem","resource-property-types"
"Add-VSQuickSightAnalysisComboChartAggregatedFieldWells","resource-property-types"
"Add-VSQuickSightAnalysisComboChartConfiguration","resource-property-types"
"Add-VSQuickSightAnalysisComboChartDefaultSeriesSettings","resource-property-types"
"Add-VSQuickSightAnalysisComboChartFieldWells","resource-property-types"
"Add-VSQuickSightAnalysisComboChartSortConfiguration","resource-property-types"
"Add-VSQuickSightAnalysisComboChartVisual","resource-property-types"
"Add-VSQuickSightAnalysisComparisonConfiguration","resource-property-types"
"Add-VSQuickSightAnalysisComparisonFormatConfiguration","resource-property-types"
"Add-VSQuickSightAnalysisComputation","resource-property-types"
"Add-VSQuickSightAnalysisConditionalFormattingColor","resource-property-types"
"Add-VSQuickSightAnalysisConditionalFormattingCustomIconCondition","resource-property-types"
"Add-VSQuickSightAnalysisConditionalFormattingCustomIconOptions","resource-property-types"
"Add-VSQuickSightAnalysisConditionalFormattingGradientColor","resource-property-types"
"Add-VSQuickSightAnalysisConditionalFormattingIcon","resource-property-types"
"Add-VSQuickSightAnalysisConditionalFormattingIconDisplayConfiguration","resource-property-types"
"Add-VSQuickSightAnalysisConditionalFormattingIconSet","resource-property-types"
"Add-VSQuickSightAnalysisConditionalFormattingSolidColor","resource-property-types"
"Add-VSQuickSightAnalysisContextMenuOption","resource-property-types"
"Add-VSQuickSightAnalysisContributionAnalysisDefault","resource-property-types"
"Add-VSQuickSightAnalysisCurrencyDisplayFormatConfiguration","resource-property-types"
"Add-VSQuickSightAnalysisCustomActionFilterOperation","resource-property-types"
"Add-VSQuickSightAnalysisCustomActionNavigationOperation","resource-property-types"
"Add-VSQuickSightAnalysisCustomActionSetParametersOperation","resource-property-types"
"Add-VSQuickSightAnalysisCustomActionURLOperation","resource-property-types"
"Add-VSQuickSightAnalysisCustomColor","resource-property-types"
"Add-VSQuickSightAnalysisCustomContentConfiguration","resource-property-types"
"Add-VSQuickSightAnalysisCustomContentVisual","resource-property-types"
"Add-VSQuickSightAnalysisCustomFilterConfiguration","resource-property-types"
"Add-VSQuickSightAnalysisCustomFilterListConfiguration","resource-property-types"
"Add-VSQuickSightAnalysisCustomNarrativeOptions","resource-property-types"
"Add-VSQuickSightAnalysisCustomParameterValues","resource-property-types"
"Add-VSQuickSightAnalysisCustomValuesConfiguration","resource-property-types"
"Add-VSQuickSightAnalysisDataBarsOptions","resource-property-types"
"Add-VSQuickSightAnalysisDataColor","resource-property-types"
"Add-VSQuickSightAnalysisDataFieldSeriesItem","resource-property-types"
"Add-VSQuickSightAnalysisDataLabelOptions","resource-property-types"
"Add-VSQuickSightAnalysisDataLabelType","resource-property-types"
"Add-VSQuickSightAnalysisDataPathColor","resource-property-types"
"Add-VSQuickSightAnalysisDataPathLabelType","resource-property-types"
"Add-VSQuickSightAnalysisDataPathSort","resource-property-types"
"Add-VSQuickSightAnalysisDataPathType","resource-property-types"
"Add-VSQuickSightAnalysisDataPathValue","resource-property-types"
"Add-VSQuickSightAnalysisDataSetIdentifierDeclaration","resource-property-types"
"Add-VSQuickSightAnalysisDataSetReference","resource-property-types"
"Add-VSQuickSightAnalysisDateAxisOptions","resource-property-types"
"Add-VSQuickSightAnalysisDateDimensionField","resource-property-types"
"Add-VSQuickSightAnalysisDateMeasureField","resource-property-types"
"Add-VSQuickSightAnalysisDateTimeDefaultValues","resource-property-types"
"Add-VSQuickSightAnalysisDateTimeFormatConfiguration","resource-property-types"
"Add-VSQuickSightAnalysisDateTimeHierarchy","resource-property-types"
"Add-VSQuickSightAnalysisDateTimeParameter","resource-property-types"
"Add-VSQuickSightAnalysisDateTimeParameterDeclaration","resource-property-types"
"Add-VSQuickSightAnalysisDateTimePickerControlDisplayOptions","resource-property-types"
"Add-VSQuickSightAnalysisDateTimeValueWhenUnsetConfiguration","resource-property-types"
"Add-VSQuickSightAnalysisDecalSettings","resource-property-types"
"Add-VSQuickSightAnalysisDecalSettingsConfiguration","resource-property-types"
"Add-VSQuickSightAnalysisDecimalDefaultValues","resource-property-types"
"Add-VSQuickSightAnalysisDecimalParameter","resource-property-types"
"Add-VSQuickSightAnalysisDecimalParameterDeclaration","resource-property-types"
"Add-VSQuickSightAnalysisDecimalPlacesConfiguration","resource-property-types"
"Add-VSQuickSightAnalysisDecimalValueWhenUnsetConfiguration","resource-property-types"
"Add-VSQuickSightAnalysisDefaultDateTimePickerControlOptions","resource-property-types"
"Add-VSQuickSightAnalysisDefaultFilterControlConfiguration","resource-property-types"
"Add-VSQuickSightAnalysisDefaultFilterControlOptions","resource-property-types"
"Add-VSQuickSightAnalysisDefaultFilterDropDownControlOptions","resource-property-types"
"Add-VSQuickSightAnalysisDefaultFilterListControlOptions","resource-property-types"
"Add-VSQuickSightAnalysisDefaultFreeFormLayoutConfiguration","resource-property-types"
"Add-VSQuickSightAnalysisDefaultGridLayoutConfiguration","resource-property-types"
"Add-VSQuickSightAnalysisDefaultInteractiveLayoutConfiguration","resource-property-types"
"Add-VSQuickSightAnalysisDefaultNewSheetConfiguration","resource-property-types"
"Add-VSQuickSightAnalysisDefaultPaginatedLayoutConfiguration","resource-property-types"
"Add-VSQuickSightAnalysisDefaultRelativeDateTimeControlOptions","resource-property-types"
"Add-VSQuickSightAnalysisDefaultSectionBasedLayoutConfiguration","resource-property-types"
"Add-VSQuickSightAnalysisDefaultSliderControlOptions","resource-property-types"
"Add-VSQuickSightAnalysisDefaultTextAreaControlOptions","resource-property-types"
"Add-VSQuickSightAnalysisDefaultTextFieldControlOptions","resource-property-types"
"Add-VSQuickSightAnalysisDestinationParameterValueConfiguration","resource-property-types"
"Add-VSQuickSightAnalysisDimensionField","resource-property-types"
"Add-VSQuickSightAnalysisDonutCenterOptions","resource-property-types"
"Add-VSQuickSightAnalysisDonutOptions","resource-property-types"
"Add-VSQuickSightAnalysisDrillDownFilter","resource-property-types"
"Add-VSQuickSightAnalysisDropDownControlDisplayOptions","resource-property-types"
"Add-VSQuickSightAnalysisDynamicDefaultValue","resource-property-types"
"Add-VSQuickSightAnalysisEmptyVisual","resource-property-types"
"Add-VSQuickSightAnalysisEntity","resource-property-types"
"Add-VSQuickSightAnalysisExcludePeriodConfiguration","resource-property-types"
"Add-VSQuickSightAnalysisExplicitHierarchy","resource-property-types"
"Add-VSQuickSightAnalysisFieldBasedTooltip","resource-property-types"
"Add-VSQuickSightAnalysisFieldLabelType","resource-property-types"
"Add-VSQuickSightAnalysisFieldSeriesItem","resource-property-types"
"Add-VSQuickSightAnalysisFieldSort","resource-property-types"
"Add-VSQuickSightAnalysisFieldSortOptions","resource-property-types"
"Add-VSQuickSightAnalysisFieldTooltipItem","resource-property-types"
"Add-VSQuickSightAnalysisFilledMapAggregatedFieldWells","resource-property-types"
"Add-VSQuickSightAnalysisFilledMapConditionalFormatting","resource-property-types"
"Add-VSQuickSightAnalysisFilledMapConditionalFormattingOption","resource-property-types"
"Add-VSQuickSightAnalysisFilledMapConfiguration","resource-property-types"
"Add-VSQuickSightAnalysisFilledMapFieldWells","resource-property-types"
"Add-VSQuickSightAnalysisFilledMapShapeConditionalFormatting","resource-property-types"
"Add-VSQuickSightAnalysisFilledMapSortConfiguration","resource-property-types"
"Add-VSQuickSightAnalysisFilledMapVisual","resource-property-types"
"Add-VSQuickSightAnalysisFilter","resource-property-types"
"Add-VSQuickSightAnalysisFilterControl","resource-property-types"
"Add-VSQuickSightAnalysisFilterCrossSheetControl","resource-property-types"
"Add-VSQuickSightAnalysisFilterDateTimePickerControl","resource-property-types"
"Add-VSQuickSightAnalysisFilterDropDownControl","resource-property-types"
"Add-VSQuickSightAnalysisFilterGroup","resource-property-types"
"Add-VSQuickSightAnalysisFilterListConfiguration","resource-property-types"
"Add-VSQuickSightAnalysisFilterListControl","resource-property-types"
"Add-VSQuickSightAnalysisFilterOperationSelectedFieldsConfiguration","resource-property-types"
"Add-VSQuickSightAnalysisFilterOperationTargetVisualsConfiguration","resource-property-types"
"Add-VSQuickSightAnalysisFilterRelativeDateTimeControl","resource-property-types"
"Add-VSQuickSightAnalysisFilterScopeConfiguration","resource-property-types"
"Add-VSQuickSightAnalysisFilterSelectableValues","resource-property-types"
"Add-VSQuickSightAnalysisFilterSliderControl","resource-property-types"
"Add-VSQuickSightAnalysisFilterTextAreaControl","resource-property-types"
"Add-VSQuickSightAnalysisFilterTextFieldControl","resource-property-types"
"Add-VSQuickSightAnalysisFontConfiguration","resource-property-types"
"Add-VSQuickSightAnalysisFontSize","resource-property-types"
"Add-VSQuickSightAnalysisFontWeight","resource-property-types"
"Add-VSQuickSightAnalysisForecastComputation","resource-property-types"
"Add-VSQuickSightAnalysisForecastConfiguration","resource-property-types"
"Add-VSQuickSightAnalysisForecastScenario","resource-property-types"
"Add-VSQuickSightAnalysisFormatConfiguration","resource-property-types"
"Add-VSQuickSightAnalysisFreeFormLayoutCanvasSizeOptions","resource-property-types"
"Add-VSQuickSightAnalysisFreeFormLayoutConfiguration","resource-property-types"
"Add-VSQuickSightAnalysisFreeFormLayoutElement","resource-property-types"
"Add-VSQuickSightAnalysisFreeFormLayoutElementBackgroundStyle","resource-property-types"
"Add-VSQuickSightAnalysisFreeFormLayoutElementBorderStyle","resource-property-types"
"Add-VSQuickSightAnalysisFreeFormLayoutScreenCanvasSizeOptions","resource-property-types"
"Add-VSQuickSightAnalysisFreeFormSectionLayoutConfiguration","resource-property-types"
"Add-VSQuickSightAnalysisFunnelChartAggregatedFieldWells","resource-property-types"
"Add-VSQuickSightAnalysisFunnelChartConfiguration","resource-property-types"
"Add-VSQuickSightAnalysisFunnelChartDataLabelOptions","resource-property-types"
"Add-VSQuickSightAnalysisFunnelChartFieldWells","resource-property-types"
"Add-VSQuickSightAnalysisFunnelChartSortConfiguration","resource-property-types"
"Add-VSQuickSightAnalysisFunnelChartVisual","resource-property-types"
"Add-VSQuickSightAnalysisGaugeChartArcConditionalFormatting","resource-property-types"
"Add-VSQuickSightAnalysisGaugeChartColorConfiguration","resource-property-types"
"Add-VSQuickSightAnalysisGaugeChartConditionalFormatting","resource-property-types"
"Add-VSQuickSightAnalysisGaugeChartConditionalFormattingOption","resource-property-types"
"Add-VSQuickSightAnalysisGaugeChartConfiguration","resource-property-types"
"Add-VSQuickSightAnalysisGaugeChartFieldWells","resource-property-types"
"Add-VSQuickSightAnalysisGaugeChartOptions","resource-property-types"
"Add-VSQuickSightAnalysisGaugeChartPrimaryValueConditionalFormatting","resource-property-types"
"Add-VSQuickSightAnalysisGaugeChartVisual","resource-property-types"
"Add-VSQuickSightAnalysisGeospatialCategoricalColor","resource-property-types"
"Add-VSQuickSightAnalysisGeospatialCategoricalDataColor","resource-property-types"
"Add-VSQuickSightAnalysisGeospatialCircleRadius","resource-property-types"
"Add-VSQuickSightAnalysisGeospatialCircleSymbolStyle","resource-property-types"
"Add-VSQuickSightAnalysisGeospatialColor","resource-property-types"
"Add-VSQuickSightAnalysisGeospatialCoordinateBounds","resource-property-types"
"Add-VSQuickSightAnalysisGeospatialDataSourceItem","resource-property-types"
"Add-VSQuickSightAnalysisGeospatialGradientColor","resource-property-types"
"Add-VSQuickSightAnalysisGeospatialGradientStepColor","resource-property-types"
"Add-VSQuickSightAnalysisGeospatialHeatmapColorScale","resource-property-types"
"Add-VSQuickSightAnalysisGeospatialHeatmapConfiguration","resource-property-types"
"Add-VSQuickSightAnalysisGeospatialHeatmapDataColor","resource-property-types"
"Add-VSQuickSightAnalysisGeospatialLayerColorField","resource-property-types"
"Add-VSQuickSightAnalysisGeospatialLayerDefinition","resource-property-types"
"Add-VSQuickSightAnalysisGeospatialLayerItem","resource-property-types"
"Add-VSQuickSightAnalysisGeospatialLayerJoinDefinition","resource-property-types"
"Add-VSQuickSightAnalysisGeospatialLayerMapConfiguration","resource-property-types"
"Add-VSQuickSightAnalysisGeospatialLineLayer","resource-property-types"
"Add-VSQuickSightAnalysisGeospatialLineStyle","resource-property-types"
"Add-VSQuickSightAnalysisGeospatialLineSymbolStyle","resource-property-types"
"Add-VSQuickSightAnalysisGeospatialLineWidth","resource-property-types"
"Add-VSQuickSightAnalysisGeospatialMapAggregatedFieldWells","resource-property-types"
"Add-VSQuickSightAnalysisGeospatialMapConfiguration","resource-property-types"
"Add-VSQuickSightAnalysisGeospatialMapFieldWells","resource-property-types"
"Add-VSQuickSightAnalysisGeospatialMapState","resource-property-types"
"Add-VSQuickSightAnalysisGeospatialMapStyle","resource-property-types"
"Add-VSQuickSightAnalysisGeospatialMapStyleOptions","resource-property-types"
"Add-VSQuickSightAnalysisGeospatialMapVisual","resource-property-types"
"Add-VSQuickSightAnalysisGeospatialNullDataSettings","resource-property-types"
"Add-VSQuickSightAnalysisGeospatialNullSymbolStyle","resource-property-types"
"Add-VSQuickSightAnalysisGeospatialPointLayer","resource-property-types"
"Add-VSQuickSightAnalysisGeospatialPointStyle","resource-property-types"
"Add-VSQuickSightAnalysisGeospatialPointStyleOptions","resource-property-types"
"Add-VSQuickSightAnalysisGeospatialPolygonLayer","resource-property-types"
"Add-VSQuickSightAnalysisGeospatialPolygonStyle","resource-property-types"
"Add-VSQuickSightAnalysisGeospatialPolygonSymbolStyle","resource-property-types"
"Add-VSQuickSightAnalysisGeospatialSolidColor","resource-property-types"
"Add-VSQuickSightAnalysisGeospatialStaticFileSource","resource-property-types"
"Add-VSQuickSightAnalysisGeospatialWindowOptions","resource-property-types"
"Add-VSQuickSightAnalysisGlobalTableBorderOptions","resource-property-types"
"Add-VSQuickSightAnalysisGradientColor","resource-property-types"
"Add-VSQuickSightAnalysisGradientStop","resource-property-types"
"Add-VSQuickSightAnalysisGridLayoutCanvasSizeOptions","resource-property-types"
"Add-VSQuickSightAnalysisGridLayoutConfiguration","resource-property-types"
"Add-VSQuickSightAnalysisGridLayoutElement","resource-property-types"
"Add-VSQuickSightAnalysisGridLayoutElementBackgroundStyle","resource-property-types"
"Add-VSQuickSightAnalysisGridLayoutElementBorderStyle","resource-property-types"
"Add-VSQuickSightAnalysisGridLayoutScreenCanvasSizeOptions","resource-property-types"
"Add-VSQuickSightAnalysisGrowthRateComputation","resource-property-types"
"Add-VSQuickSightAnalysisHeaderFooterSectionConfiguration","resource-property-types"
"Add-VSQuickSightAnalysisHeatMapAggregatedFieldWells","resource-property-types"
"Add-VSQuickSightAnalysisHeatMapConfiguration","resource-property-types"
"Add-VSQuickSightAnalysisHeatMapFieldWells","resource-property-types"
"Add-VSQuickSightAnalysisHeatMapSortConfiguration","resource-property-types"
"Add-VSQuickSightAnalysisHeatMapVisual","resource-property-types"
"Add-VSQuickSightAnalysisHistogramAggregatedFieldWells","resource-property-types"
"Add-VSQuickSightAnalysisHistogramBinOptions","resource-property-types"
"Add-VSQuickSightAnalysisHistogramConfiguration","resource-property-types"
"Add-VSQuickSightAnalysisHistogramFieldWells","resource-property-types"
"Add-VSQuickSightAnalysisHistogramVisual","resource-property-types"
"Add-VSQuickSightAnalysisImageCustomAction","resource-property-types"
"Add-VSQuickSightAnalysisImageCustomActionOperation","resource-property-types"
"Add-VSQuickSightAnalysisImageInteractionOptions","resource-property-types"
"Add-VSQuickSightAnalysisImageMenuOption","resource-property-types"
"Add-VSQuickSightAnalysisImageStaticFile","resource-property-types"
"Add-VSQuickSightAnalysisInnerFilter","resource-property-types"
"Add-VSQuickSightAnalysisInsightConfiguration","resource-property-types"
"Add-VSQuickSightAnalysisInsightVisual","resource-property-types"
"Add-VSQuickSightAnalysisIntegerDefaultValues","resource-property-types"
"Add-VSQuickSightAnalysisIntegerParameter","resource-property-types"
"Add-VSQuickSightAnalysisIntegerParameterDeclaration","resource-property-types"
"Add-VSQuickSightAnalysisIntegerValueWhenUnsetConfiguration","resource-property-types"
"Add-VSQuickSightAnalysisItemsLimitConfiguration","resource-property-types"
"Add-VSQuickSightAnalysisKPIActualValueConditionalFormatting","resource-property-types"
"Add-VSQuickSightAnalysisKPIComparisonValueConditionalFormatting","resource-property-types"
"Add-VSQuickSightAnalysisKPIConditionalFormatting","resource-property-types"
"Add-VSQuickSightAnalysisKPIConditionalFormattingOption","resource-property-types"
"Add-VSQuickSightAnalysisKPIConfiguration","resource-property-types"
"Add-VSQuickSightAnalysisKPIFieldWells","resource-property-types"
"Add-VSQuickSightAnalysisKPIOptions","resource-property-types"
"Add-VSQuickSightAnalysisKPIPrimaryValueConditionalFormatting","resource-property-types"
"Add-VSQuickSightAnalysisKPIProgressBarConditionalFormatting","resource-property-types"
"Add-VSQuickSightAnalysisKPISortConfiguration","resource-property-types"
"Add-VSQuickSightAnalysisKPISparklineOptions","resource-property-types"
"Add-VSQuickSightAnalysisKPIVisual","resource-property-types"
"Add-VSQuickSightAnalysisKPIVisualLayoutOptions","resource-property-types"
"Add-VSQuickSightAnalysisKPIVisualStandardLayout","resource-property-types"
"Add-VSQuickSightAnalysisLabelOptions","resource-property-types"
"Add-VSQuickSightAnalysisLayerCustomAction","resource-property-types"
"Add-VSQuickSightAnalysisLayerCustomActionOperation","resource-property-types"
"Add-VSQuickSightAnalysisLayerMapVisual","resource-property-types"
"Add-VSQuickSightAnalysisLayout","resource-property-types"
"Add-VSQuickSightAnalysisLayoutConfiguration","resource-property-types"
"Add-VSQuickSightAnalysisLegendOptions","resource-property-types"
"Add-VSQuickSightAnalysisLineChartAggregatedFieldWells","resource-property-types"
"Add-VSQuickSightAnalysisLineChartConfiguration","resource-property-types"
"Add-VSQuickSightAnalysisLineChartDefaultSeriesSettings","resource-property-types"
"Add-VSQuickSightAnalysisLineChartFieldWells","resource-property-types"
"Add-VSQuickSightAnalysisLineChartLineStyleSettings","resource-property-types"
"Add-VSQuickSightAnalysisLineChartMarkerStyleSettings","resource-property-types"
"Add-VSQuickSightAnalysisLineChartSeriesSettings","resource-property-types"
"Add-VSQuickSightAnalysisLineChartSortConfiguration","resource-property-types"
"Add-VSQuickSightAnalysisLineChartVisual","resource-property-types"
"Add-VSQuickSightAnalysisLineSeriesAxisDisplayOptions","resource-property-types"
"Add-VSQuickSightAnalysisListControlDisplayOptions","resource-property-types"
"Add-VSQuickSightAnalysisListControlSearchOptions","resource-property-types"
"Add-VSQuickSightAnalysisListControlSelectAllOptions","resource-property-types"
"Add-VSQuickSightAnalysisLoadingAnimation","resource-property-types"
"Add-VSQuickSightAnalysisLocalNavigationConfiguration","resource-property-types"
"Add-VSQuickSightAnalysisLongFormatText","resource-property-types"
"Add-VSQuickSightAnalysisMappedDataSetParameter","resource-property-types"
"Add-VSQuickSightAnalysisMaximumLabelType","resource-property-types"
"Add-VSQuickSightAnalysisMaximumMinimumComputation","resource-property-types"
"Add-VSQuickSightAnalysisMeasureField","resource-property-types"
"Add-VSQuickSightAnalysisMetricComparisonComputation","resource-property-types"
"Add-VSQuickSightAnalysisMinimumLabelType","resource-property-types"
"Add-VSQuickSightAnalysisMissingDataConfiguration","resource-property-types"
"Add-VSQuickSightAnalysisNegativeValueConfiguration","resource-property-types"
"Add-VSQuickSightAnalysisNestedFilter","resource-property-types"
"Add-VSQuickSightAnalysisNullValueFormatConfiguration","resource-property-types"
"Add-VSQuickSightAnalysisNumberDisplayFormatConfiguration","resource-property-types"
"Add-VSQuickSightAnalysisNumberFormatConfiguration","resource-property-types"
"Add-VSQuickSightAnalysisNumericalAggregationFunction","resource-property-types"
"Add-VSQuickSightAnalysisNumericalDimensionField","resource-property-types"
"Add-VSQuickSightAnalysisNumericalMeasureField","resource-property-types"
"Add-VSQuickSightAnalysisNumericAxisOptions","resource-property-types"
"Add-VSQuickSightAnalysisNumericEqualityDrillDownFilter","resource-property-types"
"Add-VSQuickSightAnalysisNumericEqualityFilter","resource-property-types"
"Add-VSQuickSightAnalysisNumericFormatConfiguration","resource-property-types"
"Add-VSQuickSightAnalysisNumericRangeFilter","resource-property-types"
"Add-VSQuickSightAnalysisNumericRangeFilterValue","resource-property-types"
"Add-VSQuickSightAnalysisNumericSeparatorConfiguration","resource-property-types"
"Add-VSQuickSightAnalysisPaginationConfiguration","resource-property-types"
"Add-VSQuickSightAnalysisPanelConfiguration","resource-property-types"
"Add-VSQuickSightAnalysisPanelTitleOptions","resource-property-types"
"Add-VSQuickSightAnalysisParameterControl","resource-property-types"
"Add-VSQuickSightAnalysisParameterDateTimePickerControl","resource-property-types"
"Add-VSQuickSightAnalysisParameterDeclaration","resource-property-types"
"Add-VSQuickSightAnalysisParameterDropDownControl","resource-property-types"
"Add-VSQuickSightAnalysisParameterListControl","resource-property-types"
"Add-VSQuickSightAnalysisParameters","resource-property-types"
"Add-VSQuickSightAnalysisParameterSelectableValues","resource-property-types"
"Add-VSQuickSightAnalysisParameterSliderControl","resource-property-types"
"Add-VSQuickSightAnalysisParameterTextAreaControl","resource-property-types"
"Add-VSQuickSightAnalysisParameterTextFieldControl","resource-property-types"
"Add-VSQuickSightAnalysisPercentageDisplayFormatConfiguration","resource-property-types"
"Add-VSQuickSightAnalysisPercentileAggregation","resource-property-types"
"Add-VSQuickSightAnalysisPercentVisibleRange","resource-property-types"
"Add-VSQuickSightAnalysisPeriodOverPeriodComputation","resource-property-types"
"Add-VSQuickSightAnalysisPeriodToDateComputation","resource-property-types"
"Add-VSQuickSightAnalysisPieChartAggregatedFieldWells","resource-property-types"
"Add-VSQuickSightAnalysisPieChartConfiguration","resource-property-types"
"Add-VSQuickSightAnalysisPieChartFieldWells","resource-property-types"
"Add-VSQuickSightAnalysisPieChartSortConfiguration","resource-property-types"
"Add-VSQuickSightAnalysisPieChartVisual","resource-property-types"
"Add-VSQuickSightAnalysisPivotFieldSortOptions","resource-property-types"
"Add-VSQuickSightAnalysisPivotTableAggregatedFieldWells","resource-property-types"
"Add-VSQuickSightAnalysisPivotTableCellConditionalFormatting","resource-property-types"
"Add-VSQuickSightAnalysisPivotTableConditionalFormatting","resource-property-types"
"Add-VSQuickSightAnalysisPivotTableConditionalFormattingOption","resource-property-types"
"Add-VSQuickSightAnalysisPivotTableConditionalFormattingScope","resource-property-types"
"Add-VSQuickSightAnalysisPivotTableConfiguration","resource-property-types"
"Add-VSQuickSightAnalysisPivotTableDataPathOption","resource-property-types"
"Add-VSQuickSightAnalysisPivotTableFieldCollapseStateOption","resource-property-types"
"Add-VSQuickSightAnalysisPivotTableFieldCollapseStateTarget","resource-property-types"
"Add-VSQuickSightAnalysisPivotTableFieldOption","resource-property-types"
"Add-VSQuickSightAnalysisPivotTableFieldOptions","resource-property-types"
"Add-VSQuickSightAnalysisPivotTableFieldSubtotalOptions","resource-property-types"
"Add-VSQuickSightAnalysisPivotTableFieldWells","resource-property-types"
"Add-VSQuickSightAnalysisPivotTableOptions","resource-property-types"
"Add-VSQuickSightAnalysisPivotTablePaginatedReportOptions","resource-property-types"
"Add-VSQuickSightAnalysisPivotTableRowsLabelOptions","resource-property-types"
"Add-VSQuickSightAnalysisPivotTableSortBy","resource-property-types"
"Add-VSQuickSightAnalysisPivotTableSortConfiguration","resource-property-types"
"Add-VSQuickSightAnalysisPivotTableTotalOptions","resource-property-types"
"Add-VSQuickSightAnalysisPivotTableVisual","resource-property-types"
"Add-VSQuickSightAnalysisPivotTotalOptions","resource-property-types"
"Add-VSQuickSightAnalysisPluginVisual","resource-property-types"
"Add-VSQuickSightAnalysisPluginVisualConfiguration","resource-property-types"
"Add-VSQuickSightAnalysisPluginVisualFieldWell","resource-property-types"
"Add-VSQuickSightAnalysisPluginVisualItemsLimitConfiguration","resource-property-types"
"Add-VSQuickSightAnalysisPluginVisualOptions","resource-property-types"
"Add-VSQuickSightAnalysisPluginVisualProperty","resource-property-types"
"Add-VSQuickSightAnalysisPluginVisualSortConfiguration","resource-property-types"
"Add-VSQuickSightAnalysisPluginVisualTableQuerySort","resource-property-types"
"Add-VSQuickSightAnalysisPredefinedHierarchy","resource-property-types"
"Add-VSQuickSightAnalysisProgressBarOptions","resource-property-types"
"Add-VSQuickSightAnalysisQueryExecutionOptions","resource-property-types"
"Add-VSQuickSightAnalysisRadarChartAggregatedFieldWells","resource-property-types"
"Add-VSQuickSightAnalysisRadarChartAreaStyleSettings","resource-property-types"
"Add-VSQuickSightAnalysisRadarChartConfiguration","resource-property-types"
"Add-VSQuickSightAnalysisRadarChartFieldWells","resource-property-types"
"Add-VSQuickSightAnalysisRadarChartSeriesSettings","resource-property-types"
"Add-VSQuickSightAnalysisRadarChartSortConfiguration","resource-property-types"
"Add-VSQuickSightAnalysisRadarChartVisual","resource-property-types"
"Add-VSQuickSightAnalysisRangeEndsLabelType","resource-property-types"
"Add-VSQuickSightAnalysisReferenceLine","resource-property-types"
"Add-VSQuickSightAnalysisReferenceLineCustomLabelConfiguration","resource-property-types"
"Add-VSQuickSightAnalysisReferenceLineDataConfiguration","resource-property-types"
"Add-VSQuickSightAnalysisReferenceLineDynamicDataConfiguration","resource-property-types"
"Add-VSQuickSightAnalysisReferenceLineLabelConfiguration","resource-property-types"
"Add-VSQuickSightAnalysisReferenceLineStaticDataConfiguration","resource-property-types"
"Add-VSQuickSightAnalysisReferenceLineStyleConfiguration","resource-property-types"
"Add-VSQuickSightAnalysisReferenceLineValueLabelConfiguration","resource-property-types"
"Add-VSQuickSightAnalysisRelativeDatesFilter","resource-property-types"
"Add-VSQuickSightAnalysisRelativeDateTimeControlDisplayOptions","resource-property-types"
"Add-VSQuickSightAnalysisResourcePermission","resource-property-types"
"Add-VSQuickSightAnalysisRollingDateConfiguration","resource-property-types"
"Add-VSQuickSightAnalysisRowAlternateColorOptions","resource-property-types"
"Add-VSQuickSightAnalysisSameSheetTargetVisualConfiguration","resource-property-types"
"Add-VSQuickSightAnalysisSankeyDiagramAggregatedFieldWells","resource-property-types"
"Add-VSQuickSightAnalysisSankeyDiagramChartConfiguration","resource-property-types"
"Add-VSQuickSightAnalysisSankeyDiagramFieldWells","resource-property-types"
"Add-VSQuickSightAnalysisSankeyDiagramSortConfiguration","resource-property-types"
"Add-VSQuickSightAnalysisSankeyDiagramVisual","resource-property-types"
"Add-VSQuickSightAnalysisScatterPlotCategoricallyAggregatedFieldWells","resource-property-types"
"Add-VSQuickSightAnalysisScatterPlotConfiguration","resource-property-types"
"Add-VSQuickSightAnalysisScatterPlotFieldWells","resource-property-types"
"Add-VSQuickSightAnalysisScatterPlotSortConfiguration","resource-property-types"
"Add-VSQuickSightAnalysisScatterPlotUnaggregatedFieldWells","resource-property-types"
"Add-VSQuickSightAnalysisScatterPlotVisual","resource-property-types"
"Add-VSQuickSightAnalysisScrollBarOptions","resource-property-types"
"Add-VSQuickSightAnalysisSecondaryValueOptions","resource-property-types"
"Add-VSQuickSightAnalysisSectionAfterPageBreak","resource-property-types"
"Add-VSQuickSightAnalysisSectionBasedLayoutCanvasSizeOptions","resource-property-types"
"Add-VSQuickSightAnalysisSectionBasedLayoutConfiguration","resource-property-types"
"Add-VSQuickSightAnalysisSectionBasedLayoutPaperCanvasSizeOptions","resource-property-types"
"Add-VSQuickSightAnalysisSectionLayoutConfiguration","resource-property-types"
"Add-VSQuickSightAnalysisSectionPageBreakConfiguration","resource-property-types"
"Add-VSQuickSightAnalysisSectionStyle","resource-property-types"
"Add-VSQuickSightAnalysisSelectedSheetsFilterScopeConfiguration","resource-property-types"
"Add-VSQuickSightAnalysisSeriesItem","resource-property-types"
"Add-VSQuickSightAnalysisSetParameterValueConfiguration","resource-property-types"
"Add-VSQuickSightAnalysisShapeConditionalFormat","resource-property-types"
"Add-VSQuickSightAnalysisSheet","resource-property-types"
"Add-VSQuickSightAnalysisSheetControlInfoIconLabelOptions","resource-property-types"
"Add-VSQuickSightAnalysisSheetControlLayout","resource-property-types"
"Add-VSQuickSightAnalysisSheetControlLayoutConfiguration","resource-property-types"
"Add-VSQuickSightAnalysisSheetDefinition","resource-property-types"
"Add-VSQuickSightAnalysisSheetElementConfigurationOverrides","resource-property-types"
"Add-VSQuickSightAnalysisSheetElementRenderingRule","resource-property-types"
"Add-VSQuickSightAnalysisSheetImage","resource-property-types"
"Add-VSQuickSightAnalysisSheetImageScalingConfiguration","resource-property-types"
"Add-VSQuickSightAnalysisSheetImageSource","resource-property-types"
"Add-VSQuickSightAnalysisSheetImageStaticFileSource","resource-property-types"
"Add-VSQuickSightAnalysisSheetImageTooltipConfiguration","resource-property-types"
"Add-VSQuickSightAnalysisSheetImageTooltipText","resource-property-types"
"Add-VSQuickSightAnalysisSheetTextBox","resource-property-types"
"Add-VSQuickSightAnalysisSheetVisualScopingConfiguration","resource-property-types"
"Add-VSQuickSightAnalysisShortFormatText","resource-property-types"
"Add-VSQuickSightAnalysisSimpleClusterMarker","resource-property-types"
"Add-VSQuickSightAnalysisSingleAxisOptions","resource-property-types"
"Add-VSQuickSightAnalysisSliderControlDisplayOptions","resource-property-types"
"Add-VSQuickSightAnalysisSmallMultiplesAxisProperties","resource-property-types"
"Add-VSQuickSightAnalysisSmallMultiplesOptions","resource-property-types"
"Add-VSQuickSightAnalysisSpacing","resource-property-types"
"Add-VSQuickSightAnalysisSpatialStaticFile","resource-property-types"
"Add-VSQuickSightAnalysisStaticFile","resource-property-types"
"Add-VSQuickSightAnalysisStaticFileS3SourceOptions","resource-property-types"
"Add-VSQuickSightAnalysisStaticFileSource","resource-property-types"
"Add-VSQuickSightAnalysisStaticFileUrlSourceOptions","resource-property-types"
"Add-VSQuickSightAnalysisStringDefaultValues","resource-property-types"
"Add-VSQuickSightAnalysisStringFormatConfiguration","resource-property-types"
"Add-VSQuickSightAnalysisStringParameter","resource-property-types"
"Add-VSQuickSightAnalysisStringParameterDeclaration","resource-property-types"
"Add-VSQuickSightAnalysisStringValueWhenUnsetConfiguration","resource-property-types"
"Add-VSQuickSightAnalysisSubtotalOptions","resource-property-types"
"Add-VSQuickSightAnalysisTableAggregatedFieldWells","resource-property-types"
"Add-VSQuickSightAnalysisTableBorderOptions","resource-property-types"
"Add-VSQuickSightAnalysisTableCellConditionalFormatting","resource-property-types"
"Add-VSQuickSightAnalysisTableCellImageSizingConfiguration","resource-property-types"
"Add-VSQuickSightAnalysisTableCellStyle","resource-property-types"
"Add-VSQuickSightAnalysisTableConditionalFormatting","resource-property-types"
"Add-VSQuickSightAnalysisTableConditionalFormattingOption","resource-property-types"
"Add-VSQuickSightAnalysisTableConfiguration","resource-property-types"
"Add-VSQuickSightAnalysisTableFieldCustomIconContent","resource-property-types"
"Add-VSQuickSightAnalysisTableFieldCustomTextContent","resource-property-types"
"Add-VSQuickSightAnalysisTableFieldImageConfiguration","resource-property-types"
"Add-VSQuickSightAnalysisTableFieldLinkConfiguration","resource-property-types"
"Add-VSQuickSightAnalysisTableFieldLinkContentConfiguration","resource-property-types"
"Add-VSQuickSightAnalysisTableFieldOption","resource-property-types"
"Add-VSQuickSightAnalysisTableFieldOptions","resource-property-types"
"Add-VSQuickSightAnalysisTableFieldURLConfiguration","resource-property-types"
"Add-VSQuickSightAnalysisTableFieldWells","resource-property-types"
"Add-VSQuickSightAnalysisTableInlineVisualization","resource-property-types"
"Add-VSQuickSightAnalysisTableOptions","resource-property-types"
"Add-VSQuickSightAnalysisTablePaginatedReportOptions","resource-property-types"
"Add-VSQuickSightAnalysisTablePinnedFieldOptions","resource-property-types"
"Add-VSQuickSightAnalysisTableRowConditionalFormatting","resource-property-types"
"Add-VSQuickSightAnalysisTableSideBorderOptions","resource-property-types"
"Add-VSQuickSightAnalysisTableSortConfiguration","resource-property-types"
"Add-VSQuickSightAnalysisTableStyleTarget","resource-property-types"
"Add-VSQuickSightAnalysisTableUnaggregatedFieldWells","resource-property-types"
"Add-VSQuickSightAnalysisTableVisual","resource-property-types"
"Add-VSQuickSightAnalysisTextAreaControlDisplayOptions","resource-property-types"
"Add-VSQuickSightAnalysisTextConditionalFormat","resource-property-types"
"Add-VSQuickSightAnalysisTextControlPlaceholderOptions","resource-property-types"
"Add-VSQuickSightAnalysisTextFieldControlDisplayOptions","resource-property-types"
"Add-VSQuickSightAnalysisThousandSeparatorOptions","resource-property-types"
"Add-VSQuickSightAnalysisTimeBasedForecastProperties","resource-property-types"
"Add-VSQuickSightAnalysisTimeEqualityFilter","resource-property-types"
"Add-VSQuickSightAnalysisTimeRangeDrillDownFilter","resource-property-types"
"Add-VSQuickSightAnalysisTimeRangeFilter","resource-property-types"
"Add-VSQuickSightAnalysisTimeRangeFilterValue","resource-property-types"
"Add-VSQuickSightAnalysisTooltipItem","resource-property-types"
"Add-VSQuickSightAnalysisTooltipOptions","resource-property-types"
"Add-VSQuickSightAnalysisTopBottomFilter","resource-property-types"
"Add-VSQuickSightAnalysisTopBottomMoversComputation","resource-property-types"
"Add-VSQuickSightAnalysisTopBottomRankedComputation","resource-property-types"
"Add-VSQuickSightAnalysisTotalAggregationComputation","resource-property-types"
"Add-VSQuickSightAnalysisTotalAggregationFunction","resource-property-types"
"Add-VSQuickSightAnalysisTotalAggregationOption","resource-property-types"
"Add-VSQuickSightAnalysisTotalOptions","resource-property-types"
"Add-VSQuickSightAnalysisTransposedTableOption","resource-property-types"
"Add-VSQuickSightAnalysisTreeMapAggregatedFieldWells","resource-property-types"
"Add-VSQuickSightAnalysisTreeMapConfiguration","resource-property-types"
"Add-VSQuickSightAnalysisTreeMapFieldWells","resource-property-types"
"Add-VSQuickSightAnalysisTreeMapSortConfiguration","resource-property-types"
"Add-VSQuickSightAnalysisTreeMapVisual","resource-property-types"
"Add-VSQuickSightAnalysisTrendArrowOptions","resource-property-types"
"Add-VSQuickSightAnalysisUnaggregatedField","resource-property-types"
"Add-VSQuickSightAnalysisUniqueValuesComputation","resource-property-types"
"Add-VSQuickSightAnalysisValidationStrategy","resource-property-types"
"Add-VSQuickSightAnalysisVisibleRangeOptions","resource-property-types"
"Add-VSQuickSightAnalysisVisual","resource-property-types"
"Add-VSQuickSightAnalysisVisualCustomAction","resource-property-types"
"Add-VSQuickSightAnalysisVisualCustomActionOperation","resource-property-types"
"Add-VSQuickSightAnalysisVisualInteractionOptions","resource-property-types"
"Add-VSQuickSightAnalysisVisualMenuOption","resource-property-types"
"Add-VSQuickSightAnalysisVisualPalette","resource-property-types"
"Add-VSQuickSightAnalysisVisualSubtitleLabelOptions","resource-property-types"
"Add-VSQuickSightAnalysisVisualTitleLabelOptions","resource-property-types"
"Add-VSQuickSightAnalysisWaterfallChartAggregatedFieldWells","resource-property-types"
"Add-VSQuickSightAnalysisWaterfallChartColorConfiguration","resource-property-types"
"Add-VSQuickSightAnalysisWaterfallChartConfiguration","resource-property-types"
"Add-VSQuickSightAnalysisWaterfallChartFieldWells","resource-property-types"
"Add-VSQuickSightAnalysisWaterfallChartGroupColorConfiguration","resource-property-types"
"Add-VSQuickSightAnalysisWaterfallChartOptions","resource-property-types"
"Add-VSQuickSightAnalysisWaterfallChartSortConfiguration","resource-property-types"
"Add-VSQuickSightAnalysisWaterfallVisual","resource-property-types"
"Add-VSQuickSightAnalysisWhatIfPointScenario","resource-property-types"
"Add-VSQuickSightAnalysisWhatIfRangeScenario","resource-property-types"
"Add-VSQuickSightAnalysisWordCloudAggregatedFieldWells","resource-property-types"
"Add-VSQuickSightAnalysisWordCloudChartConfiguration","resource-property-types"
"Add-VSQuickSightAnalysisWordCloudFieldWells","resource-property-types"
"Add-VSQuickSightAnalysisWordCloudOptions","resource-property-types"
"Add-VSQuickSightAnalysisWordCloudSortConfiguration","resource-property-types"
"Add-VSQuickSightAnalysisWordCloudVisual","resource-property-types"
"Add-VSQuickSightAnalysisYAxisOptions","resource-property-types"
"Add-VSQuickSightCustomPermissionsCapabilities","resource-property-types"
"Add-VSQuickSightDashboardAdHocFilteringOption","resource-property-types"
"Add-VSQuickSightDashboardAggregationFunction","resource-property-types"
"Add-VSQuickSightDashboardAggregationSortConfiguration","resource-property-types"
"Add-VSQuickSightDashboardAnalysisDefaults","resource-property-types"
"Add-VSQuickSightDashboardAnchorDateConfiguration","resource-property-types"
"Add-VSQuickSightDashboardArcAxisConfiguration","resource-property-types"
"Add-VSQuickSightDashboardArcAxisDisplayRange","resource-property-types"
"Add-VSQuickSightDashboardArcConfiguration","resource-property-types"
"Add-VSQuickSightDashboardArcOptions","resource-property-types"
"Add-VSQuickSightDashboardAssetOptions","resource-property-types"
"Add-VSQuickSightDashboardAttributeAggregationFunction","resource-property-types"
"Add-VSQuickSightDashboardAxisDataOptions","resource-property-types"
"Add-VSQuickSightDashboardAxisDisplayMinMaxRange","resource-property-types"
"Add-VSQuickSightDashboardAxisDisplayOptions","resource-property-types"
"Add-VSQuickSightDashboardAxisDisplayRange","resource-property-types"
"Add-VSQuickSightDashboardAxisLabelOptions","resource-property-types"
"Add-VSQuickSightDashboardAxisLabelReferenceOptions","resource-property-types"
"Add-VSQuickSightDashboardAxisLinearScale","resource-property-types"
"Add-VSQuickSightDashboardAxisLogarithmicScale","resource-property-types"
"Add-VSQuickSightDashboardAxisScale","resource-property-types"
"Add-VSQuickSightDashboardAxisTickLabelOptions","resource-property-types"
"Add-VSQuickSightDashboardBarChartAggregatedFieldWells","resource-property-types"
"Add-VSQuickSightDashboardBarChartConfiguration","resource-property-types"
"Add-VSQuickSightDashboardBarChartDefaultSeriesSettings","resource-property-types"
"Add-VSQuickSightDashboardBarChartFieldWells","resource-property-types"
"Add-VSQuickSightDashboardBarChartSortConfiguration","resource-property-types"
"Add-VSQuickSightDashboardBarChartVisual","resource-property-types"
"Add-VSQuickSightDashboardBinCountOptions","resource-property-types"
"Add-VSQuickSightDashboardBinWidthOptions","resource-property-types"
"Add-VSQuickSightDashboardBodySectionConfiguration","resource-property-types"
"Add-VSQuickSightDashboardBodySectionContent","resource-property-types"
"Add-VSQuickSightDashboardBodySectionDynamicCategoryDimensionConfiguration","resource-property-types"
"Add-VSQuickSightDashboardBodySectionDynamicNumericDimensionConfiguration","resource-property-types"
"Add-VSQuickSightDashboardBodySectionRepeatConfiguration","resource-property-types"
"Add-VSQuickSightDashboardBodySectionRepeatDimensionConfiguration","resource-property-types"
"Add-VSQuickSightDashboardBodySectionRepeatPageBreakConfiguration","resource-property-types"
"Add-VSQuickSightDashboardBorderSettings","resource-property-types"
"Add-VSQuickSightDashboardBoxPlotAggregatedFieldWells","resource-property-types"
"Add-VSQuickSightDashboardBoxPlotChartConfiguration","resource-property-types"
"Add-VSQuickSightDashboardBoxPlotFieldWells","resource-property-types"
"Add-VSQuickSightDashboardBoxPlotOptions","resource-property-types"
"Add-VSQuickSightDashboardBoxPlotSortConfiguration","resource-property-types"
"Add-VSQuickSightDashboardBoxPlotStyleOptions","resource-property-types"
"Add-VSQuickSightDashboardBoxPlotVisual","resource-property-types"
"Add-VSQuickSightDashboardCalculatedField","resource-property-types"
"Add-VSQuickSightDashboardCalculatedMeasureField","resource-property-types"
"Add-VSQuickSightDashboardCascadingControlConfiguration","resource-property-types"
"Add-VSQuickSightDashboardCascadingControlSource","resource-property-types"
"Add-VSQuickSightDashboardCategoricalDimensionField","resource-property-types"
"Add-VSQuickSightDashboardCategoricalMeasureField","resource-property-types"
"Add-VSQuickSightDashboardCategoryDrillDownFilter","resource-property-types"
"Add-VSQuickSightDashboardCategoryFilter","resource-property-types"
"Add-VSQuickSightDashboardCategoryFilterConfiguration","resource-property-types"
"Add-VSQuickSightDashboardCategoryInnerFilter","resource-property-types"
"Add-VSQuickSightDashboardChartAxisLabelOptions","resource-property-types"
"Add-VSQuickSightDashboardClusterMarker","resource-property-types"
"Add-VSQuickSightDashboardClusterMarkerConfiguration","resource-property-types"
"Add-VSQuickSightDashboardColorScale","resource-property-types"
"Add-VSQuickSightDashboardColorsConfiguration","resource-property-types"
"Add-VSQuickSightDashboardColumnConfiguration","resource-property-types"
"Add-VSQuickSightDashboardColumnHierarchy","resource-property-types"
"Add-VSQuickSightDashboardColumnIdentifier","resource-property-types"
"Add-VSQuickSightDashboardColumnSort","resource-property-types"
"Add-VSQuickSightDashboardColumnTooltipItem","resource-property-types"
"Add-VSQuickSightDashboardComboChartAggregatedFieldWells","resource-property-types"
"Add-VSQuickSightDashboardComboChartConfiguration","resource-property-types"
"Add-VSQuickSightDashboardComboChartDefaultSeriesSettings","resource-property-types"
"Add-VSQuickSightDashboardComboChartFieldWells","resource-property-types"
"Add-VSQuickSightDashboardComboChartSortConfiguration","resource-property-types"
"Add-VSQuickSightDashboardComboChartVisual","resource-property-types"
"Add-VSQuickSightDashboardComparisonConfiguration","resource-property-types"
"Add-VSQuickSightDashboardComparisonFormatConfiguration","resource-property-types"
"Add-VSQuickSightDashboardComputation","resource-property-types"
"Add-VSQuickSightDashboardConditionalFormattingColor","resource-property-types"
"Add-VSQuickSightDashboardConditionalFormattingCustomIconCondition","resource-property-types"
"Add-VSQuickSightDashboardConditionalFormattingCustomIconOptions","resource-property-types"
"Add-VSQuickSightDashboardConditionalFormattingGradientColor","resource-property-types"
"Add-VSQuickSightDashboardConditionalFormattingIcon","resource-property-types"
"Add-VSQuickSightDashboardConditionalFormattingIconDisplayConfiguration","resource-property-types"
"Add-VSQuickSightDashboardConditionalFormattingIconSet","resource-property-types"
"Add-VSQuickSightDashboardConditionalFormattingSolidColor","resource-property-types"
"Add-VSQuickSightDashboardContextMenuOption","resource-property-types"
"Add-VSQuickSightDashboardContributionAnalysisDefault","resource-property-types"
"Add-VSQuickSightDashboardCurrencyDisplayFormatConfiguration","resource-property-types"
"Add-VSQuickSightDashboardCustomActionFilterOperation","resource-property-types"
"Add-VSQuickSightDashboardCustomActionNavigationOperation","resource-property-types"
"Add-VSQuickSightDashboardCustomActionSetParametersOperation","resource-property-types"
"Add-VSQuickSightDashboardCustomActionURLOperation","resource-property-types"
"Add-VSQuickSightDashboardCustomColor","resource-property-types"
"Add-VSQuickSightDashboardCustomContentConfiguration","resource-property-types"
"Add-VSQuickSightDashboardCustomContentVisual","resource-property-types"
"Add-VSQuickSightDashboardCustomFilterConfiguration","resource-property-types"
"Add-VSQuickSightDashboardCustomFilterListConfiguration","resource-property-types"
"Add-VSQuickSightDashboardCustomNarrativeOptions","resource-property-types"
"Add-VSQuickSightDashboardCustomParameterValues","resource-property-types"
"Add-VSQuickSightDashboardCustomValuesConfiguration","resource-property-types"
"Add-VSQuickSightDashboardDashboardError","resource-property-types"
"Add-VSQuickSightDashboardDashboardPublishOptions","resource-property-types"
"Add-VSQuickSightDashboardDashboardSourceEntity","resource-property-types"
"Add-VSQuickSightDashboardDashboardSourceTemplate","resource-property-types"
"Add-VSQuickSightDashboardDashboardVersion","resource-property-types"
"Add-VSQuickSightDashboardDashboardVersionDefinition","resource-property-types"
"Add-VSQuickSightDashboardDashboardVisualPublishOptions","resource-property-types"
"Add-VSQuickSightDashboardDataBarsOptions","resource-property-types"
"Add-VSQuickSightDashboardDataColor","resource-property-types"
"Add-VSQuickSightDashboardDataFieldSeriesItem","resource-property-types"
"Add-VSQuickSightDashboardDataLabelOptions","resource-property-types"
"Add-VSQuickSightDashboardDataLabelType","resource-property-types"
"Add-VSQuickSightDashboardDataPathColor","resource-property-types"
"Add-VSQuickSightDashboardDataPathLabelType","resource-property-types"
"Add-VSQuickSightDashboardDataPathSort","resource-property-types"
"Add-VSQuickSightDashboardDataPathType","resource-property-types"
"Add-VSQuickSightDashboardDataPathValue","resource-property-types"
"Add-VSQuickSightDashboardDataPointDrillUpDownOption","resource-property-types"
"Add-VSQuickSightDashboardDataPointMenuLabelOption","resource-property-types"
"Add-VSQuickSightDashboardDataPointTooltipOption","resource-property-types"
"Add-VSQuickSightDashboardDataQAEnabledOption","resource-property-types"
"Add-VSQuickSightDashboardDataSetIdentifierDeclaration","resource-property-types"
"Add-VSQuickSightDashboardDataSetReference","resource-property-types"
"Add-VSQuickSightDashboardDataStoriesSharingOption","resource-property-types"
"Add-VSQuickSightDashboardDateAxisOptions","resource-property-types"
"Add-VSQuickSightDashboardDateDimensionField","resource-property-types"
"Add-VSQuickSightDashboardDateMeasureField","resource-property-types"
"Add-VSQuickSightDashboardDateTimeDefaultValues","resource-property-types"
"Add-VSQuickSightDashboardDateTimeFormatConfiguration","resource-property-types"
"Add-VSQuickSightDashboardDateTimeHierarchy","resource-property-types"
"Add-VSQuickSightDashboardDateTimeParameter","resource-property-types"
"Add-VSQuickSightDashboardDateTimeParameterDeclaration","resource-property-types"
"Add-VSQuickSightDashboardDateTimePickerControlDisplayOptions","resource-property-types"
"Add-VSQuickSightDashboardDateTimeValueWhenUnsetConfiguration","resource-property-types"
"Add-VSQuickSightDashboardDecalSettings","resource-property-types"
"Add-VSQuickSightDashboardDecalSettingsConfiguration","resource-property-types"
"Add-VSQuickSightDashboardDecimalDefaultValues","resource-property-types"
"Add-VSQuickSightDashboardDecimalParameter","resource-property-types"
"Add-VSQuickSightDashboardDecimalParameterDeclaration","resource-property-types"
"Add-VSQuickSightDashboardDecimalPlacesConfiguration","resource-property-types"
"Add-VSQuickSightDashboardDecimalValueWhenUnsetConfiguration","resource-property-types"
"Add-VSQuickSightDashboardDefaultDateTimePickerControlOptions","resource-property-types"
"Add-VSQuickSightDashboardDefaultFilterControlConfiguration","resource-property-types"
"Add-VSQuickSightDashboardDefaultFilterControlOptions","resource-property-types"
"Add-VSQuickSightDashboardDefaultFilterDropDownControlOptions","resource-property-types"
"Add-VSQuickSightDashboardDefaultFilterListControlOptions","resource-property-types"
"Add-VSQuickSightDashboardDefaultFreeFormLayoutConfiguration","resource-property-types"
"Add-VSQuickSightDashboardDefaultGridLayoutConfiguration","resource-property-types"
"Add-VSQuickSightDashboardDefaultInteractiveLayoutConfiguration","resource-property-types"
"Add-VSQuickSightDashboardDefaultNewSheetConfiguration","resource-property-types"
"Add-VSQuickSightDashboardDefaultPaginatedLayoutConfiguration","resource-property-types"
"Add-VSQuickSightDashboardDefaultRelativeDateTimeControlOptions","resource-property-types"
"Add-VSQuickSightDashboardDefaultSectionBasedLayoutConfiguration","resource-property-types"
"Add-VSQuickSightDashboardDefaultSliderControlOptions","resource-property-types"
"Add-VSQuickSightDashboardDefaultTextAreaControlOptions","resource-property-types"
"Add-VSQuickSightDashboardDefaultTextFieldControlOptions","resource-property-types"
"Add-VSQuickSightDashboardDestinationParameterValueConfiguration","resource-property-types"
"Add-VSQuickSightDashboardDimensionField","resource-property-types"
"Add-VSQuickSightDashboardDonutCenterOptions","resource-property-types"
"Add-VSQuickSightDashboardDonutOptions","resource-property-types"
"Add-VSQuickSightDashboardDrillDownFilter","resource-property-types"
"Add-VSQuickSightDashboardDropDownControlDisplayOptions","resource-property-types"
"Add-VSQuickSightDashboardDynamicDefaultValue","resource-property-types"
"Add-VSQuickSightDashboardEmptyVisual","resource-property-types"
"Add-VSQuickSightDashboardEntity","resource-property-types"
"Add-VSQuickSightDashboardExcludePeriodConfiguration","resource-property-types"
"Add-VSQuickSightDashboardExecutiveSummaryOption","resource-property-types"
"Add-VSQuickSightDashboardExplicitHierarchy","resource-property-types"
"Add-VSQuickSightDashboardExportHiddenFieldsOption","resource-property-types"
"Add-VSQuickSightDashboardExportToCSVOption","resource-property-types"
"Add-VSQuickSightDashboardExportWithHiddenFieldsOption","resource-property-types"
"Add-VSQuickSightDashboardFieldBasedTooltip","resource-property-types"
"Add-VSQuickSightDashboardFieldLabelType","resource-property-types"
"Add-VSQuickSightDashboardFieldSeriesItem","resource-property-types"
"Add-VSQuickSightDashboardFieldSort","resource-property-types"
"Add-VSQuickSightDashboardFieldSortOptions","resource-property-types"
"Add-VSQuickSightDashboardFieldTooltipItem","resource-property-types"
"Add-VSQuickSightDashboardFilledMapAggregatedFieldWells","resource-property-types"
"Add-VSQuickSightDashboardFilledMapConditionalFormatting","resource-property-types"
"Add-VSQuickSightDashboardFilledMapConditionalFormattingOption","resource-property-types"
"Add-VSQuickSightDashboardFilledMapConfiguration","resource-property-types"
"Add-VSQuickSightDashboardFilledMapFieldWells","resource-property-types"
"Add-VSQuickSightDashboardFilledMapShapeConditionalFormatting","resource-property-types"
"Add-VSQuickSightDashboardFilledMapSortConfiguration","resource-property-types"
"Add-VSQuickSightDashboardFilledMapVisual","resource-property-types"
"Add-VSQuickSightDashboardFilter","resource-property-types"
"Add-VSQuickSightDashboardFilterControl","resource-property-types"
"Add-VSQuickSightDashboardFilterCrossSheetControl","resource-property-types"
"Add-VSQuickSightDashboardFilterDateTimePickerControl","resource-property-types"
"Add-VSQuickSightDashboardFilterDropDownControl","resource-property-types"
"Add-VSQuickSightDashboardFilterGroup","resource-property-types"
"Add-VSQuickSightDashboardFilterListConfiguration","resource-property-types"
"Add-VSQuickSightDashboardFilterListControl","resource-property-types"
"Add-VSQuickSightDashboardFilterOperationSelectedFieldsConfiguration","resource-property-types"
"Add-VSQuickSightDashboardFilterOperationTargetVisualsConfiguration","resource-property-types"
"Add-VSQuickSightDashboardFilterRelativeDateTimeControl","resource-property-types"
"Add-VSQuickSightDashboardFilterScopeConfiguration","resource-property-types"
"Add-VSQuickSightDashboardFilterSelectableValues","resource-property-types"
"Add-VSQuickSightDashboardFilterSliderControl","resource-property-types"
"Add-VSQuickSightDashboardFilterTextAreaControl","resource-property-types"
"Add-VSQuickSightDashboardFilterTextFieldControl","resource-property-types"
"Add-VSQuickSightDashboardFontConfiguration","resource-property-types"
"Add-VSQuickSightDashboardFontSize","resource-property-types"
"Add-VSQuickSightDashboardFontWeight","resource-property-types"
"Add-VSQuickSightDashboardForecastComputation","resource-property-types"
"Add-VSQuickSightDashboardForecastConfiguration","resource-property-types"
"Add-VSQuickSightDashboardForecastScenario","resource-property-types"
"Add-VSQuickSightDashboardFormatConfiguration","resource-property-types"
"Add-VSQuickSightDashboardFreeFormLayoutCanvasSizeOptions","resource-property-types"
"Add-VSQuickSightDashboardFreeFormLayoutConfiguration","resource-property-types"
"Add-VSQuickSightDashboardFreeFormLayoutElement","resource-property-types"
"Add-VSQuickSightDashboardFreeFormLayoutElementBackgroundStyle","resource-property-types"
"Add-VSQuickSightDashboardFreeFormLayoutElementBorderStyle","resource-property-types"
"Add-VSQuickSightDashboardFreeFormLayoutScreenCanvasSizeOptions","resource-property-types"
"Add-VSQuickSightDashboardFreeFormSectionLayoutConfiguration","resource-property-types"
"Add-VSQuickSightDashboardFunnelChartAggregatedFieldWells","resource-property-types"
"Add-VSQuickSightDashboardFunnelChartConfiguration","resource-property-types"
"Add-VSQuickSightDashboardFunnelChartDataLabelOptions","resource-property-types"
"Add-VSQuickSightDashboardFunnelChartFieldWells","resource-property-types"
"Add-VSQuickSightDashboardFunnelChartSortConfiguration","resource-property-types"
"Add-VSQuickSightDashboardFunnelChartVisual","resource-property-types"
"Add-VSQuickSightDashboardGaugeChartArcConditionalFormatting","resource-property-types"
"Add-VSQuickSightDashboardGaugeChartColorConfiguration","resource-property-types"
"Add-VSQuickSightDashboardGaugeChartConditionalFormatting","resource-property-types"
"Add-VSQuickSightDashboardGaugeChartConditionalFormattingOption","resource-property-types"
"Add-VSQuickSightDashboardGaugeChartConfiguration","resource-property-types"
"Add-VSQuickSightDashboardGaugeChartFieldWells","resource-property-types"
"Add-VSQuickSightDashboardGaugeChartOptions","resource-property-types"
"Add-VSQuickSightDashboardGaugeChartPrimaryValueConditionalFormatting","resource-property-types"
"Add-VSQuickSightDashboardGaugeChartVisual","resource-property-types"
"Add-VSQuickSightDashboardGeospatialCategoricalColor","resource-property-types"
"Add-VSQuickSightDashboardGeospatialCategoricalDataColor","resource-property-types"
"Add-VSQuickSightDashboardGeospatialCircleRadius","resource-property-types"
"Add-VSQuickSightDashboardGeospatialCircleSymbolStyle","resource-property-types"
"Add-VSQuickSightDashboardGeospatialColor","resource-property-types"
"Add-VSQuickSightDashboardGeospatialCoordinateBounds","resource-property-types"
"Add-VSQuickSightDashboardGeospatialDataSourceItem","resource-property-types"
"Add-VSQuickSightDashboardGeospatialGradientColor","resource-property-types"
"Add-VSQuickSightDashboardGeospatialGradientStepColor","resource-property-types"
"Add-VSQuickSightDashboardGeospatialHeatmapColorScale","resource-property-types"
"Add-VSQuickSightDashboardGeospatialHeatmapConfiguration","resource-property-types"
"Add-VSQuickSightDashboardGeospatialHeatmapDataColor","resource-property-types"
"Add-VSQuickSightDashboardGeospatialLayerColorField","resource-property-types"
"Add-VSQuickSightDashboardGeospatialLayerDefinition","resource-property-types"
"Add-VSQuickSightDashboardGeospatialLayerItem","resource-property-types"
"Add-VSQuickSightDashboardGeospatialLayerJoinDefinition","resource-property-types"
"Add-VSQuickSightDashboardGeospatialLayerMapConfiguration","resource-property-types"
"Add-VSQuickSightDashboardGeospatialLineLayer","resource-property-types"
"Add-VSQuickSightDashboardGeospatialLineStyle","resource-property-types"
"Add-VSQuickSightDashboardGeospatialLineSymbolStyle","resource-property-types"
"Add-VSQuickSightDashboardGeospatialLineWidth","resource-property-types"
"Add-VSQuickSightDashboardGeospatialMapAggregatedFieldWells","resource-property-types"
"Add-VSQuickSightDashboardGeospatialMapConfiguration","resource-property-types"
"Add-VSQuickSightDashboardGeospatialMapFieldWells","resource-property-types"
"Add-VSQuickSightDashboardGeospatialMapState","resource-property-types"
"Add-VSQuickSightDashboardGeospatialMapStyle","resource-property-types"
"Add-VSQuickSightDashboardGeospatialMapStyleOptions","resource-property-types"
"Add-VSQuickSightDashboardGeospatialMapVisual","resource-property-types"
"Add-VSQuickSightDashboardGeospatialNullDataSettings","resource-property-types"
"Add-VSQuickSightDashboardGeospatialNullSymbolStyle","resource-property-types"
"Add-VSQuickSightDashboardGeospatialPointLayer","resource-property-types"
"Add-VSQuickSightDashboardGeospatialPointStyle","resource-property-types"
"Add-VSQuickSightDashboardGeospatialPointStyleOptions","resource-property-types"
"Add-VSQuickSightDashboardGeospatialPolygonLayer","resource-property-types"
"Add-VSQuickSightDashboardGeospatialPolygonStyle","resource-property-types"
"Add-VSQuickSightDashboardGeospatialPolygonSymbolStyle","resource-property-types"
"Add-VSQuickSightDashboardGeospatialSolidColor","resource-property-types"
"Add-VSQuickSightDashboardGeospatialStaticFileSource","resource-property-types"
"Add-VSQuickSightDashboardGeospatialWindowOptions","resource-property-types"
"Add-VSQuickSightDashboardGlobalTableBorderOptions","resource-property-types"
"Add-VSQuickSightDashboardGradientColor","resource-property-types"
"Add-VSQuickSightDashboardGradientStop","resource-property-types"
"Add-VSQuickSightDashboardGridLayoutCanvasSizeOptions","resource-property-types"
"Add-VSQuickSightDashboardGridLayoutConfiguration","resource-property-types"
"Add-VSQuickSightDashboardGridLayoutElement","resource-property-types"
"Add-VSQuickSightDashboardGridLayoutElementBackgroundStyle","resource-property-types"
"Add-VSQuickSightDashboardGridLayoutElementBorderStyle","resource-property-types"
"Add-VSQuickSightDashboardGridLayoutScreenCanvasSizeOptions","resource-property-types"
"Add-VSQuickSightDashboardGrowthRateComputation","resource-property-types"
"Add-VSQuickSightDashboardHeaderFooterSectionConfiguration","resource-property-types"
"Add-VSQuickSightDashboardHeatMapAggregatedFieldWells","resource-property-types"
"Add-VSQuickSightDashboardHeatMapConfiguration","resource-property-types"
"Add-VSQuickSightDashboardHeatMapFieldWells","resource-property-types"
"Add-VSQuickSightDashboardHeatMapSortConfiguration","resource-property-types"
"Add-VSQuickSightDashboardHeatMapVisual","resource-property-types"
"Add-VSQuickSightDashboardHistogramAggregatedFieldWells","resource-property-types"
"Add-VSQuickSightDashboardHistogramBinOptions","resource-property-types"
"Add-VSQuickSightDashboardHistogramConfiguration","resource-property-types"
"Add-VSQuickSightDashboardHistogramFieldWells","resource-property-types"
"Add-VSQuickSightDashboardHistogramVisual","resource-property-types"
"Add-VSQuickSightDashboardImageCustomAction","resource-property-types"
"Add-VSQuickSightDashboardImageCustomActionOperation","resource-property-types"
"Add-VSQuickSightDashboardImageInteractionOptions","resource-property-types"
"Add-VSQuickSightDashboardImageMenuOption","resource-property-types"
"Add-VSQuickSightDashboardImageStaticFile","resource-property-types"
"Add-VSQuickSightDashboardInnerFilter","resource-property-types"
"Add-VSQuickSightDashboardInsightConfiguration","resource-property-types"
"Add-VSQuickSightDashboardInsightVisual","resource-property-types"
"Add-VSQuickSightDashboardIntegerDefaultValues","resource-property-types"
"Add-VSQuickSightDashboardIntegerParameter","resource-property-types"
"Add-VSQuickSightDashboardIntegerParameterDeclaration","resource-property-types"
"Add-VSQuickSightDashboardIntegerValueWhenUnsetConfiguration","resource-property-types"
"Add-VSQuickSightDashboardItemsLimitConfiguration","resource-property-types"
"Add-VSQuickSightDashboardKPIActualValueConditionalFormatting","resource-property-types"
"Add-VSQuickSightDashboardKPIComparisonValueConditionalFormatting","resource-property-types"
"Add-VSQuickSightDashboardKPIConditionalFormatting","resource-property-types"
"Add-VSQuickSightDashboardKPIConditionalFormattingOption","resource-property-types"
"Add-VSQuickSightDashboardKPIConfiguration","resource-property-types"
"Add-VSQuickSightDashboardKPIFieldWells","resource-property-types"
"Add-VSQuickSightDashboardKPIOptions","resource-property-types"
"Add-VSQuickSightDashboardKPIPrimaryValueConditionalFormatting","resource-property-types"
"Add-VSQuickSightDashboardKPIProgressBarConditionalFormatting","resource-property-types"
"Add-VSQuickSightDashboardKPISortConfiguration","resource-property-types"
"Add-VSQuickSightDashboardKPISparklineOptions","resource-property-types"
"Add-VSQuickSightDashboardKPIVisual","resource-property-types"
"Add-VSQuickSightDashboardKPIVisualLayoutOptions","resource-property-types"
"Add-VSQuickSightDashboardKPIVisualStandardLayout","resource-property-types"
"Add-VSQuickSightDashboardLabelOptions","resource-property-types"
"Add-VSQuickSightDashboardLayerCustomAction","resource-property-types"
"Add-VSQuickSightDashboardLayerCustomActionOperation","resource-property-types"
"Add-VSQuickSightDashboardLayerMapVisual","resource-property-types"
"Add-VSQuickSightDashboardLayout","resource-property-types"
"Add-VSQuickSightDashboardLayoutConfiguration","resource-property-types"
"Add-VSQuickSightDashboardLegendOptions","resource-property-types"
"Add-VSQuickSightDashboardLineChartAggregatedFieldWells","resource-property-types"
"Add-VSQuickSightDashboardLineChartConfiguration","resource-property-types"
"Add-VSQuickSightDashboardLineChartDefaultSeriesSettings","resource-property-types"
"Add-VSQuickSightDashboardLineChartFieldWells","resource-property-types"
"Add-VSQuickSightDashboardLineChartLineStyleSettings","resource-property-types"
"Add-VSQuickSightDashboardLineChartMarkerStyleSettings","resource-property-types"
"Add-VSQuickSightDashboardLineChartSeriesSettings","resource-property-types"
"Add-VSQuickSightDashboardLineChartSortConfiguration","resource-property-types"
"Add-VSQuickSightDashboardLineChartVisual","resource-property-types"
"Add-VSQuickSightDashboardLineSeriesAxisDisplayOptions","resource-property-types"
"Add-VSQuickSightDashboardLinkSharingConfiguration","resource-property-types"
"Add-VSQuickSightDashboardListControlDisplayOptions","resource-property-types"
"Add-VSQuickSightDashboardListControlSearchOptions","resource-property-types"
"Add-VSQuickSightDashboardListControlSelectAllOptions","resource-property-types"
"Add-VSQuickSightDashboardLoadingAnimation","resource-property-types"
"Add-VSQuickSightDashboardLocalNavigationConfiguration","resource-property-types"
"Add-VSQuickSightDashboardLongFormatText","resource-property-types"
"Add-VSQuickSightDashboardMappedDataSetParameter","resource-property-types"
"Add-VSQuickSightDashboardMaximumLabelType","resource-property-types"
"Add-VSQuickSightDashboardMaximumMinimumComputation","resource-property-types"
"Add-VSQuickSightDashboardMeasureField","resource-property-types"
"Add-VSQuickSightDashboardMetricComparisonComputation","resource-property-types"
"Add-VSQuickSightDashboardMinimumLabelType","resource-property-types"
"Add-VSQuickSightDashboardMissingDataConfiguration","resource-property-types"
"Add-VSQuickSightDashboardNegativeValueConfiguration","resource-property-types"
"Add-VSQuickSightDashboardNestedFilter","resource-property-types"
"Add-VSQuickSightDashboardNullValueFormatConfiguration","resource-property-types"
"Add-VSQuickSightDashboardNumberDisplayFormatConfiguration","resource-property-types"
"Add-VSQuickSightDashboardNumberFormatConfiguration","resource-property-types"
"Add-VSQuickSightDashboardNumericalAggregationFunction","resource-property-types"
"Add-VSQuickSightDashboardNumericalDimensionField","resource-property-types"
"Add-VSQuickSightDashboardNumericalMeasureField","resource-property-types"
"Add-VSQuickSightDashboardNumericAxisOptions","resource-property-types"
"Add-VSQuickSightDashboardNumericEqualityDrillDownFilter","resource-property-types"
"Add-VSQuickSightDashboardNumericEqualityFilter","resource-property-types"
"Add-VSQuickSightDashboardNumericFormatConfiguration","resource-property-types"
"Add-VSQuickSightDashboardNumericRangeFilter","resource-property-types"
"Add-VSQuickSightDashboardNumericRangeFilterValue","resource-property-types"
"Add-VSQuickSightDashboardNumericSeparatorConfiguration","resource-property-types"
"Add-VSQuickSightDashboardPaginationConfiguration","resource-property-types"
"Add-VSQuickSightDashboardPanelConfiguration","resource-property-types"
"Add-VSQuickSightDashboardPanelTitleOptions","resource-property-types"
"Add-VSQuickSightDashboardParameterControl","resource-property-types"
"Add-VSQuickSightDashboardParameterDateTimePickerControl","resource-property-types"
"Add-VSQuickSightDashboardParameterDeclaration","resource-property-types"
"Add-VSQuickSightDashboardParameterDropDownControl","resource-property-types"
"Add-VSQuickSightDashboardParameterListControl","resource-property-types"
"Add-VSQuickSightDashboardParameters","resource-property-types"
"Add-VSQuickSightDashboardParameterSelectableValues","resource-property-types"
"Add-VSQuickSightDashboardParameterSliderControl","resource-property-types"
"Add-VSQuickSightDashboardParameterTextAreaControl","resource-property-types"
"Add-VSQuickSightDashboardParameterTextFieldControl","resource-property-types"
"Add-VSQuickSightDashboardPercentageDisplayFormatConfiguration","resource-property-types"
"Add-VSQuickSightDashboardPercentileAggregation","resource-property-types"
"Add-VSQuickSightDashboardPercentVisibleRange","resource-property-types"
"Add-VSQuickSightDashboardPeriodOverPeriodComputation","resource-property-types"
"Add-VSQuickSightDashboardPeriodToDateComputation","resource-property-types"
"Add-VSQuickSightDashboardPieChartAggregatedFieldWells","resource-property-types"
"Add-VSQuickSightDashboardPieChartConfiguration","resource-property-types"
"Add-VSQuickSightDashboardPieChartFieldWells","resource-property-types"
"Add-VSQuickSightDashboardPieChartSortConfiguration","resource-property-types"
"Add-VSQuickSightDashboardPieChartVisual","resource-property-types"
"Add-VSQuickSightDashboardPivotFieldSortOptions","resource-property-types"
"Add-VSQuickSightDashboardPivotTableAggregatedFieldWells","resource-property-types"
"Add-VSQuickSightDashboardPivotTableCellConditionalFormatting","resource-property-types"
"Add-VSQuickSightDashboardPivotTableConditionalFormatting","resource-property-types"
"Add-VSQuickSightDashboardPivotTableConditionalFormattingOption","resource-property-types"
"Add-VSQuickSightDashboardPivotTableConditionalFormattingScope","resource-property-types"
"Add-VSQuickSightDashboardPivotTableConfiguration","resource-property-types"
"Add-VSQuickSightDashboardPivotTableDataPathOption","resource-property-types"
"Add-VSQuickSightDashboardPivotTableFieldCollapseStateOption","resource-property-types"
"Add-VSQuickSightDashboardPivotTableFieldCollapseStateTarget","resource-property-types"
"Add-VSQuickSightDashboardPivotTableFieldOption","resource-property-types"
"Add-VSQuickSightDashboardPivotTableFieldOptions","resource-property-types"
"Add-VSQuickSightDashboardPivotTableFieldSubtotalOptions","resource-property-types"
"Add-VSQuickSightDashboardPivotTableFieldWells","resource-property-types"
"Add-VSQuickSightDashboardPivotTableOptions","resource-property-types"
"Add-VSQuickSightDashboardPivotTablePaginatedReportOptions","resource-property-types"
"Add-VSQuickSightDashboardPivotTableRowsLabelOptions","resource-property-types"
"Add-VSQuickSightDashboardPivotTableSortBy","resource-property-types"
"Add-VSQuickSightDashboardPivotTableSortConfiguration","resource-property-types"
"Add-VSQuickSightDashboardPivotTableTotalOptions","resource-property-types"
"Add-VSQuickSightDashboardPivotTableVisual","resource-property-types"
"Add-VSQuickSightDashboardPivotTotalOptions","resource-property-types"
"Add-VSQuickSightDashboardPluginVisual","resource-property-types"
"Add-VSQuickSightDashboardPluginVisualConfiguration","resource-property-types"
"Add-VSQuickSightDashboardPluginVisualFieldWell","resource-property-types"
"Add-VSQuickSightDashboardPluginVisualItemsLimitConfiguration","resource-property-types"
"Add-VSQuickSightDashboardPluginVisualOptions","resource-property-types"
"Add-VSQuickSightDashboardPluginVisualProperty","resource-property-types"
"Add-VSQuickSightDashboardPluginVisualSortConfiguration","resource-property-types"
"Add-VSQuickSightDashboardPluginVisualTableQuerySort","resource-property-types"
"Add-VSQuickSightDashboardPredefinedHierarchy","resource-property-types"
"Add-VSQuickSightDashboardProgressBarOptions","resource-property-types"
"Add-VSQuickSightDashboardQuickSuiteActionsOption","resource-property-types"
"Add-VSQuickSightDashboardRadarChartAggregatedFieldWells","resource-property-types"
"Add-VSQuickSightDashboardRadarChartAreaStyleSettings","resource-property-types"
"Add-VSQuickSightDashboardRadarChartConfiguration","resource-property-types"
"Add-VSQuickSightDashboardRadarChartFieldWells","resource-property-types"
"Add-VSQuickSightDashboardRadarChartSeriesSettings","resource-property-types"
"Add-VSQuickSightDashboardRadarChartSortConfiguration","resource-property-types"
"Add-VSQuickSightDashboardRadarChartVisual","resource-property-types"
"Add-VSQuickSightDashboardRangeEndsLabelType","resource-property-types"
"Add-VSQuickSightDashboardReferenceLine","resource-property-types"
"Add-VSQuickSightDashboardReferenceLineCustomLabelConfiguration","resource-property-types"
"Add-VSQuickSightDashboardReferenceLineDataConfiguration","resource-property-types"
"Add-VSQuickSightDashboardReferenceLineDynamicDataConfiguration","resource-property-types"
"Add-VSQuickSightDashboardReferenceLineLabelConfiguration","resource-property-types"
"Add-VSQuickSightDashboardReferenceLineStaticDataConfiguration","resource-property-types"
"Add-VSQuickSightDashboardReferenceLineStyleConfiguration","resource-property-types"
"Add-VSQuickSightDashboardReferenceLineValueLabelConfiguration","resource-property-types"
"Add-VSQuickSightDashboardRelativeDatesFilter","resource-property-types"
"Add-VSQuickSightDashboardRelativeDateTimeControlDisplayOptions","resource-property-types"
"Add-VSQuickSightDashboardResourcePermission","resource-property-types"
"Add-VSQuickSightDashboardRollingDateConfiguration","resource-property-types"
"Add-VSQuickSightDashboardRowAlternateColorOptions","resource-property-types"
"Add-VSQuickSightDashboardSameSheetTargetVisualConfiguration","resource-property-types"
"Add-VSQuickSightDashboardSankeyDiagramAggregatedFieldWells","resource-property-types"
"Add-VSQuickSightDashboardSankeyDiagramChartConfiguration","resource-property-types"
"Add-VSQuickSightDashboardSankeyDiagramFieldWells","resource-property-types"
"Add-VSQuickSightDashboardSankeyDiagramSortConfiguration","resource-property-types"
"Add-VSQuickSightDashboardSankeyDiagramVisual","resource-property-types"
"Add-VSQuickSightDashboardScatterPlotCategoricallyAggregatedFieldWells","resource-property-types"
"Add-VSQuickSightDashboardScatterPlotConfiguration","resource-property-types"
"Add-VSQuickSightDashboardScatterPlotFieldWells","resource-property-types"
"Add-VSQuickSightDashboardScatterPlotSortConfiguration","resource-property-types"
"Add-VSQuickSightDashboardScatterPlotUnaggregatedFieldWells","resource-property-types"
"Add-VSQuickSightDashboardScatterPlotVisual","resource-property-types"
"Add-VSQuickSightDashboardScrollBarOptions","resource-property-types"
"Add-VSQuickSightDashboardSecondaryValueOptions","resource-property-types"
"Add-VSQuickSightDashboardSectionAfterPageBreak","resource-property-types"
"Add-VSQuickSightDashboardSectionBasedLayoutCanvasSizeOptions","resource-property-types"
"Add-VSQuickSightDashboardSectionBasedLayoutConfiguration","resource-property-types"
"Add-VSQuickSightDashboardSectionBasedLayoutPaperCanvasSizeOptions","resource-property-types"
"Add-VSQuickSightDashboardSectionLayoutConfiguration","resource-property-types"
"Add-VSQuickSightDashboardSectionPageBreakConfiguration","resource-property-types"
"Add-VSQuickSightDashboardSectionStyle","resource-property-types"
"Add-VSQuickSightDashboardSelectedSheetsFilterScopeConfiguration","resource-property-types"
"Add-VSQuickSightDashboardSeriesItem","resource-property-types"
"Add-VSQuickSightDashboardSetParameterValueConfiguration","resource-property-types"
"Add-VSQuickSightDashboardShapeConditionalFormat","resource-property-types"
"Add-VSQuickSightDashboardSheet","resource-property-types"
"Add-VSQuickSightDashboardSheetControlInfoIconLabelOptions","resource-property-types"
"Add-VSQuickSightDashboardSheetControlLayout","resource-property-types"
"Add-VSQuickSightDashboardSheetControlLayoutConfiguration","resource-property-types"
"Add-VSQuickSightDashboardSheetControlsOption","resource-property-types"
"Add-VSQuickSightDashboardSheetDefinition","resource-property-types"
"Add-VSQuickSightDashboardSheetElementConfigurationOverrides","resource-property-types"
"Add-VSQuickSightDashboardSheetElementRenderingRule","resource-property-types"
"Add-VSQuickSightDashboardSheetImage","resource-property-types"
"Add-VSQuickSightDashboardSheetImageScalingConfiguration","resource-property-types"
"Add-VSQuickSightDashboardSheetImageSource","resource-property-types"
"Add-VSQuickSightDashboardSheetImageStaticFileSource","resource-property-types"
"Add-VSQuickSightDashboardSheetImageTooltipConfiguration","resource-property-types"
"Add-VSQuickSightDashboardSheetImageTooltipText","resource-property-types"
"Add-VSQuickSightDashboardSheetLayoutElementMaximizationOption","resource-property-types"
"Add-VSQuickSightDashboardSheetTextBox","resource-property-types"
"Add-VSQuickSightDashboardSheetVisualScopingConfiguration","resource-property-types"
"Add-VSQuickSightDashboardShortFormatText","resource-property-types"
"Add-VSQuickSightDashboardSimpleClusterMarker","resource-property-types"
"Add-VSQuickSightDashboardSingleAxisOptions","resource-property-types"
"Add-VSQuickSightDashboardSliderControlDisplayOptions","resource-property-types"
"Add-VSQuickSightDashboardSmallMultiplesAxisProperties","resource-property-types"
"Add-VSQuickSightDashboardSmallMultiplesOptions","resource-property-types"
"Add-VSQuickSightDashboardSpacing","resource-property-types"
"Add-VSQuickSightDashboardSpatialStaticFile","resource-property-types"
"Add-VSQuickSightDashboardStaticFile","resource-property-types"
"Add-VSQuickSightDashboardStaticFileS3SourceOptions","resource-property-types"
"Add-VSQuickSightDashboardStaticFileSource","resource-property-types"
"Add-VSQuickSightDashboardStaticFileUrlSourceOptions","resource-property-types"
"Add-VSQuickSightDashboardStringDefaultValues","resource-property-types"
"Add-VSQuickSightDashboardStringFormatConfiguration","resource-property-types"
"Add-VSQuickSightDashboardStringParameter","resource-property-types"
"Add-VSQuickSightDashboardStringParameterDeclaration","resource-property-types"
"Add-VSQuickSightDashboardStringValueWhenUnsetConfiguration","resource-property-types"
"Add-VSQuickSightDashboardSubtotalOptions","resource-property-types"
"Add-VSQuickSightDashboardTableAggregatedFieldWells","resource-property-types"
"Add-VSQuickSightDashboardTableBorderOptions","resource-property-types"
"Add-VSQuickSightDashboardTableCellConditionalFormatting","resource-property-types"
"Add-VSQuickSightDashboardTableCellImageSizingConfiguration","resource-property-types"
"Add-VSQuickSightDashboardTableCellStyle","resource-property-types"
"Add-VSQuickSightDashboardTableConditionalFormatting","resource-property-types"
"Add-VSQuickSightDashboardTableConditionalFormattingOption","resource-property-types"
"Add-VSQuickSightDashboardTableConfiguration","resource-property-types"
"Add-VSQuickSightDashboardTableFieldCustomIconContent","resource-property-types"
"Add-VSQuickSightDashboardTableFieldCustomTextContent","resource-property-types"
"Add-VSQuickSightDashboardTableFieldImageConfiguration","resource-property-types"
"Add-VSQuickSightDashboardTableFieldLinkConfiguration","resource-property-types"
"Add-VSQuickSightDashboardTableFieldLinkContentConfiguration","resource-property-types"
"Add-VSQuickSightDashboardTableFieldOption","resource-property-types"
"Add-VSQuickSightDashboardTableFieldOptions","resource-property-types"
"Add-VSQuickSightDashboardTableFieldURLConfiguration","resource-property-types"
"Add-VSQuickSightDashboardTableFieldWells","resource-property-types"
"Add-VSQuickSightDashboardTableInlineVisualization","resource-property-types"
"Add-VSQuickSightDashboardTableOptions","resource-property-types"
"Add-VSQuickSightDashboardTablePaginatedReportOptions","resource-property-types"
"Add-VSQuickSightDashboardTablePinnedFieldOptions","resource-property-types"
"Add-VSQuickSightDashboardTableRowConditionalFormatting","resource-property-types"
"Add-VSQuickSightDashboardTableSideBorderOptions","resource-property-types"
"Add-VSQuickSightDashboardTableSortConfiguration","resource-property-types"
"Add-VSQuickSightDashboardTableStyleTarget","resource-property-types"
"Add-VSQuickSightDashboardTableUnaggregatedFieldWells","resource-property-types"
"Add-VSQuickSightDashboardTableVisual","resource-property-types"
"Add-VSQuickSightDashboardTextAreaControlDisplayOptions","resource-property-types"
"Add-VSQuickSightDashboardTextConditionalFormat","resource-property-types"
"Add-VSQuickSightDashboardTextControlPlaceholderOptions","resource-property-types"
"Add-VSQuickSightDashboardTextFieldControlDisplayOptions","resource-property-types"
"Add-VSQuickSightDashboardThousandSeparatorOptions","resource-property-types"
"Add-VSQuickSightDashboardTimeBasedForecastProperties","resource-property-types"
"Add-VSQuickSightDashboardTimeEqualityFilter","resource-property-types"
"Add-VSQuickSightDashboardTimeRangeDrillDownFilter","resource-property-types"
"Add-VSQuickSightDashboardTimeRangeFilter","resource-property-types"
"Add-VSQuickSightDashboardTimeRangeFilterValue","resource-property-types"
"Add-VSQuickSightDashboardTooltipItem","resource-property-types"
"Add-VSQuickSightDashboardTooltipOptions","resource-property-types"
"Add-VSQuickSightDashboardTopBottomFilter","resource-property-types"
"Add-VSQuickSightDashboardTopBottomMoversComputation","resource-property-types"
"Add-VSQuickSightDashboardTopBottomRankedComputation","resource-property-types"
"Add-VSQuickSightDashboardTotalAggregationComputation","resource-property-types"
"Add-VSQuickSightDashboardTotalAggregationFunction","resource-property-types"
"Add-VSQuickSightDashboardTotalAggregationOption","resource-property-types"
"Add-VSQuickSightDashboardTotalOptions","resource-property-types"
"Add-VSQuickSightDashboardTransposedTableOption","resource-property-types"
"Add-VSQuickSightDashboardTreeMapAggregatedFieldWells","resource-property-types"
"Add-VSQuickSightDashboardTreeMapConfiguration","resource-property-types"
"Add-VSQuickSightDashboardTreeMapFieldWells","resource-property-types"
"Add-VSQuickSightDashboardTreeMapSortConfiguration","resource-property-types"
"Add-VSQuickSightDashboardTreeMapVisual","resource-property-types"
"Add-VSQuickSightDashboardTrendArrowOptions","resource-property-types"
"Add-VSQuickSightDashboardUnaggregatedField","resource-property-types"
"Add-VSQuickSightDashboardUniqueValuesComputation","resource-property-types"
"Add-VSQuickSightDashboardValidationStrategy","resource-property-types"
"Add-VSQuickSightDashboardVisibleRangeOptions","resource-property-types"
"Add-VSQuickSightDashboardVisual","resource-property-types"
"Add-VSQuickSightDashboardVisualAxisSortOption","resource-property-types"
"Add-VSQuickSightDashboardVisualCustomAction","resource-property-types"
"Add-VSQuickSightDashboardVisualCustomActionOperation","resource-property-types"
"Add-VSQuickSightDashboardVisualInteractionOptions","resource-property-types"
"Add-VSQuickSightDashboardVisualMenuOption","resource-property-types"
"Add-VSQuickSightDashboardVisualPalette","resource-property-types"
"Add-VSQuickSightDashboardVisualSubtitleLabelOptions","resource-property-types"
"Add-VSQuickSightDashboardVisualTitleLabelOptions","resource-property-types"
"Add-VSQuickSightDashboardWaterfallChartAggregatedFieldWells","resource-property-types"
"Add-VSQuickSightDashboardWaterfallChartColorConfiguration","resource-property-types"
"Add-VSQuickSightDashboardWaterfallChartConfiguration","resource-property-types"
"Add-VSQuickSightDashboardWaterfallChartFieldWells","resource-property-types"
"Add-VSQuickSightDashboardWaterfallChartGroupColorConfiguration","resource-property-types"
"Add-VSQuickSightDashboardWaterfallChartOptions","resource-property-types"
"Add-VSQuickSightDashboardWaterfallChartSortConfiguration","resource-property-types"
"Add-VSQuickSightDashboardWaterfallVisual","resource-property-types"
"Add-VSQuickSightDashboardWhatIfPointScenario","resource-property-types"
"Add-VSQuickSightDashboardWhatIfRangeScenario","resource-property-types"
"Add-VSQuickSightDashboardWordCloudAggregatedFieldWells","resource-property-types"
"Add-VSQuickSightDashboardWordCloudChartConfiguration","resource-property-types"
"Add-VSQuickSightDashboardWordCloudFieldWells","resource-property-types"
"Add-VSQuickSightDashboardWordCloudOptions","resource-property-types"
"Add-VSQuickSightDashboardWordCloudSortConfiguration","resource-property-types"
"Add-VSQuickSightDashboardWordCloudVisual","resource-property-types"
"Add-VSQuickSightDashboardYAxisOptions","resource-property-types"
"Add-VSQuickSightDataSetAggregateOperation","resource-property-types"
"Add-VSQuickSightDataSetAggregation","resource-property-types"
"Add-VSQuickSightDataSetAppendedColumn","resource-property-types"
"Add-VSQuickSightDataSetAppendOperation","resource-property-types"
"Add-VSQuickSightDataSetCalculatedColumn","resource-property-types"
"Add-VSQuickSightDataSetCastColumnTypeOperation","resource-property-types"
"Add-VSQuickSightDataSetCastColumnTypesOperation","resource-property-types"
"Add-VSQuickSightDataSetColumnGroup","resource-property-types"
"Add-VSQuickSightDataSetColumnLevelPermissionRule","resource-property-types"
"Add-VSQuickSightDataSetColumnToUnpivot","resource-property-types"
"Add-VSQuickSightDataSetCreateColumnsOperation","resource-property-types"
"Add-VSQuickSightDataSetCustomSql","resource-property-types"
"Add-VSQuickSightDataSetDataPrepAggregationFunction","resource-property-types"
"Add-VSQuickSightDataSetDataPrepConfiguration","resource-property-types"
"Add-VSQuickSightDataSetDataPrepListAggregationFunction","resource-property-types"
"Add-VSQuickSightDataSetDataPrepPercentileAggregationFunction","resource-property-types"
"Add-VSQuickSightDataSetDataPrepSimpleAggregationFunction","resource-property-types"
"Add-VSQuickSightDataSetDataSetColumnIdMapping","resource-property-types"
"Add-VSQuickSightDataSetDataSetDateComparisonFilterCondition","resource-property-types"
"Add-VSQuickSightDataSetDataSetDateFilterCondition","resource-property-types"
"Add-VSQuickSightDataSetDataSetDateFilterValue","resource-property-types"
"Add-VSQuickSightDataSetDataSetDateRangeFilterCondition","resource-property-types"
"Add-VSQuickSightDataSetDataSetNumericComparisonFilterCondition","resource-property-types"
"Add-VSQuickSightDataSetDataSetNumericFilterCondition","resource-property-types"
"Add-VSQuickSightDataSetDataSetNumericFilterValue","resource-property-types"
"Add-VSQuickSightDataSetDataSetNumericRangeFilterCondition","resource-property-types"
"Add-VSQuickSightDataSetDatasetParameter","resource-property-types"
"Add-VSQuickSightDataSetDataSetRefreshProperties","resource-property-types"
"Add-VSQuickSightDataSetDataSetStringComparisonFilterCondition","resource-property-types"
"Add-VSQuickSightDataSetDataSetStringFilterCondition","resource-property-types"
"Add-VSQuickSightDataSetDataSetStringFilterValue","resource-property-types"
"Add-VSQuickSightDataSetDataSetStringListFilterCondition","resource-property-types"
"Add-VSQuickSightDataSetDataSetStringListFilterValue","resource-property-types"
"Add-VSQuickSightDataSetDataSetUsageConfiguration","resource-property-types"
"Add-VSQuickSightDataSetDateTimeDatasetParameter","resource-property-types"
"Add-VSQuickSightDataSetDateTimeDatasetParameterDefaultValues","resource-property-types"
"Add-VSQuickSightDataSetDecimalDatasetParameter","resource-property-types"
"Add-VSQuickSightDataSetDecimalDatasetParameterDefaultValues","resource-property-types"
"Add-VSQuickSightDataSetDestinationTable","resource-property-types"
"Add-VSQuickSightDataSetDestinationTableSource","resource-property-types"
"Add-VSQuickSightDataSetFieldFolder","resource-property-types"
"Add-VSQuickSightDataSetFilterOperation","resource-property-types"
"Add-VSQuickSightDataSetFiltersOperation","resource-property-types"
"Add-VSQuickSightDataSetGeoSpatialColumnGroup","resource-property-types"
"Add-VSQuickSightDataSetImportTableOperation","resource-property-types"
"Add-VSQuickSightDataSetImportTableOperationSource","resource-property-types"
"Add-VSQuickSightDataSetIncrementalRefresh","resource-property-types"
"Add-VSQuickSightDataSetIngestionWaitPolicy","resource-property-types"
"Add-VSQuickSightDataSetInputColumn","resource-property-types"
"Add-VSQuickSightDataSetIntegerDatasetParameter","resource-property-types"
"Add-VSQuickSightDataSetIntegerDatasetParameterDefaultValues","resource-property-types"
"Add-VSQuickSightDataSetJoinOperandProperties","resource-property-types"
"Add-VSQuickSightDataSetJoinOperation","resource-property-types"
"Add-VSQuickSightDataSetLookbackWindow","resource-property-types"
"Add-VSQuickSightDataSetOutputColumn","resource-property-types"
"Add-VSQuickSightDataSetOutputColumnNameOverride","resource-property-types"
"Add-VSQuickSightDataSetParentDataSet","resource-property-types"
"Add-VSQuickSightDataSetPerformanceConfiguration","resource-property-types"
"Add-VSQuickSightDataSetPhysicalTable","resource-property-types"
"Add-VSQuickSightDataSetPivotConfiguration","resource-property-types"
"Add-VSQuickSightDataSetPivotedLabel","resource-property-types"
"Add-VSQuickSightDataSetPivotOperation","resource-property-types"
"Add-VSQuickSightDataSetProjectOperation","resource-property-types"
"Add-VSQuickSightDataSetRefreshConfiguration","resource-property-types"
"Add-VSQuickSightDataSetRefreshFailureConfiguration","resource-property-types"
"Add-VSQuickSightDataSetRefreshFailureEmailAlert","resource-property-types"
"Add-VSQuickSightDataSetRelationalTable","resource-property-types"
"Add-VSQuickSightDataSetRenameColumnOperation","resource-property-types"
"Add-VSQuickSightDataSetRenameColumnsOperation","resource-property-types"
"Add-VSQuickSightDataSetResourcePermission","resource-property-types"
"Add-VSQuickSightDataSetRowLevelPermissionConfiguration","resource-property-types"
"Add-VSQuickSightDataSetRowLevelPermissionDataSet","resource-property-types"
"Add-VSQuickSightDataSetRowLevelPermissionTagConfiguration","resource-property-types"
"Add-VSQuickSightDataSetRowLevelPermissionTagRule","resource-property-types"
"Add-VSQuickSightDataSetS3Source","resource-property-types"
"Add-VSQuickSightDataSetSaaSTable","resource-property-types"
"Add-VSQuickSightDataSetSemanticModelConfiguration","resource-property-types"
"Add-VSQuickSightDataSetSemanticTable","resource-property-types"
"Add-VSQuickSightDataSetSourceTable","resource-property-types"
"Add-VSQuickSightDataSetStringDatasetParameter","resource-property-types"
"Add-VSQuickSightDataSetStringDatasetParameterDefaultValues","resource-property-types"
"Add-VSQuickSightDataSetTablePathElement","resource-property-types"
"Add-VSQuickSightDataSetTransformOperationSource","resource-property-types"
"Add-VSQuickSightDataSetTransformStep","resource-property-types"
"Add-VSQuickSightDataSetUniqueKey","resource-property-types"
"Add-VSQuickSightDataSetUnpivotOperation","resource-property-types"
"Add-VSQuickSightDataSetUploadSettings","resource-property-types"
"Add-VSQuickSightDataSetValueColumnConfiguration","resource-property-types"
"Add-VSQuickSightDataSourceAmazonElasticsearchParameters","resource-property-types"
"Add-VSQuickSightDataSourceAmazonOpenSearchParameters","resource-property-types"
"Add-VSQuickSightDataSourceAthenaParameters","resource-property-types"
"Add-VSQuickSightDataSourceAuroraParameters","resource-property-types"
"Add-VSQuickSightDataSourceAuroraPostgreSqlParameters","resource-property-types"
"Add-VSQuickSightDataSourceCredentialPair","resource-property-types"
"Add-VSQuickSightDataSourceDatabricksParameters","resource-property-types"
"Add-VSQuickSightDataSourceDataSourceCredentials","resource-property-types"
"Add-VSQuickSightDataSourceDataSourceErrorInfo","resource-property-types"
"Add-VSQuickSightDataSourceDataSourceParameters","resource-property-types"
"Add-VSQuickSightDataSourceIdentityCenterConfiguration","resource-property-types"
"Add-VSQuickSightDataSourceKeyPairCredentials","resource-property-types"
"Add-VSQuickSightDataSourceManifestFileLocation","resource-property-types"
"Add-VSQuickSightDataSourceMariaDbParameters","resource-property-types"
"Add-VSQuickSightDataSourceMySqlParameters","resource-property-types"
"Add-VSQuickSightDataSourceOAuthParameters","resource-property-types"
"Add-VSQuickSightDataSourceOracleParameters","resource-property-types"
"Add-VSQuickSightDataSourcePostgreSqlParameters","resource-property-types"
"Add-VSQuickSightDataSourcePrestoParameters","resource-property-types"
"Add-VSQuickSightDataSourceRdsParameters","resource-property-types"
"Add-VSQuickSightDataSourceRedshiftIAMParameters","resource-property-types"
"Add-VSQuickSightDataSourceRedshiftParameters","resource-property-types"
"Add-VSQuickSightDataSourceResourcePermission","resource-property-types"
"Add-VSQuickSightDataSourceS3Parameters","resource-property-types"
"Add-VSQuickSightDataSourceSnowflakeParameters","resource-property-types"
"Add-VSQuickSightDataSourceSparkParameters","resource-property-types"
"Add-VSQuickSightDataSourceSqlServerParameters","resource-property-types"
"Add-VSQuickSightDataSourceSslProperties","resource-property-types"
"Add-VSQuickSightDataSourceStarburstParameters","resource-property-types"
"Add-VSQuickSightDataSourceTeradataParameters","resource-property-types"
"Add-VSQuickSightDataSourceTrinoParameters","resource-property-types"
"Add-VSQuickSightDataSourceVpcConnectionProperties","resource-property-types"
"Add-VSQuickSightFolderResourcePermission","resource-property-types"
"Add-VSQuickSightRefreshScheduleRefreshOnDay","resource-property-types"
"Add-VSQuickSightRefreshScheduleRefreshScheduleMap","resource-property-types"
"Add-VSQuickSightRefreshScheduleScheduleFrequency","resource-property-types"
"Add-VSQuickSightTemplateAggregationFunction","resource-property-types"
"Add-VSQuickSightTemplateAggregationSortConfiguration","resource-property-types"
"Add-VSQuickSightTemplateAnalysisDefaults","resource-property-types"
"Add-VSQuickSightTemplateAnchorDateConfiguration","resource-property-types"
"Add-VSQuickSightTemplateArcAxisConfiguration","resource-property-types"
"Add-VSQuickSightTemplateArcAxisDisplayRange","resource-property-types"
"Add-VSQuickSightTemplateArcConfiguration","resource-property-types"
"Add-VSQuickSightTemplateArcOptions","resource-property-types"
"Add-VSQuickSightTemplateAssetOptions","resource-property-types"
"Add-VSQuickSightTemplateAttributeAggregationFunction","resource-property-types"
"Add-VSQuickSightTemplateAxisDataOptions","resource-property-types"
"Add-VSQuickSightTemplateAxisDisplayMinMaxRange","resource-property-types"
"Add-VSQuickSightTemplateAxisDisplayOptions","resource-property-types"
"Add-VSQuickSightTemplateAxisDisplayRange","resource-property-types"
"Add-VSQuickSightTemplateAxisLabelOptions","resource-property-types"
"Add-VSQuickSightTemplateAxisLabelReferenceOptions","resource-property-types"
"Add-VSQuickSightTemplateAxisLinearScale","resource-property-types"
"Add-VSQuickSightTemplateAxisLogarithmicScale","resource-property-types"
"Add-VSQuickSightTemplateAxisScale","resource-property-types"
"Add-VSQuickSightTemplateAxisTickLabelOptions","resource-property-types"
"Add-VSQuickSightTemplateBarChartAggregatedFieldWells","resource-property-types"
"Add-VSQuickSightTemplateBarChartConfiguration","resource-property-types"
"Add-VSQuickSightTemplateBarChartDefaultSeriesSettings","resource-property-types"
"Add-VSQuickSightTemplateBarChartFieldWells","resource-property-types"
"Add-VSQuickSightTemplateBarChartSortConfiguration","resource-property-types"
"Add-VSQuickSightTemplateBarChartVisual","resource-property-types"
"Add-VSQuickSightTemplateBinCountOptions","resource-property-types"
"Add-VSQuickSightTemplateBinWidthOptions","resource-property-types"
"Add-VSQuickSightTemplateBodySectionConfiguration","resource-property-types"
"Add-VSQuickSightTemplateBodySectionContent","resource-property-types"
"Add-VSQuickSightTemplateBodySectionDynamicCategoryDimensionConfiguration","resource-property-types"
"Add-VSQuickSightTemplateBodySectionDynamicNumericDimensionConfiguration","resource-property-types"
"Add-VSQuickSightTemplateBodySectionRepeatConfiguration","resource-property-types"
"Add-VSQuickSightTemplateBodySectionRepeatDimensionConfiguration","resource-property-types"
"Add-VSQuickSightTemplateBodySectionRepeatPageBreakConfiguration","resource-property-types"
"Add-VSQuickSightTemplateBorderSettings","resource-property-types"
"Add-VSQuickSightTemplateBoxPlotAggregatedFieldWells","resource-property-types"
"Add-VSQuickSightTemplateBoxPlotChartConfiguration","resource-property-types"
"Add-VSQuickSightTemplateBoxPlotFieldWells","resource-property-types"
"Add-VSQuickSightTemplateBoxPlotOptions","resource-property-types"
"Add-VSQuickSightTemplateBoxPlotSortConfiguration","resource-property-types"
"Add-VSQuickSightTemplateBoxPlotStyleOptions","resource-property-types"
"Add-VSQuickSightTemplateBoxPlotVisual","resource-property-types"
"Add-VSQuickSightTemplateCalculatedField","resource-property-types"
"Add-VSQuickSightTemplateCalculatedMeasureField","resource-property-types"
"Add-VSQuickSightTemplateCascadingControlConfiguration","resource-property-types"
"Add-VSQuickSightTemplateCascadingControlSource","resource-property-types"
"Add-VSQuickSightTemplateCategoricalDimensionField","resource-property-types"
"Add-VSQuickSightTemplateCategoricalMeasureField","resource-property-types"
"Add-VSQuickSightTemplateCategoryDrillDownFilter","resource-property-types"
"Add-VSQuickSightTemplateCategoryFilter","resource-property-types"
"Add-VSQuickSightTemplateCategoryFilterConfiguration","resource-property-types"
"Add-VSQuickSightTemplateCategoryInnerFilter","resource-property-types"
"Add-VSQuickSightTemplateChartAxisLabelOptions","resource-property-types"
"Add-VSQuickSightTemplateClusterMarker","resource-property-types"
"Add-VSQuickSightTemplateClusterMarkerConfiguration","resource-property-types"
"Add-VSQuickSightTemplateColorScale","resource-property-types"
"Add-VSQuickSightTemplateColorsConfiguration","resource-property-types"
"Add-VSQuickSightTemplateColumnConfiguration","resource-property-types"
"Add-VSQuickSightTemplateColumnGroupColumnSchema","resource-property-types"
"Add-VSQuickSightTemplateColumnGroupSchema","resource-property-types"
"Add-VSQuickSightTemplateColumnHierarchy","resource-property-types"
"Add-VSQuickSightTemplateColumnIdentifier","resource-property-types"
"Add-VSQuickSightTemplateColumnSchema","resource-property-types"
"Add-VSQuickSightTemplateColumnSort","resource-property-types"
"Add-VSQuickSightTemplateColumnTooltipItem","resource-property-types"
"Add-VSQuickSightTemplateComboChartAggregatedFieldWells","resource-property-types"
"Add-VSQuickSightTemplateComboChartConfiguration","resource-property-types"
"Add-VSQuickSightTemplateComboChartDefaultSeriesSettings","resource-property-types"
"Add-VSQuickSightTemplateComboChartFieldWells","resource-property-types"
"Add-VSQuickSightTemplateComboChartSortConfiguration","resource-property-types"
"Add-VSQuickSightTemplateComboChartVisual","resource-property-types"
"Add-VSQuickSightTemplateComparisonConfiguration","resource-property-types"
"Add-VSQuickSightTemplateComparisonFormatConfiguration","resource-property-types"
"Add-VSQuickSightTemplateComputation","resource-property-types"
"Add-VSQuickSightTemplateConditionalFormattingColor","resource-property-types"
"Add-VSQuickSightTemplateConditionalFormattingCustomIconCondition","resource-property-types"
"Add-VSQuickSightTemplateConditionalFormattingCustomIconOptions","resource-property-types"
"Add-VSQuickSightTemplateConditionalFormattingGradientColor","resource-property-types"
"Add-VSQuickSightTemplateConditionalFormattingIcon","resource-property-types"
"Add-VSQuickSightTemplateConditionalFormattingIconDisplayConfiguration","resource-property-types"
"Add-VSQuickSightTemplateConditionalFormattingIconSet","resource-property-types"
"Add-VSQuickSightTemplateConditionalFormattingSolidColor","resource-property-types"
"Add-VSQuickSightTemplateContextMenuOption","resource-property-types"
"Add-VSQuickSightTemplateContributionAnalysisDefault","resource-property-types"
"Add-VSQuickSightTemplateCurrencyDisplayFormatConfiguration","resource-property-types"
"Add-VSQuickSightTemplateCustomActionFilterOperation","resource-property-types"
"Add-VSQuickSightTemplateCustomActionNavigationOperation","resource-property-types"
"Add-VSQuickSightTemplateCustomActionSetParametersOperation","resource-property-types"
"Add-VSQuickSightTemplateCustomActionURLOperation","resource-property-types"
"Add-VSQuickSightTemplateCustomColor","resource-property-types"
"Add-VSQuickSightTemplateCustomContentConfiguration","resource-property-types"
"Add-VSQuickSightTemplateCustomContentVisual","resource-property-types"
"Add-VSQuickSightTemplateCustomFilterConfiguration","resource-property-types"
"Add-VSQuickSightTemplateCustomFilterListConfiguration","resource-property-types"
"Add-VSQuickSightTemplateCustomNarrativeOptions","resource-property-types"
"Add-VSQuickSightTemplateCustomParameterValues","resource-property-types"
"Add-VSQuickSightTemplateCustomValuesConfiguration","resource-property-types"
"Add-VSQuickSightTemplateDataBarsOptions","resource-property-types"
"Add-VSQuickSightTemplateDataColor","resource-property-types"
"Add-VSQuickSightTemplateDataFieldSeriesItem","resource-property-types"
"Add-VSQuickSightTemplateDataLabelOptions","resource-property-types"
"Add-VSQuickSightTemplateDataLabelType","resource-property-types"
"Add-VSQuickSightTemplateDataPathColor","resource-property-types"
"Add-VSQuickSightTemplateDataPathLabelType","resource-property-types"
"Add-VSQuickSightTemplateDataPathSort","resource-property-types"
"Add-VSQuickSightTemplateDataPathType","resource-property-types"
"Add-VSQuickSightTemplateDataPathValue","resource-property-types"
"Add-VSQuickSightTemplateDataSetConfiguration","resource-property-types"
"Add-VSQuickSightTemplateDataSetReference","resource-property-types"
"Add-VSQuickSightTemplateDataSetSchema","resource-property-types"
"Add-VSQuickSightTemplateDateAxisOptions","resource-property-types"
"Add-VSQuickSightTemplateDateDimensionField","resource-property-types"
"Add-VSQuickSightTemplateDateMeasureField","resource-property-types"
"Add-VSQuickSightTemplateDateTimeDefaultValues","resource-property-types"
"Add-VSQuickSightTemplateDateTimeFormatConfiguration","resource-property-types"
"Add-VSQuickSightTemplateDateTimeHierarchy","resource-property-types"
"Add-VSQuickSightTemplateDateTimeParameterDeclaration","resource-property-types"
"Add-VSQuickSightTemplateDateTimePickerControlDisplayOptions","resource-property-types"
"Add-VSQuickSightTemplateDateTimeValueWhenUnsetConfiguration","resource-property-types"
"Add-VSQuickSightTemplateDecalSettings","resource-property-types"
"Add-VSQuickSightTemplateDecalSettingsConfiguration","resource-property-types"
"Add-VSQuickSightTemplateDecimalDefaultValues","resource-property-types"
"Add-VSQuickSightTemplateDecimalParameterDeclaration","resource-property-types"
"Add-VSQuickSightTemplateDecimalPlacesConfiguration","resource-property-types"
"Add-VSQuickSightTemplateDecimalValueWhenUnsetConfiguration","resource-property-types"
"Add-VSQuickSightTemplateDefaultDateTimePickerControlOptions","resource-property-types"
"Add-VSQuickSightTemplateDefaultFilterControlConfiguration","resource-property-types"
"Add-VSQuickSightTemplateDefaultFilterControlOptions","resource-property-types"
"Add-VSQuickSightTemplateDefaultFilterDropDownControlOptions","resource-property-types"
"Add-VSQuickSightTemplateDefaultFilterListControlOptions","resource-property-types"
"Add-VSQuickSightTemplateDefaultFreeFormLayoutConfiguration","resource-property-types"
"Add-VSQuickSightTemplateDefaultGridLayoutConfiguration","resource-property-types"
"Add-VSQuickSightTemplateDefaultInteractiveLayoutConfiguration","resource-property-types"
"Add-VSQuickSightTemplateDefaultNewSheetConfiguration","resource-property-types"
"Add-VSQuickSightTemplateDefaultPaginatedLayoutConfiguration","resource-property-types"
"Add-VSQuickSightTemplateDefaultRelativeDateTimeControlOptions","resource-property-types"
"Add-VSQuickSightTemplateDefaultSectionBasedLayoutConfiguration","resource-property-types"
"Add-VSQuickSightTemplateDefaultSliderControlOptions","resource-property-types"
"Add-VSQuickSightTemplateDefaultTextAreaControlOptions","resource-property-types"
"Add-VSQuickSightTemplateDefaultTextFieldControlOptions","resource-property-types"
"Add-VSQuickSightTemplateDestinationParameterValueConfiguration","resource-property-types"
"Add-VSQuickSightTemplateDimensionField","resource-property-types"
"Add-VSQuickSightTemplateDonutCenterOptions","resource-property-types"
"Add-VSQuickSightTemplateDonutOptions","resource-property-types"
"Add-VSQuickSightTemplateDrillDownFilter","resource-property-types"
"Add-VSQuickSightTemplateDropDownControlDisplayOptions","resource-property-types"
"Add-VSQuickSightTemplateDynamicDefaultValue","resource-property-types"
"Add-VSQuickSightTemplateEmptyVisual","resource-property-types"
"Add-VSQuickSightTemplateEntity","resource-property-types"
"Add-VSQuickSightTemplateExcludePeriodConfiguration","resource-property-types"
"Add-VSQuickSightTemplateExplicitHierarchy","resource-property-types"
"Add-VSQuickSightTemplateFieldBasedTooltip","resource-property-types"
"Add-VSQuickSightTemplateFieldLabelType","resource-property-types"
"Add-VSQuickSightTemplateFieldSeriesItem","resource-property-types"
"Add-VSQuickSightTemplateFieldSort","resource-property-types"
"Add-VSQuickSightTemplateFieldSortOptions","resource-property-types"
"Add-VSQuickSightTemplateFieldTooltipItem","resource-property-types"
"Add-VSQuickSightTemplateFilledMapAggregatedFieldWells","resource-property-types"
"Add-VSQuickSightTemplateFilledMapConditionalFormatting","resource-property-types"
"Add-VSQuickSightTemplateFilledMapConditionalFormattingOption","resource-property-types"
"Add-VSQuickSightTemplateFilledMapConfiguration","resource-property-types"
"Add-VSQuickSightTemplateFilledMapFieldWells","resource-property-types"
"Add-VSQuickSightTemplateFilledMapShapeConditionalFormatting","resource-property-types"
"Add-VSQuickSightTemplateFilledMapSortConfiguration","resource-property-types"
"Add-VSQuickSightTemplateFilledMapVisual","resource-property-types"
"Add-VSQuickSightTemplateFilter","resource-property-types"
"Add-VSQuickSightTemplateFilterControl","resource-property-types"
"Add-VSQuickSightTemplateFilterCrossSheetControl","resource-property-types"
"Add-VSQuickSightTemplateFilterDateTimePickerControl","resource-property-types"
"Add-VSQuickSightTemplateFilterDropDownControl","resource-property-types"
"Add-VSQuickSightTemplateFilterGroup","resource-property-types"
"Add-VSQuickSightTemplateFilterListConfiguration","resource-property-types"
"Add-VSQuickSightTemplateFilterListControl","resource-property-types"
"Add-VSQuickSightTemplateFilterOperationSelectedFieldsConfiguration","resource-property-types"
"Add-VSQuickSightTemplateFilterOperationTargetVisualsConfiguration","resource-property-types"
"Add-VSQuickSightTemplateFilterRelativeDateTimeControl","resource-property-types"
"Add-VSQuickSightTemplateFilterScopeConfiguration","resource-property-types"
"Add-VSQuickSightTemplateFilterSelectableValues","resource-property-types"
"Add-VSQuickSightTemplateFilterSliderControl","resource-property-types"
"Add-VSQuickSightTemplateFilterTextAreaControl","resource-property-types"
"Add-VSQuickSightTemplateFilterTextFieldControl","resource-property-types"
"Add-VSQuickSightTemplateFontConfiguration","resource-property-types"
"Add-VSQuickSightTemplateFontSize","resource-property-types"
"Add-VSQuickSightTemplateFontWeight","resource-property-types"
"Add-VSQuickSightTemplateForecastComputation","resource-property-types"
"Add-VSQuickSightTemplateForecastConfiguration","resource-property-types"
"Add-VSQuickSightTemplateForecastScenario","resource-property-types"
"Add-VSQuickSightTemplateFormatConfiguration","resource-property-types"
"Add-VSQuickSightTemplateFreeFormLayoutCanvasSizeOptions","resource-property-types"
"Add-VSQuickSightTemplateFreeFormLayoutConfiguration","resource-property-types"
"Add-VSQuickSightTemplateFreeFormLayoutElement","resource-property-types"
"Add-VSQuickSightTemplateFreeFormLayoutElementBackgroundStyle","resource-property-types"
"Add-VSQuickSightTemplateFreeFormLayoutElementBorderStyle","resource-property-types"
"Add-VSQuickSightTemplateFreeFormLayoutScreenCanvasSizeOptions","resource-property-types"
"Add-VSQuickSightTemplateFreeFormSectionLayoutConfiguration","resource-property-types"
"Add-VSQuickSightTemplateFunnelChartAggregatedFieldWells","resource-property-types"
"Add-VSQuickSightTemplateFunnelChartConfiguration","resource-property-types"
"Add-VSQuickSightTemplateFunnelChartDataLabelOptions","resource-property-types"
"Add-VSQuickSightTemplateFunnelChartFieldWells","resource-property-types"
"Add-VSQuickSightTemplateFunnelChartSortConfiguration","resource-property-types"
"Add-VSQuickSightTemplateFunnelChartVisual","resource-property-types"
"Add-VSQuickSightTemplateGaugeChartArcConditionalFormatting","resource-property-types"
"Add-VSQuickSightTemplateGaugeChartColorConfiguration","resource-property-types"
"Add-VSQuickSightTemplateGaugeChartConditionalFormatting","resource-property-types"
"Add-VSQuickSightTemplateGaugeChartConditionalFormattingOption","resource-property-types"
"Add-VSQuickSightTemplateGaugeChartConfiguration","resource-property-types"
"Add-VSQuickSightTemplateGaugeChartFieldWells","resource-property-types"
"Add-VSQuickSightTemplateGaugeChartOptions","resource-property-types"
"Add-VSQuickSightTemplateGaugeChartPrimaryValueConditionalFormatting","resource-property-types"
"Add-VSQuickSightTemplateGaugeChartVisual","resource-property-types"
"Add-VSQuickSightTemplateGeospatialCoordinateBounds","resource-property-types"
"Add-VSQuickSightTemplateGeospatialHeatmapColorScale","resource-property-types"
"Add-VSQuickSightTemplateGeospatialHeatmapConfiguration","resource-property-types"
"Add-VSQuickSightTemplateGeospatialHeatmapDataColor","resource-property-types"
"Add-VSQuickSightTemplateGeospatialMapAggregatedFieldWells","resource-property-types"
"Add-VSQuickSightTemplateGeospatialMapConfiguration","resource-property-types"
"Add-VSQuickSightTemplateGeospatialMapFieldWells","resource-property-types"
"Add-VSQuickSightTemplateGeospatialMapStyleOptions","resource-property-types"
"Add-VSQuickSightTemplateGeospatialMapVisual","resource-property-types"
"Add-VSQuickSightTemplateGeospatialPointStyleOptions","resource-property-types"
"Add-VSQuickSightTemplateGeospatialWindowOptions","resource-property-types"
"Add-VSQuickSightTemplateGlobalTableBorderOptions","resource-property-types"
"Add-VSQuickSightTemplateGradientColor","resource-property-types"
"Add-VSQuickSightTemplateGradientStop","resource-property-types"
"Add-VSQuickSightTemplateGridLayoutCanvasSizeOptions","resource-property-types"
"Add-VSQuickSightTemplateGridLayoutConfiguration","resource-property-types"
"Add-VSQuickSightTemplateGridLayoutElement","resource-property-types"
"Add-VSQuickSightTemplateGridLayoutScreenCanvasSizeOptions","resource-property-types"
"Add-VSQuickSightTemplateGrowthRateComputation","resource-property-types"
"Add-VSQuickSightTemplateHeaderFooterSectionConfiguration","resource-property-types"
"Add-VSQuickSightTemplateHeatMapAggregatedFieldWells","resource-property-types"
"Add-VSQuickSightTemplateHeatMapConfiguration","resource-property-types"
"Add-VSQuickSightTemplateHeatMapFieldWells","resource-property-types"
"Add-VSQuickSightTemplateHeatMapSortConfiguration","resource-property-types"
"Add-VSQuickSightTemplateHeatMapVisual","resource-property-types"
"Add-VSQuickSightTemplateHistogramAggregatedFieldWells","resource-property-types"
"Add-VSQuickSightTemplateHistogramBinOptions","resource-property-types"
"Add-VSQuickSightTemplateHistogramConfiguration","resource-property-types"
"Add-VSQuickSightTemplateHistogramFieldWells","resource-property-types"
"Add-VSQuickSightTemplateHistogramVisual","resource-property-types"
"Add-VSQuickSightTemplateImageCustomAction","resource-property-types"
"Add-VSQuickSightTemplateImageCustomActionOperation","resource-property-types"
"Add-VSQuickSightTemplateImageInteractionOptions","resource-property-types"
"Add-VSQuickSightTemplateImageMenuOption","resource-property-types"
"Add-VSQuickSightTemplateInnerFilter","resource-property-types"
"Add-VSQuickSightTemplateInsightConfiguration","resource-property-types"
"Add-VSQuickSightTemplateInsightVisual","resource-property-types"
"Add-VSQuickSightTemplateIntegerDefaultValues","resource-property-types"
"Add-VSQuickSightTemplateIntegerParameterDeclaration","resource-property-types"
"Add-VSQuickSightTemplateIntegerValueWhenUnsetConfiguration","resource-property-types"
"Add-VSQuickSightTemplateItemsLimitConfiguration","resource-property-types"
"Add-VSQuickSightTemplateKPIActualValueConditionalFormatting","resource-property-types"
"Add-VSQuickSightTemplateKPIComparisonValueConditionalFormatting","resource-property-types"
"Add-VSQuickSightTemplateKPIConditionalFormatting","resource-property-types"
"Add-VSQuickSightTemplateKPIConditionalFormattingOption","resource-property-types"
"Add-VSQuickSightTemplateKPIConfiguration","resource-property-types"
"Add-VSQuickSightTemplateKPIFieldWells","resource-property-types"
"Add-VSQuickSightTemplateKPIOptions","resource-property-types"
"Add-VSQuickSightTemplateKPIPrimaryValueConditionalFormatting","resource-property-types"
"Add-VSQuickSightTemplateKPIProgressBarConditionalFormatting","resource-property-types"
"Add-VSQuickSightTemplateKPISortConfiguration","resource-property-types"
"Add-VSQuickSightTemplateKPISparklineOptions","resource-property-types"
"Add-VSQuickSightTemplateKPIVisual","resource-property-types"
"Add-VSQuickSightTemplateKPIVisualLayoutOptions","resource-property-types"
"Add-VSQuickSightTemplateKPIVisualStandardLayout","resource-property-types"
"Add-VSQuickSightTemplateLabelOptions","resource-property-types"
"Add-VSQuickSightTemplateLayout","resource-property-types"
"Add-VSQuickSightTemplateLayoutConfiguration","resource-property-types"
"Add-VSQuickSightTemplateLegendOptions","resource-property-types"
"Add-VSQuickSightTemplateLineChartAggregatedFieldWells","resource-property-types"
"Add-VSQuickSightTemplateLineChartConfiguration","resource-property-types"
"Add-VSQuickSightTemplateLineChartDefaultSeriesSettings","resource-property-types"
"Add-VSQuickSightTemplateLineChartFieldWells","resource-property-types"
"Add-VSQuickSightTemplateLineChartLineStyleSettings","resource-property-types"
"Add-VSQuickSightTemplateLineChartMarkerStyleSettings","resource-property-types"
"Add-VSQuickSightTemplateLineChartSeriesSettings","resource-property-types"
"Add-VSQuickSightTemplateLineChartSortConfiguration","resource-property-types"
"Add-VSQuickSightTemplateLineChartVisual","resource-property-types"
"Add-VSQuickSightTemplateLineSeriesAxisDisplayOptions","resource-property-types"
"Add-VSQuickSightTemplateListControlDisplayOptions","resource-property-types"
"Add-VSQuickSightTemplateListControlSearchOptions","resource-property-types"
"Add-VSQuickSightTemplateListControlSelectAllOptions","resource-property-types"
"Add-VSQuickSightTemplateLoadingAnimation","resource-property-types"
"Add-VSQuickSightTemplateLocalNavigationConfiguration","resource-property-types"
"Add-VSQuickSightTemplateLongFormatText","resource-property-types"
"Add-VSQuickSightTemplateMappedDataSetParameter","resource-property-types"
"Add-VSQuickSightTemplateMaximumLabelType","resource-property-types"
"Add-VSQuickSightTemplateMaximumMinimumComputation","resource-property-types"
"Add-VSQuickSightTemplateMeasureField","resource-property-types"
"Add-VSQuickSightTemplateMetricComparisonComputation","resource-property-types"
"Add-VSQuickSightTemplateMinimumLabelType","resource-property-types"
"Add-VSQuickSightTemplateMissingDataConfiguration","resource-property-types"
"Add-VSQuickSightTemplateNegativeValueConfiguration","resource-property-types"
"Add-VSQuickSightTemplateNestedFilter","resource-property-types"
"Add-VSQuickSightTemplateNullValueFormatConfiguration","resource-property-types"
"Add-VSQuickSightTemplateNumberDisplayFormatConfiguration","resource-property-types"
"Add-VSQuickSightTemplateNumberFormatConfiguration","resource-property-types"
"Add-VSQuickSightTemplateNumericalAggregationFunction","resource-property-types"
"Add-VSQuickSightTemplateNumericalDimensionField","resource-property-types"
"Add-VSQuickSightTemplateNumericalMeasureField","resource-property-types"
"Add-VSQuickSightTemplateNumericAxisOptions","resource-property-types"
"Add-VSQuickSightTemplateNumericEqualityDrillDownFilter","resource-property-types"
"Add-VSQuickSightTemplateNumericEqualityFilter","resource-property-types"
"Add-VSQuickSightTemplateNumericFormatConfiguration","resource-property-types"
"Add-VSQuickSightTemplateNumericRangeFilter","resource-property-types"
"Add-VSQuickSightTemplateNumericRangeFilterValue","resource-property-types"
"Add-VSQuickSightTemplateNumericSeparatorConfiguration","resource-property-types"
"Add-VSQuickSightTemplatePaginationConfiguration","resource-property-types"
"Add-VSQuickSightTemplatePanelConfiguration","resource-property-types"
"Add-VSQuickSightTemplatePanelTitleOptions","resource-property-types"
"Add-VSQuickSightTemplateParameterControl","resource-property-types"
"Add-VSQuickSightTemplateParameterDateTimePickerControl","resource-property-types"
"Add-VSQuickSightTemplateParameterDeclaration","resource-property-types"
"Add-VSQuickSightTemplateParameterDropDownControl","resource-property-types"
"Add-VSQuickSightTemplateParameterListControl","resource-property-types"
"Add-VSQuickSightTemplateParameterSelectableValues","resource-property-types"
"Add-VSQuickSightTemplateParameterSliderControl","resource-property-types"
"Add-VSQuickSightTemplateParameterTextAreaControl","resource-property-types"
"Add-VSQuickSightTemplateParameterTextFieldControl","resource-property-types"
"Add-VSQuickSightTemplatePercentageDisplayFormatConfiguration","resource-property-types"
"Add-VSQuickSightTemplatePercentileAggregation","resource-property-types"
"Add-VSQuickSightTemplatePercentVisibleRange","resource-property-types"
"Add-VSQuickSightTemplatePeriodOverPeriodComputation","resource-property-types"
"Add-VSQuickSightTemplatePeriodToDateComputation","resource-property-types"
"Add-VSQuickSightTemplatePieChartAggregatedFieldWells","resource-property-types"
"Add-VSQuickSightTemplatePieChartConfiguration","resource-property-types"
"Add-VSQuickSightTemplatePieChartFieldWells","resource-property-types"
"Add-VSQuickSightTemplatePieChartSortConfiguration","resource-property-types"
"Add-VSQuickSightTemplatePieChartVisual","resource-property-types"
"Add-VSQuickSightTemplatePivotFieldSortOptions","resource-property-types"
"Add-VSQuickSightTemplatePivotTableAggregatedFieldWells","resource-property-types"
"Add-VSQuickSightTemplatePivotTableCellConditionalFormatting","resource-property-types"
"Add-VSQuickSightTemplatePivotTableConditionalFormatting","resource-property-types"
"Add-VSQuickSightTemplatePivotTableConditionalFormattingOption","resource-property-types"
"Add-VSQuickSightTemplatePivotTableConditionalFormattingScope","resource-property-types"
"Add-VSQuickSightTemplatePivotTableConfiguration","resource-property-types"
"Add-VSQuickSightTemplatePivotTableDataPathOption","resource-property-types"
"Add-VSQuickSightTemplatePivotTableFieldCollapseStateOption","resource-property-types"
"Add-VSQuickSightTemplatePivotTableFieldCollapseStateTarget","resource-property-types"
"Add-VSQuickSightTemplatePivotTableFieldOption","resource-property-types"
"Add-VSQuickSightTemplatePivotTableFieldOptions","resource-property-types"
"Add-VSQuickSightTemplatePivotTableFieldSubtotalOptions","resource-property-types"
"Add-VSQuickSightTemplatePivotTableFieldWells","resource-property-types"
"Add-VSQuickSightTemplatePivotTableOptions","resource-property-types"
"Add-VSQuickSightTemplatePivotTablePaginatedReportOptions","resource-property-types"
"Add-VSQuickSightTemplatePivotTableRowsLabelOptions","resource-property-types"
"Add-VSQuickSightTemplatePivotTableSortBy","resource-property-types"
"Add-VSQuickSightTemplatePivotTableSortConfiguration","resource-property-types"
"Add-VSQuickSightTemplatePivotTableTotalOptions","resource-property-types"
"Add-VSQuickSightTemplatePivotTableVisual","resource-property-types"
"Add-VSQuickSightTemplatePivotTotalOptions","resource-property-types"
"Add-VSQuickSightTemplatePluginVisual","resource-property-types"
"Add-VSQuickSightTemplatePluginVisualConfiguration","resource-property-types"
"Add-VSQuickSightTemplatePluginVisualFieldWell","resource-property-types"
"Add-VSQuickSightTemplatePluginVisualItemsLimitConfiguration","resource-property-types"
"Add-VSQuickSightTemplatePluginVisualOptions","resource-property-types"
"Add-VSQuickSightTemplatePluginVisualProperty","resource-property-types"
"Add-VSQuickSightTemplatePluginVisualSortConfiguration","resource-property-types"
"Add-VSQuickSightTemplatePluginVisualTableQuerySort","resource-property-types"
"Add-VSQuickSightTemplatePredefinedHierarchy","resource-property-types"
"Add-VSQuickSightTemplateProgressBarOptions","resource-property-types"
"Add-VSQuickSightTemplateQueryExecutionOptions","resource-property-types"
"Add-VSQuickSightTemplateRadarChartAggregatedFieldWells","resource-property-types"
"Add-VSQuickSightTemplateRadarChartAreaStyleSettings","resource-property-types"
"Add-VSQuickSightTemplateRadarChartConfiguration","resource-property-types"
"Add-VSQuickSightTemplateRadarChartFieldWells","resource-property-types"
"Add-VSQuickSightTemplateRadarChartSeriesSettings","resource-property-types"
"Add-VSQuickSightTemplateRadarChartSortConfiguration","resource-property-types"
"Add-VSQuickSightTemplateRadarChartVisual","resource-property-types"
"Add-VSQuickSightTemplateRangeEndsLabelType","resource-property-types"
"Add-VSQuickSightTemplateReferenceLine","resource-property-types"
"Add-VSQuickSightTemplateReferenceLineCustomLabelConfiguration","resource-property-types"
"Add-VSQuickSightTemplateReferenceLineDataConfiguration","resource-property-types"
"Add-VSQuickSightTemplateReferenceLineDynamicDataConfiguration","resource-property-types"
"Add-VSQuickSightTemplateReferenceLineLabelConfiguration","resource-property-types"
"Add-VSQuickSightTemplateReferenceLineStaticDataConfiguration","resource-property-types"
"Add-VSQuickSightTemplateReferenceLineStyleConfiguration","resource-property-types"
"Add-VSQuickSightTemplateReferenceLineValueLabelConfiguration","resource-property-types"
"Add-VSQuickSightTemplateRelativeDatesFilter","resource-property-types"
"Add-VSQuickSightTemplateRelativeDateTimeControlDisplayOptions","resource-property-types"
"Add-VSQuickSightTemplateResourcePermission","resource-property-types"
"Add-VSQuickSightTemplateRollingDateConfiguration","resource-property-types"
"Add-VSQuickSightTemplateRowAlternateColorOptions","resource-property-types"
"Add-VSQuickSightTemplateSameSheetTargetVisualConfiguration","resource-property-types"
"Add-VSQuickSightTemplateSankeyDiagramAggregatedFieldWells","resource-property-types"
"Add-VSQuickSightTemplateSankeyDiagramChartConfiguration","resource-property-types"
"Add-VSQuickSightTemplateSankeyDiagramFieldWells","resource-property-types"
"Add-VSQuickSightTemplateSankeyDiagramSortConfiguration","resource-property-types"
"Add-VSQuickSightTemplateSankeyDiagramVisual","resource-property-types"
"Add-VSQuickSightTemplateScatterPlotCategoricallyAggregatedFieldWells","resource-property-types"
"Add-VSQuickSightTemplateScatterPlotConfiguration","resource-property-types"
"Add-VSQuickSightTemplateScatterPlotFieldWells","resource-property-types"
"Add-VSQuickSightTemplateScatterPlotSortConfiguration","resource-property-types"
"Add-VSQuickSightTemplateScatterPlotUnaggregatedFieldWells","resource-property-types"
"Add-VSQuickSightTemplateScatterPlotVisual","resource-property-types"
"Add-VSQuickSightTemplateScrollBarOptions","resource-property-types"
"Add-VSQuickSightTemplateSecondaryValueOptions","resource-property-types"
"Add-VSQuickSightTemplateSectionAfterPageBreak","resource-property-types"
"Add-VSQuickSightTemplateSectionBasedLayoutCanvasSizeOptions","resource-property-types"
"Add-VSQuickSightTemplateSectionBasedLayoutConfiguration","resource-property-types"
"Add-VSQuickSightTemplateSectionBasedLayoutPaperCanvasSizeOptions","resource-property-types"
"Add-VSQuickSightTemplateSectionLayoutConfiguration","resource-property-types"
"Add-VSQuickSightTemplateSectionPageBreakConfiguration","resource-property-types"
"Add-VSQuickSightTemplateSectionStyle","resource-property-types"
"Add-VSQuickSightTemplateSelectedSheetsFilterScopeConfiguration","resource-property-types"
"Add-VSQuickSightTemplateSeriesItem","resource-property-types"
"Add-VSQuickSightTemplateSetParameterValueConfiguration","resource-property-types"
"Add-VSQuickSightTemplateShapeConditionalFormat","resource-property-types"
"Add-VSQuickSightTemplateSheet","resource-property-types"
"Add-VSQuickSightTemplateSheetControlInfoIconLabelOptions","resource-property-types"
"Add-VSQuickSightTemplateSheetControlLayout","resource-property-types"
"Add-VSQuickSightTemplateSheetControlLayoutConfiguration","resource-property-types"
"Add-VSQuickSightTemplateSheetDefinition","resource-property-types"
"Add-VSQuickSightTemplateSheetElementConfigurationOverrides","resource-property-types"
"Add-VSQuickSightTemplateSheetElementRenderingRule","resource-property-types"
"Add-VSQuickSightTemplateSheetImage","resource-property-types"
"Add-VSQuickSightTemplateSheetImageScalingConfiguration","resource-property-types"
"Add-VSQuickSightTemplateSheetImageSource","resource-property-types"
"Add-VSQuickSightTemplateSheetImageStaticFileSource","resource-property-types"
"Add-VSQuickSightTemplateSheetImageTooltipConfiguration","resource-property-types"
"Add-VSQuickSightTemplateSheetImageTooltipText","resource-property-types"
"Add-VSQuickSightTemplateSheetTextBox","resource-property-types"
"Add-VSQuickSightTemplateSheetVisualScopingConfiguration","resource-property-types"
"Add-VSQuickSightTemplateShortFormatText","resource-property-types"
"Add-VSQuickSightTemplateSimpleClusterMarker","resource-property-types"
"Add-VSQuickSightTemplateSingleAxisOptions","resource-property-types"
"Add-VSQuickSightTemplateSliderControlDisplayOptions","resource-property-types"
"Add-VSQuickSightTemplateSmallMultiplesAxisProperties","resource-property-types"
"Add-VSQuickSightTemplateSmallMultiplesOptions","resource-property-types"
"Add-VSQuickSightTemplateSpacing","resource-property-types"
"Add-VSQuickSightTemplateStringDefaultValues","resource-property-types"
"Add-VSQuickSightTemplateStringFormatConfiguration","resource-property-types"
"Add-VSQuickSightTemplateStringParameterDeclaration","resource-property-types"
"Add-VSQuickSightTemplateStringValueWhenUnsetConfiguration","resource-property-types"
"Add-VSQuickSightTemplateSubtotalOptions","resource-property-types"
"Add-VSQuickSightTemplateTableAggregatedFieldWells","resource-property-types"
"Add-VSQuickSightTemplateTableBorderOptions","resource-property-types"
"Add-VSQuickSightTemplateTableCellConditionalFormatting","resource-property-types"
"Add-VSQuickSightTemplateTableCellImageSizingConfiguration","resource-property-types"
"Add-VSQuickSightTemplateTableCellStyle","resource-property-types"
"Add-VSQuickSightTemplateTableConditionalFormatting","resource-property-types"
"Add-VSQuickSightTemplateTableConditionalFormattingOption","resource-property-types"
"Add-VSQuickSightTemplateTableConfiguration","resource-property-types"
"Add-VSQuickSightTemplateTableFieldCustomIconContent","resource-property-types"
"Add-VSQuickSightTemplateTableFieldCustomTextContent","resource-property-types"
"Add-VSQuickSightTemplateTableFieldImageConfiguration","resource-property-types"
"Add-VSQuickSightTemplateTableFieldLinkConfiguration","resource-property-types"
"Add-VSQuickSightTemplateTableFieldLinkContentConfiguration","resource-property-types"
"Add-VSQuickSightTemplateTableFieldOption","resource-property-types"
"Add-VSQuickSightTemplateTableFieldOptions","resource-property-types"
"Add-VSQuickSightTemplateTableFieldURLConfiguration","resource-property-types"
"Add-VSQuickSightTemplateTableFieldWells","resource-property-types"
"Add-VSQuickSightTemplateTableInlineVisualization","resource-property-types"
"Add-VSQuickSightTemplateTableOptions","resource-property-types"
"Add-VSQuickSightTemplateTablePaginatedReportOptions","resource-property-types"
"Add-VSQuickSightTemplateTablePinnedFieldOptions","resource-property-types"
"Add-VSQuickSightTemplateTableRowConditionalFormatting","resource-property-types"
"Add-VSQuickSightTemplateTableSideBorderOptions","resource-property-types"
"Add-VSQuickSightTemplateTableSortConfiguration","resource-property-types"
"Add-VSQuickSightTemplateTableStyleTarget","resource-property-types"
"Add-VSQuickSightTemplateTableUnaggregatedFieldWells","resource-property-types"
"Add-VSQuickSightTemplateTableVisual","resource-property-types"
"Add-VSQuickSightTemplateTemplateError","resource-property-types"
"Add-VSQuickSightTemplateTemplateSourceAnalysis","resource-property-types"
"Add-VSQuickSightTemplateTemplateSourceEntity","resource-property-types"
"Add-VSQuickSightTemplateTemplateSourceTemplate","resource-property-types"
"Add-VSQuickSightTemplateTemplateVersion","resource-property-types"
"Add-VSQuickSightTemplateTemplateVersionDefinition","resource-property-types"
"Add-VSQuickSightTemplateTextAreaControlDisplayOptions","resource-property-types"
"Add-VSQuickSightTemplateTextConditionalFormat","resource-property-types"
"Add-VSQuickSightTemplateTextControlPlaceholderOptions","resource-property-types"
"Add-VSQuickSightTemplateTextFieldControlDisplayOptions","resource-property-types"
"Add-VSQuickSightTemplateThousandSeparatorOptions","resource-property-types"
"Add-VSQuickSightTemplateTimeBasedForecastProperties","resource-property-types"
"Add-VSQuickSightTemplateTimeEqualityFilter","resource-property-types"
"Add-VSQuickSightTemplateTimeRangeDrillDownFilter","resource-property-types"
"Add-VSQuickSightTemplateTimeRangeFilter","resource-property-types"
"Add-VSQuickSightTemplateTimeRangeFilterValue","resource-property-types"
"Add-VSQuickSightTemplateTooltipItem","resource-property-types"
"Add-VSQuickSightTemplateTooltipOptions","resource-property-types"
"Add-VSQuickSightTemplateTopBottomFilter","resource-property-types"
"Add-VSQuickSightTemplateTopBottomMoversComputation","resource-property-types"
"Add-VSQuickSightTemplateTopBottomRankedComputation","resource-property-types"
"Add-VSQuickSightTemplateTotalAggregationComputation","resource-property-types"
"Add-VSQuickSightTemplateTotalAggregationFunction","resource-property-types"
"Add-VSQuickSightTemplateTotalAggregationOption","resource-property-types"
"Add-VSQuickSightTemplateTotalOptions","resource-property-types"
"Add-VSQuickSightTemplateTransposedTableOption","resource-property-types"
"Add-VSQuickSightTemplateTreeMapAggregatedFieldWells","resource-property-types"
"Add-VSQuickSightTemplateTreeMapConfiguration","resource-property-types"
"Add-VSQuickSightTemplateTreeMapFieldWells","resource-property-types"
"Add-VSQuickSightTemplateTreeMapSortConfiguration","resource-property-types"
"Add-VSQuickSightTemplateTreeMapVisual","resource-property-types"
"Add-VSQuickSightTemplateTrendArrowOptions","resource-property-types"
"Add-VSQuickSightTemplateUnaggregatedField","resource-property-types"
"Add-VSQuickSightTemplateUniqueValuesComputation","resource-property-types"
"Add-VSQuickSightTemplateValidationStrategy","resource-property-types"
"Add-VSQuickSightTemplateVisibleRangeOptions","resource-property-types"
"Add-VSQuickSightTemplateVisual","resource-property-types"
"Add-VSQuickSightTemplateVisualCustomAction","resource-property-types"
"Add-VSQuickSightTemplateVisualCustomActionOperation","resource-property-types"
"Add-VSQuickSightTemplateVisualInteractionOptions","resource-property-types"
"Add-VSQuickSightTemplateVisualMenuOption","resource-property-types"
"Add-VSQuickSightTemplateVisualPalette","resource-property-types"
"Add-VSQuickSightTemplateVisualSubtitleLabelOptions","resource-property-types"
"Add-VSQuickSightTemplateVisualTitleLabelOptions","resource-property-types"
"Add-VSQuickSightTemplateWaterfallChartAggregatedFieldWells","resource-property-types"
"Add-VSQuickSightTemplateWaterfallChartColorConfiguration","resource-property-types"
"Add-VSQuickSightTemplateWaterfallChartConfiguration","resource-property-types"
"Add-VSQuickSightTemplateWaterfallChartFieldWells","resource-property-types"
"Add-VSQuickSightTemplateWaterfallChartGroupColorConfiguration","resource-property-types"
"Add-VSQuickSightTemplateWaterfallChartOptions","resource-property-types"
"Add-VSQuickSightTemplateWaterfallChartSortConfiguration","resource-property-types"
"Add-VSQuickSightTemplateWaterfallVisual","resource-property-types"
"Add-VSQuickSightTemplateWhatIfPointScenario","resource-property-types"
"Add-VSQuickSightTemplateWhatIfRangeScenario","resource-property-types"
"Add-VSQuickSightTemplateWordCloudAggregatedFieldWells","resource-property-types"
"Add-VSQuickSightTemplateWordCloudChartConfiguration","resource-property-types"
"Add-VSQuickSightTemplateWordCloudFieldWells","resource-property-types"
"Add-VSQuickSightTemplateWordCloudOptions","resource-property-types"
"Add-VSQuickSightTemplateWordCloudSortConfiguration","resource-property-types"
"Add-VSQuickSightTemplateWordCloudVisual","resource-property-types"
"Add-VSQuickSightTemplateYAxisOptions","resource-property-types"
"Add-VSQuickSightThemeBorderStyle","resource-property-types"
"Add-VSQuickSightThemeDataColorPalette","resource-property-types"
"Add-VSQuickSightThemeFont","resource-property-types"
"Add-VSQuickSightThemeFontConfiguration","resource-property-types"
"Add-VSQuickSightThemeFontSize","resource-property-types"
"Add-VSQuickSightThemeFontWeight","resource-property-types"
"Add-VSQuickSightThemeGutterStyle","resource-property-types"
"Add-VSQuickSightThemeMarginStyle","resource-property-types"
"Add-VSQuickSightThemeResourcePermission","resource-property-types"
"Add-VSQuickSightThemeSheetBackgroundStyle","resource-property-types"
"Add-VSQuickSightThemeSheetStyle","resource-property-types"
"Add-VSQuickSightThemeThemeConfiguration","resource-property-types"
"Add-VSQuickSightThemeThemeError","resource-property-types"
"Add-VSQuickSightThemeThemeVersion","resource-property-types"
"Add-VSQuickSightThemeTileLayoutStyle","resource-property-types"
"Add-VSQuickSightThemeTileStyle","resource-property-types"
"Add-VSQuickSightThemeTypography","resource-property-types"
"Add-VSQuickSightThemeUIColorPalette","resource-property-types"
"Add-VSQuickSightThemeVisualSubtitleFontConfiguration","resource-property-types"
"Add-VSQuickSightThemeVisualTitleFontConfiguration","resource-property-types"
"Add-VSQuickSightTopicCellValueSynonym","resource-property-types"
"Add-VSQuickSightTopicCollectiveConstant","resource-property-types"
"Add-VSQuickSightTopicComparativeOrder","resource-property-types"
"Add-VSQuickSightTopicCustomInstructions","resource-property-types"
"Add-VSQuickSightTopicDataAggregation","resource-property-types"
"Add-VSQuickSightTopicDatasetMetadata","resource-property-types"
"Add-VSQuickSightTopicDefaultFormatting","resource-property-types"
"Add-VSQuickSightTopicDisplayFormatOptions","resource-property-types"
"Add-VSQuickSightTopicNamedEntityDefinition","resource-property-types"
"Add-VSQuickSightTopicNamedEntityDefinitionMetric","resource-property-types"
"Add-VSQuickSightTopicNegativeFormat","resource-property-types"
"Add-VSQuickSightTopicRangeConstant","resource-property-types"
"Add-VSQuickSightTopicSemanticEntityType","resource-property-types"
"Add-VSQuickSightTopicSemanticType","resource-property-types"
"Add-VSQuickSightTopicTopicCalculatedField","resource-property-types"
"Add-VSQuickSightTopicTopicCategoryFilter","resource-property-types"
"Add-VSQuickSightTopicTopicCategoryFilterConstant","resource-property-types"
"Add-VSQuickSightTopicTopicColumn","resource-property-types"
"Add-VSQuickSightTopicTopicConfigOptions","resource-property-types"
"Add-VSQuickSightTopicTopicDateRangeFilter","resource-property-types"
"Add-VSQuickSightTopicTopicFilter","resource-property-types"
"Add-VSQuickSightTopicTopicNamedEntity","resource-property-types"
"Add-VSQuickSightTopicTopicNumericEqualityFilter","resource-property-types"
"Add-VSQuickSightTopicTopicNumericRangeFilter","resource-property-types"
"Add-VSQuickSightTopicTopicRangeFilterConstant","resource-property-types"
"Add-VSQuickSightTopicTopicRelativeDateFilter","resource-property-types"
"Add-VSQuickSightTopicTopicSingularFilterConstant","resource-property-types"
"Add-VSQuickSightVPCConnectionNetworkInterface","resource-property-types"
"Add-VSRbinRuleResourceTag","resource-property-types"
"Add-VSRbinRuleRetentionPeriod","resource-property-types"
"Add-VSRbinRuleUnlockDelay","resource-property-types"
"Add-VSRDSDBClusterDBClusterRole","resource-property-types"
"Add-VSRDSDBClusterEndpoint","resource-property-types"
"Add-VSRDSDBClusterMasterUserSecret","resource-property-types"
"Add-VSRDSDBClusterReadEndpoint","resource-property-types"
"Add-VSRDSDBClusterScalingConfiguration","resource-property-types"
"Add-VSRDSDBClusterServerlessV2ScalingConfiguration","resource-property-types"
"Add-VSRDSDBInstanceAdditionalStorageVolume","resource-property-types"
"Add-VSRDSDBInstanceCertificateDetails","resource-property-types"
"Add-VSRDSDBInstanceDBInstanceRole","resource-property-types"
"Add-VSRDSDBInstanceDBInstanceStatusInfo","resource-property-types"
"Add-VSRDSDBInstanceEndpoint","resource-property-types"
"Add-VSRDSDBInstanceMasterUserSecret","resource-property-types"
"Add-VSRDSDBInstanceProcessorFeature","resource-property-types"
"Add-VSRDSDBProxyAuthFormat","resource-property-types"
"Add-VSRDSDBProxyEndpointTagFormat","resource-property-types"
"Add-VSRDSDBProxyTagFormat","resource-property-types"
"Add-VSRDSDBProxyTargetGroupConnectionPoolConfigurationInfoFormat","resource-property-types"
"Add-VSRDSDBSecurityGroupIngress","resource-property-types"
"Add-VSRDSGlobalClusterGlobalEndpoint","resource-property-types"
"Add-VSRDSOptionGroupOptionConfiguration","resource-property-types"
"Add-VSRDSOptionGroupOptionSetting","resource-property-types"
"Add-VSRedshiftClusterEndpoint","resource-property-types"
"Add-VSRedshiftClusterLoggingProperties","resource-property-types"
"Add-VSRedshiftClusterParameterGroupParameter","resource-property-types"
"Add-VSRedshiftEndpointAccessNetworkInterface","resource-property-types"
"Add-VSRedshiftEndpointAccessVpcEndpoint","resource-property-types"
"Add-VSRedshiftEndpointAccessVpcSecurityGroup","resource-property-types"
"Add-VSRedshiftScheduledActionPauseClusterMessage","resource-property-types"
"Add-VSRedshiftScheduledActionResizeClusterMessage","resource-property-types"
"Add-VSRedshiftScheduledActionResumeClusterMessage","resource-property-types"
"Add-VSRedshiftScheduledActionScheduledActionType","resource-property-types"
"Add-VSRedshiftServerlessNamespaceNamespace","resource-property-types"
"Add-VSRedshiftServerlessNamespaceSnapshotCopyConfiguration","resource-property-types"
"Add-VSRedshiftServerlessSnapshotSnapshot","resource-property-types"
"Add-VSRedshiftServerlessWorkgroupConfigParameter","resource-property-types"
"Add-VSRedshiftServerlessWorkgroupEndpoint","resource-property-types"
"Add-VSRedshiftServerlessWorkgroupNetworkInterface","resource-property-types"
"Add-VSRedshiftServerlessWorkgroupPerformanceTarget","resource-property-types"
"Add-VSRedshiftServerlessWorkgroupVpcEndpoint","resource-property-types"
"Add-VSRedshiftServerlessWorkgroupWorkgroup","resource-property-types"
"Add-VSRefactorSpacesApplicationApiGatewayProxyInput","resource-property-types"
"Add-VSRefactorSpacesRouteDefaultRouteInput","resource-property-types"
"Add-VSRefactorSpacesRouteUriPathRouteInput","resource-property-types"
"Add-VSRefactorSpacesServiceLambdaEndpointInput","resource-property-types"
"Add-VSRefactorSpacesServiceUrlEndpointInput","resource-property-types"
"Add-VSRekognitionStreamProcessorBoundingBox","resource-property-types"
"Add-VSRekognitionStreamProcessorConnectedHomeSettings","resource-property-types"
"Add-VSRekognitionStreamProcessorDataSharingPreference","resource-property-types"
"Add-VSRekognitionStreamProcessorFaceSearchSettings","resource-property-types"
"Add-VSRekognitionStreamProcessorKinesisDataStream","resource-property-types"
"Add-VSRekognitionStreamProcessorKinesisVideoStream","resource-property-types"
"Add-VSRekognitionStreamProcessorNotificationChannel","resource-property-types"
"Add-VSRekognitionStreamProcessorS3Destination","resource-property-types"
"Add-VSResilienceHubAppEventSubscription","resource-property-types"
"Add-VSResilienceHubAppPermissionModel","resource-property-types"
"Add-VSResilienceHubAppPhysicalResourceId","resource-property-types"
"Add-VSResilienceHubAppResourceMapping","resource-property-types"
"Add-VSResilienceHubResiliencyPolicyFailurePolicy","resource-property-types"
"Add-VSResilienceHubResiliencyPolicyPolicyMap","resource-property-types"
"Add-VSResourceExplorer2ViewIncludedProperty","resource-property-types"
"Add-VSResourceExplorer2ViewSearchFilter","resource-property-types"
"Add-VSResourceGroupsGroupConfigurationItem","resource-property-types"
"Add-VSResourceGroupsGroupConfigurationParameter","resource-property-types"
"Add-VSResourceGroupsGroupQuery","resource-property-types"
"Add-VSResourceGroupsGroupResourceQuery","resource-property-types"
"Add-VSResourceGroupsGroupTagFilter","resource-property-types"
"Add-VSRoboMakerRobotApplicationRobotSoftwareSuite","resource-property-types"
"Add-VSRoboMakerRobotApplicationSourceConfig","resource-property-types"
"Add-VSRoboMakerSimulationApplicationRenderingEngine","resource-property-types"
"Add-VSRoboMakerSimulationApplicationRobotSoftwareSuite","resource-property-types"
"Add-VSRoboMakerSimulationApplicationSimulationSoftwareSuite","resource-property-types"
"Add-VSRoboMakerSimulationApplicationSourceConfig","resource-property-types"
"Add-VSRolesAnywhereProfileAttributeMapping","resource-property-types"
"Add-VSRolesAnywhereProfileMappingRule","resource-property-types"
"Add-VSRolesAnywhereTrustAnchorNotificationSetting","resource-property-types"
"Add-VSRolesAnywhereTrustAnchorSource","resource-property-types"
"Add-VSRolesAnywhereTrustAnchorSourceData","resource-property-types"
"Add-VSRoute53CidrCollectionLocation","resource-property-types"
"Add-VSRoute53HealthCheckAlarmIdentifier","resource-property-types"
"Add-VSRoute53HealthCheckHealthCheckConfig","resource-property-types"
"Add-VSRoute53HealthCheckHealthCheckTag","resource-property-types"
"Add-VSRoute53HostedZoneHostedZoneConfig","resource-property-types"
"Add-VSRoute53HostedZoneHostedZoneFeatures","resource-property-types"
"Add-VSRoute53HostedZoneHostedZoneTag","resource-property-types"
"Add-VSRoute53HostedZoneQueryLoggingConfig","resource-property-types"
"Add-VSRoute53HostedZoneVPC","resource-property-types"
"Add-VSRoute53RecordSetAliasTarget","resource-property-types"
"Add-VSRoute53RecordSetCidrRoutingConfig","resource-property-types"
"Add-VSRoute53RecordSetCoordinates","resource-property-types"
"Add-VSRoute53RecordSetGeoLocation","resource-property-types"
"Add-VSRoute53RecordSetGeoProximityLocation","resource-property-types"
"Add-VSRoute53RecordSetGroupAliasTarget","resource-property-types"
"Add-VSRoute53RecordSetGroupCidrRoutingConfig","resource-property-types"
"Add-VSRoute53RecordSetGroupCoordinates","resource-property-types"
"Add-VSRoute53RecordSetGroupGeoLocation","resource-property-types"
"Add-VSRoute53RecordSetGroupGeoProximityLocation","resource-property-types"
"Add-VSRoute53RecordSetGroupRecordSet","resource-property-types"
"Add-VSRoute53RecoveryControlClusterClusterEndpoint","resource-property-types"
"Add-VSRoute53RecoveryControlSafetyRuleAssertionRule","resource-property-types"
"Add-VSRoute53RecoveryControlSafetyRuleGatingRule","resource-property-types"
"Add-VSRoute53RecoveryControlSafetyRuleRuleConfig","resource-property-types"
"Add-VSRoute53RecoveryReadinessResourceSetDNSTargetResource","resource-property-types"
"Add-VSRoute53RecoveryReadinessResourceSetNLBResource","resource-property-types"
"Add-VSRoute53RecoveryReadinessResourceSetR53ResourceRecord","resource-property-types"
"Add-VSRoute53RecoveryReadinessResourceSetResource","resource-property-types"
"Add-VSRoute53RecoveryReadinessResourceSetTargetResource","resource-property-types"
"Add-VSRoute53ResolverFirewallRuleGroupFirewallRule","resource-property-types"
"Add-VSRoute53ResolverResolverEndpointIpAddressRequest","resource-property-types"
"Add-VSRoute53ResolverResolverRuleTargetAddress","resource-property-types"
"Add-VSRTBFabricInboundExternalLinkApplicationLogs","resource-property-types"
"Add-VSRTBFabricInboundExternalLinkLinkApplicationLogSampling","resource-property-types"
"Add-VSRTBFabricInboundExternalLinkLinkAttributes","resource-property-types"
"Add-VSRTBFabricInboundExternalLinkLinkLogSettings","resource-property-types"
"Add-VSRTBFabricInboundExternalLinkResponderErrorMaskingForHttpCode","resource-property-types"
"Add-VSRTBFabricLinkAction","resource-property-types"
"Add-VSRTBFabricLinkApplicationLogs","resource-property-types"
"Add-VSRTBFabricLinkFilter","resource-property-types"
"Add-VSRTBFabricLinkFilterCriterion","resource-property-types"
"Add-VSRTBFabricLinkHeaderTagAction","resource-property-types"
"Add-VSRTBFabricLinkLinkApplicationLogSampling","resource-property-types"
"Add-VSRTBFabricLinkLinkAttributes","resource-property-types"
"Add-VSRTBFabricLinkLinkLogSettings","resource-property-types"
"Add-VSRTBFabricLinkModuleConfiguration","resource-property-types"
"Add-VSRTBFabricLinkModuleParameters","resource-property-types"
"Add-VSRTBFabricLinkNoBidAction","resource-property-types"
"Add-VSRTBFabricLinkNoBidModuleParameters","resource-property-types"
"Add-VSRTBFabricLinkOpenRtbAttributeModuleParameters","resource-property-types"
"Add-VSRTBFabricLinkResponderErrorMaskingForHttpCode","resource-property-types"
"Add-VSRTBFabricOutboundExternalLinkApplicationLogs","resource-property-types"
"Add-VSRTBFabricOutboundExternalLinkLinkApplicationLogSampling","resource-property-types"
"Add-VSRTBFabricOutboundExternalLinkLinkAttributes","resource-property-types"
"Add-VSRTBFabricOutboundExternalLinkLinkLogSettings","resource-property-types"
"Add-VSRTBFabricOutboundExternalLinkResponderErrorMaskingForHttpCode","resource-property-types"
"Add-VSRTBFabricResponderGatewayAutoScalingGroupsConfiguration","resource-property-types"
"Add-VSRTBFabricResponderGatewayEksEndpointsConfiguration","resource-property-types"
"Add-VSRTBFabricResponderGatewayManagedEndpointConfiguration","resource-property-types"
"Add-VSRTBFabricResponderGatewayTrustStoreConfiguration","resource-property-types"
"Add-VSRUMAppMonitorAppMonitorConfiguration","resource-property-types"
"Add-VSRUMAppMonitorCustomEvents","resource-property-types"
"Add-VSRUMAppMonitorDeobfuscationConfiguration","resource-property-types"
"Add-VSRUMAppMonitorJavaScriptSourceMaps","resource-property-types"
"Add-VSRUMAppMonitorMetricDefinition","resource-property-types"
"Add-VSRUMAppMonitorMetricDestination","resource-property-types"
"Add-VSRUMAppMonitorResourcePolicy","resource-property-types"
"Add-VSS3AccessGrantAccessGrantsLocationConfiguration","resource-property-types"
"Add-VSS3AccessGrantGrantee","resource-property-types"
"Add-VSS3AccessPointPublicAccessBlockConfiguration","resource-property-types"
"Add-VSS3AccessPointVpcConfiguration","resource-property-types"
"Add-VSS3BucketAbortIncompleteMultipartUpload","resource-property-types"
"Add-VSS3BucketAccelerateConfiguration","resource-property-types"
"Add-VSS3BucketAccessControlTranslation","resource-property-types"
"Add-VSS3BucketAnalyticsConfiguration","resource-property-types"
"Add-VSS3BucketBlockedEncryptionTypes","resource-property-types"
"Add-VSS3BucketBucketEncryption","resource-property-types"
"Add-VSS3BucketCorsConfiguration","resource-property-types"
"Add-VSS3BucketCorsRule","resource-property-types"
"Add-VSS3BucketDataExport","resource-property-types"
"Add-VSS3BucketDefaultRetention","resource-property-types"
"Add-VSS3BucketDeleteMarkerReplication","resource-property-types"
"Add-VSS3BucketDestination","resource-property-types"
"Add-VSS3BucketEncryptionConfiguration","resource-property-types"
"Add-VSS3BucketEventBridgeConfiguration","resource-property-types"
"Add-VSS3BucketFilterRule","resource-property-types"
"Add-VSS3BucketIntelligentTieringConfiguration","resource-property-types"
"Add-VSS3BucketInventoryConfiguration","resource-property-types"
"Add-VSS3BucketInventoryTableConfiguration","resource-property-types"
"Add-VSS3BucketJournalTableConfiguration","resource-property-types"
"Add-VSS3BucketLambdaConfiguration","resource-property-types"
"Add-VSS3BucketLifecycleConfiguration","resource-property-types"
"Add-VSS3BucketLoggingConfiguration","resource-property-types"
"Add-VSS3BucketMetadataConfiguration","resource-property-types"
"Add-VSS3BucketMetadataDestination","resource-property-types"
"Add-VSS3BucketMetadataTableConfiguration","resource-property-types"
"Add-VSS3BucketMetadataTableEncryptionConfiguration","resource-property-types"
"Add-VSS3BucketMetrics","resource-property-types"
"Add-VSS3BucketMetricsConfiguration","resource-property-types"
"Add-VSS3BucketNoncurrentVersionExpiration","resource-property-types"
"Add-VSS3BucketNoncurrentVersionTransition","resource-property-types"
"Add-VSS3BucketNotificationConfiguration","resource-property-types"
"Add-VSS3BucketNotificationFilter","resource-property-types"
"Add-VSS3BucketObjectLockConfiguration","resource-property-types"
"Add-VSS3BucketObjectLockRule","resource-property-types"
"Add-VSS3BucketOwnershipControls","resource-property-types"
"Add-VSS3BucketOwnershipControlsRule","resource-property-types"
"Add-VSS3BucketPartitionedPrefix","resource-property-types"
"Add-VSS3BucketPublicAccessBlockConfiguration","resource-property-types"
"Add-VSS3BucketQueueConfiguration","resource-property-types"
"Add-VSS3BucketRecordExpiration","resource-property-types"
"Add-VSS3BucketRedirectAllRequestsTo","resource-property-types"
"Add-VSS3BucketRedirectRule","resource-property-types"
"Add-VSS3BucketReplicaModifications","resource-property-types"
"Add-VSS3BucketReplicationConfiguration","resource-property-types"
"Add-VSS3BucketReplicationDestination","resource-property-types"
"Add-VSS3BucketReplicationRule","resource-property-types"
"Add-VSS3BucketReplicationRuleAndOperator","resource-property-types"
"Add-VSS3BucketReplicationRuleFilter","resource-property-types"
"Add-VSS3BucketReplicationTime","resource-property-types"
"Add-VSS3BucketReplicationTimeValue","resource-property-types"
"Add-VSS3BucketRoutingRule","resource-property-types"
"Add-VSS3BucketRoutingRuleCondition","resource-property-types"
"Add-VSS3BucketRule","resource-property-types"
"Add-VSS3BucketS3KeyFilter","resource-property-types"
"Add-VSS3BucketS3TablesDestination","resource-property-types"
"Add-VSS3BucketServerSideEncryptionByDefault","resource-property-types"
"Add-VSS3BucketServerSideEncryptionRule","resource-property-types"
"Add-VSS3BucketSourceSelectionCriteria","resource-property-types"
"Add-VSS3BucketSseKmsEncryptedObjects","resource-property-types"
"Add-VSS3BucketStorageClassAnalysis","resource-property-types"
"Add-VSS3BucketTagFilter","resource-property-types"
"Add-VSS3BucketTargetObjectKeyFormat","resource-property-types"
"Add-VSS3BucketTiering","resource-property-types"
"Add-VSS3BucketTopicConfiguration","resource-property-types"
"Add-VSS3BucketTransition","resource-property-types"
"Add-VSS3BucketVersioningConfiguration","resource-property-types"
"Add-VSS3BucketWebsiteConfiguration","resource-property-types"
"Add-VSS3ExpressAccessPointPublicAccessBlockConfiguration","resource-property-types"
"Add-VSS3ExpressAccessPointScope","resource-property-types"
"Add-VSS3ExpressAccessPointVpcConfiguration","resource-property-types"
"Add-VSS3ExpressDirectoryBucketAbortIncompleteMultipartUpload","resource-property-types"
"Add-VSS3ExpressDirectoryBucketBucketEncryption","resource-property-types"
"Add-VSS3ExpressDirectoryBucketLifecycleConfiguration","resource-property-types"
"Add-VSS3ExpressDirectoryBucketRule","resource-property-types"
"Add-VSS3ExpressDirectoryBucketServerSideEncryptionByDefault","resource-property-types"
"Add-VSS3ExpressDirectoryBucketServerSideEncryptionRule","resource-property-types"
"Add-VSS3MultiRegionAccessPointPolicyPolicyStatus","resource-property-types"
"Add-VSS3MultiRegionAccessPointPublicAccessBlockConfiguration","resource-property-types"
"Add-VSS3MultiRegionAccessPointRegion","resource-property-types"
"Add-VSS3ObjectLambdaAccessPointAlias","resource-property-types"
"Add-VSS3ObjectLambdaAccessPointAwsLambda","resource-property-types"
"Add-VSS3ObjectLambdaAccessPointContentTransformation","resource-property-types"
"Add-VSS3ObjectLambdaAccessPointObjectLambdaConfiguration","resource-property-types"
"Add-VSS3ObjectLambdaAccessPointPublicAccessBlockConfiguration","resource-property-types"
"Add-VSS3ObjectLambdaAccessPointTransformationConfiguration","resource-property-types"
"Add-VSS3OutpostsAccessPointVpcConfiguration","resource-property-types"
"Add-VSS3OutpostsBucketAbortIncompleteMultipartUpload","resource-property-types"
"Add-VSS3OutpostsBucketFilter","resource-property-types"
"Add-VSS3OutpostsBucketFilterAndOperator","resource-property-types"
"Add-VSS3OutpostsBucketFilterTag","resource-property-types"
"Add-VSS3OutpostsBucketLifecycleConfiguration","resource-property-types"
"Add-VSS3OutpostsBucketRule","resource-property-types"
"Add-VSS3OutpostsEndpointFailedReason","resource-property-types"
"Add-VSS3OutpostsEndpointNetworkInterface","resource-property-types"
"Add-VSS3StorageLensAccountLevel","resource-property-types"
"Add-VSS3StorageLensActivityMetrics","resource-property-types"
"Add-VSS3StorageLensAdvancedCostOptimizationMetrics","resource-property-types"
"Add-VSS3StorageLensAdvancedDataProtectionMetrics","resource-property-types"
"Add-VSS3StorageLensAdvancedPerformanceMetrics","resource-property-types"
"Add-VSS3StorageLensAwsOrg","resource-property-types"
"Add-VSS3StorageLensBucketLevel","resource-property-types"
"Add-VSS3StorageLensBucketsAndRegions","resource-property-types"
"Add-VSS3StorageLensCloudWatchMetrics","resource-property-types"
"Add-VSS3StorageLensDataExport","resource-property-types"
"Add-VSS3StorageLensDetailedStatusCodesMetrics","resource-property-types"
"Add-VSS3StorageLensEncryption","resource-property-types"
"Add-VSS3StorageLensGroupAnd","resource-property-types"
"Add-VSS3StorageLensGroupFilter","resource-property-types"
"Add-VSS3StorageLensGroupMatchObjectAge","resource-property-types"
"Add-VSS3StorageLensGroupMatchObjectSize","resource-property-types"
"Add-VSS3StorageLensGroupOr","resource-property-types"
"Add-VSS3StorageLensPrefixLevel","resource-property-types"
"Add-VSS3StorageLensPrefixLevelStorageMetrics","resource-property-types"
"Add-VSS3StorageLensS3BucketDestination","resource-property-types"
"Add-VSS3StorageLensSelectionCriteria","resource-property-types"
"Add-VSS3StorageLensSSEKMS","resource-property-types"
"Add-VSS3StorageLensStorageLensConfiguration","resource-property-types"
"Add-VSS3StorageLensStorageLensExpandedPrefixesDataExport","resource-property-types"
"Add-VSS3StorageLensStorageLensGroupLevel","resource-property-types"
"Add-VSS3StorageLensStorageLensGroupSelectionCriteria","resource-property-types"
"Add-VSS3StorageLensStorageLensTableDestination","resource-property-types"
"Add-VSS3TablesTableBucketEncryptionConfiguration","resource-property-types"
"Add-VSS3TablesTableBucketMetricsConfiguration","resource-property-types"
"Add-VSS3TablesTableBucketStorageClassConfiguration","resource-property-types"
"Add-VSS3TablesTableBucketUnreferencedFileRemoval","resource-property-types"
"Add-VSS3TablesTableCompaction","resource-property-types"
"Add-VSS3TablesTableIcebergMetadata","resource-property-types"
"Add-VSS3TablesTableIcebergSchema","resource-property-types"
"Add-VSS3TablesTableSchemaField","resource-property-types"
"Add-VSS3TablesTableSnapshotManagement","resource-property-types"
"Add-VSS3TablesTableStorageClassConfiguration","resource-property-types"
"Add-VSS3VectorsIndexEncryptionConfiguration","resource-property-types"
"Add-VSS3VectorsIndexMetadataConfiguration","resource-property-types"
"Add-VSS3VectorsVectorBucketEncryptionConfiguration","resource-property-types"
"Add-VSSageMakerAppImageConfigCodeEditorAppImageConfig","resource-property-types"
"Add-VSSageMakerAppImageConfigContainerConfig","resource-property-types"
"Add-VSSageMakerAppImageConfigCustomImageContainerEnvironmentVariable","resource-property-types"
"Add-VSSageMakerAppImageConfigFileSystemConfig","resource-property-types"
"Add-VSSageMakerAppImageConfigJupyterLabAppImageConfig","resource-property-types"
"Add-VSSageMakerAppImageConfigKernelGatewayImageConfig","resource-property-types"
"Add-VSSageMakerAppImageConfigKernelSpec","resource-property-types"
"Add-VSSageMakerAppResourceSpec","resource-property-types"
"Add-VSSageMakerClusterAlarmDetails","resource-property-types"
"Add-VSSageMakerClusterCapacitySizeConfig","resource-property-types"
"Add-VSSageMakerClusterClusterAutoScalingConfig","resource-property-types"
"Add-VSSageMakerClusterClusterCapacityRequirements","resource-property-types"
"Add-VSSageMakerClusterClusterEbsVolumeConfig","resource-property-types"
"Add-VSSageMakerClusterClusterInstanceGroup","resource-property-types"
"Add-VSSageMakerClusterClusterInstanceStorageConfig","resource-property-types"
"Add-VSSageMakerClusterClusterKubernetesConfig","resource-property-types"
"Add-VSSageMakerClusterClusterKubernetesTaint","resource-property-types"
"Add-VSSageMakerClusterClusterLifeCycleConfig","resource-property-types"
"Add-VSSageMakerClusterClusterOrchestratorEksConfig","resource-property-types"
"Add-VSSageMakerClusterClusterRestrictedInstanceGroup","resource-property-types"
"Add-VSSageMakerClusterDeploymentConfig","resource-property-types"
"Add-VSSageMakerClusterEnvironmentConfig","resource-property-types"
"Add-VSSageMakerClusterFSxLustreConfig","resource-property-types"
"Add-VSSageMakerClusterOrchestrator","resource-property-types"
"Add-VSSageMakerClusterRollingUpdatePolicy","resource-property-types"
"Add-VSSageMakerClusterScheduledUpdateConfig","resource-property-types"
"Add-VSSageMakerClusterTieredStorageConfig","resource-property-types"
"Add-VSSageMakerClusterVpcConfig","resource-property-types"
"Add-VSSageMakerCodeRepositoryGitConfig","resource-property-types"
"Add-VSSageMakerDataQualityJobDefinitionBatchTransformInput","resource-property-types"
"Add-VSSageMakerDataQualityJobDefinitionClusterConfig","resource-property-types"
"Add-VSSageMakerDataQualityJobDefinitionConstraintsResource","resource-property-types"
"Add-VSSageMakerDataQualityJobDefinitionCsv","resource-property-types"
"Add-VSSageMakerDataQualityJobDefinitionDataQualityAppSpecification","resource-property-types"
"Add-VSSageMakerDataQualityJobDefinitionDataQualityBaselineConfig","resource-property-types"
"Add-VSSageMakerDataQualityJobDefinitionDataQualityJobInput","resource-property-types"
"Add-VSSageMakerDataQualityJobDefinitionDatasetFormat","resource-property-types"
"Add-VSSageMakerDataQualityJobDefinitionEndpointInput","resource-property-types"
"Add-VSSageMakerDataQualityJobDefinitionJson","resource-property-types"
"Add-VSSageMakerDataQualityJobDefinitionMonitoringOutput","resource-property-types"
"Add-VSSageMakerDataQualityJobDefinitionMonitoringOutputConfig","resource-property-types"
"Add-VSSageMakerDataQualityJobDefinitionMonitoringResources","resource-property-types"
"Add-VSSageMakerDataQualityJobDefinitionNetworkConfig","resource-property-types"
"Add-VSSageMakerDataQualityJobDefinitionS3Output","resource-property-types"
"Add-VSSageMakerDataQualityJobDefinitionStatisticsResource","resource-property-types"
"Add-VSSageMakerDataQualityJobDefinitionStoppingCondition","resource-property-types"
"Add-VSSageMakerDataQualityJobDefinitionVpcConfig","resource-property-types"
"Add-VSSageMakerDeviceDevice","resource-property-types"
"Add-VSSageMakerDeviceFleetEdgeOutputConfig","resource-property-types"
"Add-VSSageMakerDomainAppLifecycleManagement","resource-property-types"
"Add-VSSageMakerDomainCodeEditorAppSettings","resource-property-types"
"Add-VSSageMakerDomainCodeRepository","resource-property-types"
"Add-VSSageMakerDomainCustomFileSystemConfig","resource-property-types"
"Add-VSSageMakerDomainCustomImage","resource-property-types"
"Add-VSSageMakerDomainCustomPosixUserConfig","resource-property-types"
"Add-VSSageMakerDomainDefaultEbsStorageSettings","resource-property-types"
"Add-VSSageMakerDomainDefaultSpaceSettings","resource-property-types"
"Add-VSSageMakerDomainDefaultSpaceStorageSettings","resource-property-types"
"Add-VSSageMakerDomainDockerSettings","resource-property-types"
"Add-VSSageMakerDomainDomainSettings","resource-property-types"
"Add-VSSageMakerDomainEFSFileSystemConfig","resource-property-types"
"Add-VSSageMakerDomainFSxLustreFileSystemConfig","resource-property-types"
"Add-VSSageMakerDomainHiddenSageMakerImage","resource-property-types"
"Add-VSSageMakerDomainIdleSettings","resource-property-types"
"Add-VSSageMakerDomainJupyterLabAppSettings","resource-property-types"
"Add-VSSageMakerDomainJupyterServerAppSettings","resource-property-types"
"Add-VSSageMakerDomainKernelGatewayAppSettings","resource-property-types"
"Add-VSSageMakerDomainResourceSpec","resource-property-types"
"Add-VSSageMakerDomainRSessionAppSettings","resource-property-types"
"Add-VSSageMakerDomainRStudioServerProAppSettings","resource-property-types"
"Add-VSSageMakerDomainRStudioServerProDomainSettings","resource-property-types"
"Add-VSSageMakerDomainS3FileSystemConfig","resource-property-types"
"Add-VSSageMakerDomainSharingSettings","resource-property-types"
"Add-VSSageMakerDomainStudioWebPortalSettings","resource-property-types"
"Add-VSSageMakerDomainUnifiedStudioSettings","resource-property-types"
"Add-VSSageMakerDomainUserSettings","resource-property-types"
"Add-VSSageMakerEndpointAlarm","resource-property-types"
"Add-VSSageMakerEndpointAutoRollbackConfig","resource-property-types"
"Add-VSSageMakerEndpointBlueGreenUpdatePolicy","resource-property-types"
"Add-VSSageMakerEndpointCapacitySize","resource-property-types"
"Add-VSSageMakerEndpointConfigAsyncInferenceClientConfig","resource-property-types"
"Add-VSSageMakerEndpointConfigAsyncInferenceConfig","resource-property-types"
"Add-VSSageMakerEndpointConfigAsyncInferenceNotificationConfig","resource-property-types"
"Add-VSSageMakerEndpointConfigAsyncInferenceOutputConfig","resource-property-types"
"Add-VSSageMakerEndpointConfigCapacityReservationConfig","resource-property-types"
"Add-VSSageMakerEndpointConfigCaptureContentTypeHeader","resource-property-types"
"Add-VSSageMakerEndpointConfigCaptureOption","resource-property-types"
"Add-VSSageMakerEndpointConfigClarifyExplainerConfig","resource-property-types"
"Add-VSSageMakerEndpointConfigClarifyFeatureType","resource-property-types"
"Add-VSSageMakerEndpointConfigClarifyHeader","resource-property-types"
"Add-VSSageMakerEndpointConfigClarifyInferenceConfig","resource-property-types"
"Add-VSSageMakerEndpointConfigClarifyShapBaselineConfig","resource-property-types"
"Add-VSSageMakerEndpointConfigClarifyShapConfig","resource-property-types"
"Add-VSSageMakerEndpointConfigClarifyTextConfig","resource-property-types"
"Add-VSSageMakerEndpointConfigDataCaptureConfig","resource-property-types"
"Add-VSSageMakerEndpointConfigExplainerConfig","resource-property-types"
"Add-VSSageMakerEndpointConfigManagedInstanceScaling","resource-property-types"
"Add-VSSageMakerEndpointConfigProductionVariant","resource-property-types"
"Add-VSSageMakerEndpointConfigRoutingConfig","resource-property-types"
"Add-VSSageMakerEndpointConfigServerlessConfig","resource-property-types"
"Add-VSSageMakerEndpointConfigVpcConfig","resource-property-types"
"Add-VSSageMakerEndpointDeploymentConfig","resource-property-types"
"Add-VSSageMakerEndpointRollingUpdatePolicy","resource-property-types"
"Add-VSSageMakerEndpointTrafficRoutingConfig","resource-property-types"
"Add-VSSageMakerEndpointVariantProperty","resource-property-types"
"Add-VSSageMakerFeatureGroupDataCatalogConfig","resource-property-types"
"Add-VSSageMakerFeatureGroupFeatureDefinition","resource-property-types"
"Add-VSSageMakerFeatureGroupOfflineStoreConfig","resource-property-types"
"Add-VSSageMakerFeatureGroupOnlineStoreConfig","resource-property-types"
"Add-VSSageMakerFeatureGroupOnlineStoreSecurityConfig","resource-property-types"
"Add-VSSageMakerFeatureGroupS3StorageConfig","resource-property-types"
"Add-VSSageMakerFeatureGroupThroughputConfig","resource-property-types"
"Add-VSSageMakerFeatureGroupTtlDuration","resource-property-types"
"Add-VSSageMakerInferenceComponentAlarm","resource-property-types"
"Add-VSSageMakerInferenceComponentAutoRollbackConfiguration","resource-property-types"
"Add-VSSageMakerInferenceComponentDeployedImage","resource-property-types"
"Add-VSSageMakerInferenceComponentInferenceComponentCapacitySize","resource-property-types"
"Add-VSSageMakerInferenceComponentInferenceComponentComputeResourceRequirements","resource-property-types"
"Add-VSSageMakerInferenceComponentInferenceComponentContainerSpecification","resource-property-types"
"Add-VSSageMakerInferenceComponentInferenceComponentDeploymentConfig","resource-property-types"
"Add-VSSageMakerInferenceComponentInferenceComponentRollingUpdatePolicy","resource-property-types"
"Add-VSSageMakerInferenceComponentInferenceComponentRuntimeConfig","resource-property-types"
"Add-VSSageMakerInferenceComponentInferenceComponentSpecification","resource-property-types"
"Add-VSSageMakerInferenceComponentInferenceComponentStartupParameters","resource-property-types"
"Add-VSSageMakerInferenceExperimentCaptureContentTypeHeader","resource-property-types"
"Add-VSSageMakerInferenceExperimentDataStorageConfig","resource-property-types"
"Add-VSSageMakerInferenceExperimentEndpointMetadata","resource-property-types"
"Add-VSSageMakerInferenceExperimentInferenceExperimentSchedule","resource-property-types"
"Add-VSSageMakerInferenceExperimentModelInfrastructureConfig","resource-property-types"
"Add-VSSageMakerInferenceExperimentModelVariantConfig","resource-property-types"
"Add-VSSageMakerInferenceExperimentRealTimeInferenceConfig","resource-property-types"
"Add-VSSageMakerInferenceExperimentShadowModeConfig","resource-property-types"
"Add-VSSageMakerInferenceExperimentShadowModelVariantConfig","resource-property-types"
"Add-VSSageMakerModelAdditionalModelDataSource","resource-property-types"
"Add-VSSageMakerModelBiasJobDefinitionBatchTransformInput","resource-property-types"
"Add-VSSageMakerModelBiasJobDefinitionClusterConfig","resource-property-types"
"Add-VSSageMakerModelBiasJobDefinitionConstraintsResource","resource-property-types"
"Add-VSSageMakerModelBiasJobDefinitionCsv","resource-property-types"
"Add-VSSageMakerModelBiasJobDefinitionDatasetFormat","resource-property-types"
"Add-VSSageMakerModelBiasJobDefinitionEndpointInput","resource-property-types"
"Add-VSSageMakerModelBiasJobDefinitionJson","resource-property-types"
"Add-VSSageMakerModelBiasJobDefinitionModelBiasAppSpecification","resource-property-types"
"Add-VSSageMakerModelBiasJobDefinitionModelBiasBaselineConfig","resource-property-types"
"Add-VSSageMakerModelBiasJobDefinitionModelBiasJobInput","resource-property-types"
"Add-VSSageMakerModelBiasJobDefinitionMonitoringGroundTruthS3Input","resource-property-types"
"Add-VSSageMakerModelBiasJobDefinitionMonitoringOutput","resource-property-types"
"Add-VSSageMakerModelBiasJobDefinitionMonitoringOutputConfig","resource-property-types"
"Add-VSSageMakerModelBiasJobDefinitionMonitoringResources","resource-property-types"
"Add-VSSageMakerModelBiasJobDefinitionNetworkConfig","resource-property-types"
"Add-VSSageMakerModelBiasJobDefinitionS3Output","resource-property-types"
"Add-VSSageMakerModelBiasJobDefinitionStoppingCondition","resource-property-types"
"Add-VSSageMakerModelBiasJobDefinitionVpcConfig","resource-property-types"
"Add-VSSageMakerModelCardAdditionalInformation","resource-property-types"
"Add-VSSageMakerModelCardBusinessDetails","resource-property-types"
"Add-VSSageMakerModelCardContainer","resource-property-types"
"Add-VSSageMakerModelCardContent","resource-property-types"
"Add-VSSageMakerModelCardEvaluationDetail","resource-property-types"
"Add-VSSageMakerModelCardFunction","resource-property-types"
"Add-VSSageMakerModelCardInferenceEnvironment","resource-property-types"
"Add-VSSageMakerModelCardInferenceSpecification","resource-property-types"
"Add-VSSageMakerModelCardIntendedUses","resource-property-types"
"Add-VSSageMakerModelCardMetricDataItems","resource-property-types"
"Add-VSSageMakerModelCardMetricGroup","resource-property-types"
"Add-VSSageMakerModelCardModelOverview","resource-property-types"
"Add-VSSageMakerModelCardModelPackageCreator","resource-property-types"
"Add-VSSageMakerModelCardModelPackageDetails","resource-property-types"
"Add-VSSageMakerModelCardObjectiveFunction","resource-property-types"
"Add-VSSageMakerModelCardSecurityConfig","resource-property-types"
"Add-VSSageMakerModelCardSourceAlgorithm","resource-property-types"
"Add-VSSageMakerModelCardTrainingDetails","resource-property-types"
"Add-VSSageMakerModelCardTrainingEnvironment","resource-property-types"
"Add-VSSageMakerModelCardTrainingHyperParameter","resource-property-types"
"Add-VSSageMakerModelCardTrainingJobDetails","resource-property-types"
"Add-VSSageMakerModelCardTrainingMetric","resource-property-types"
"Add-VSSageMakerModelCardUserContext","resource-property-types"
"Add-VSSageMakerModelContainerDefinition","resource-property-types"
"Add-VSSageMakerModelExplainabilityJobDefinitionBatchTransformInput","resource-property-types"
"Add-VSSageMakerModelExplainabilityJobDefinitionClusterConfig","resource-property-types"
"Add-VSSageMakerModelExplainabilityJobDefinitionConstraintsResource","resource-property-types"
"Add-VSSageMakerModelExplainabilityJobDefinitionCsv","resource-property-types"
"Add-VSSageMakerModelExplainabilityJobDefinitionDatasetFormat","resource-property-types"
"Add-VSSageMakerModelExplainabilityJobDefinitionEndpointInput","resource-property-types"
"Add-VSSageMakerModelExplainabilityJobDefinitionJson","resource-property-types"
"Add-VSSageMakerModelExplainabilityJobDefinitionModelExplainabilityAppSpecification","resource-property-types"
"Add-VSSageMakerModelExplainabilityJobDefinitionModelExplainabilityBaselineConfig","resource-property-types"
"Add-VSSageMakerModelExplainabilityJobDefinitionModelExplainabilityJobInput","resource-property-types"
"Add-VSSageMakerModelExplainabilityJobDefinitionMonitoringOutput","resource-property-types"
"Add-VSSageMakerModelExplainabilityJobDefinitionMonitoringOutputConfig","resource-property-types"
"Add-VSSageMakerModelExplainabilityJobDefinitionMonitoringResources","resource-property-types"
"Add-VSSageMakerModelExplainabilityJobDefinitionNetworkConfig","resource-property-types"
"Add-VSSageMakerModelExplainabilityJobDefinitionS3Output","resource-property-types"
"Add-VSSageMakerModelExplainabilityJobDefinitionStoppingCondition","resource-property-types"
"Add-VSSageMakerModelExplainabilityJobDefinitionVpcConfig","resource-property-types"
"Add-VSSageMakerModelHubAccessConfig","resource-property-types"
"Add-VSSageMakerModelImageConfig","resource-property-types"
"Add-VSSageMakerModelInferenceExecutionConfig","resource-property-types"
"Add-VSSageMakerModelModelAccessConfig","resource-property-types"
"Add-VSSageMakerModelModelDataSource","resource-property-types"
"Add-VSSageMakerModelMultiModelConfig","resource-property-types"
"Add-VSSageMakerModelPackageAdditionalInferenceSpecificationDefinition","resource-property-types"
"Add-VSSageMakerModelPackageBias","resource-property-types"
"Add-VSSageMakerModelPackageDataSource","resource-property-types"
"Add-VSSageMakerModelPackageDriftCheckBaselines","resource-property-types"
"Add-VSSageMakerModelPackageDriftCheckBias","resource-property-types"
"Add-VSSageMakerModelPackageDriftCheckExplainability","resource-property-types"
"Add-VSSageMakerModelPackageDriftCheckModelDataQuality","resource-property-types"
"Add-VSSageMakerModelPackageDriftCheckModelQuality","resource-property-types"
"Add-VSSageMakerModelPackageExplainability","resource-property-types"
"Add-VSSageMakerModelPackageFileSource","resource-property-types"
"Add-VSSageMakerModelPackageInferenceSpecification","resource-property-types"
"Add-VSSageMakerModelPackageMetadataProperties","resource-property-types"
"Add-VSSageMakerModelPackageMetricsSource","resource-property-types"
"Add-VSSageMakerModelPackageModelAccessConfig","resource-property-types"
"Add-VSSageMakerModelPackageModelCard","resource-property-types"
"Add-VSSageMakerModelPackageModelDataQuality","resource-property-types"
"Add-VSSageMakerModelPackageModelDataSource","resource-property-types"
"Add-VSSageMakerModelPackageModelInput","resource-property-types"
"Add-VSSageMakerModelPackageModelMetrics","resource-property-types"
"Add-VSSageMakerModelPackageModelPackageContainerDefinition","resource-property-types"
"Add-VSSageMakerModelPackageModelPackageStatusDetails","resource-property-types"
"Add-VSSageMakerModelPackageModelPackageStatusItem","resource-property-types"
"Add-VSSageMakerModelPackageModelQuality","resource-property-types"
"Add-VSSageMakerModelPackageS3DataSource","resource-property-types"
"Add-VSSageMakerModelPackageS3ModelDataSource","resource-property-types"
"Add-VSSageMakerModelPackageSecurityConfig","resource-property-types"
"Add-VSSageMakerModelPackageSourceAlgorithm","resource-property-types"
"Add-VSSageMakerModelPackageSourceAlgorithmSpecification","resource-property-types"
"Add-VSSageMakerModelPackageTransformInput","resource-property-types"
"Add-VSSageMakerModelPackageTransformJobDefinition","resource-property-types"
"Add-VSSageMakerModelPackageTransformOutput","resource-property-types"
"Add-VSSageMakerModelPackageTransformResources","resource-property-types"
"Add-VSSageMakerModelPackageValidationProfile","resource-property-types"
"Add-VSSageMakerModelPackageValidationSpecification","resource-property-types"
"Add-VSSageMakerModelQualityJobDefinitionBatchTransformInput","resource-property-types"
"Add-VSSageMakerModelQualityJobDefinitionClusterConfig","resource-property-types"
"Add-VSSageMakerModelQualityJobDefinitionConstraintsResource","resource-property-types"
"Add-VSSageMakerModelQualityJobDefinitionCsv","resource-property-types"
"Add-VSSageMakerModelQualityJobDefinitionDatasetFormat","resource-property-types"
"Add-VSSageMakerModelQualityJobDefinitionEndpointInput","resource-property-types"
"Add-VSSageMakerModelQualityJobDefinitionJson","resource-property-types"
"Add-VSSageMakerModelQualityJobDefinitionModelQualityAppSpecification","resource-property-types"
"Add-VSSageMakerModelQualityJobDefinitionModelQualityBaselineConfig","resource-property-types"
"Add-VSSageMakerModelQualityJobDefinitionModelQualityJobInput","resource-property-types"
"Add-VSSageMakerModelQualityJobDefinitionMonitoringGroundTruthS3Input","resource-property-types"
"Add-VSSageMakerModelQualityJobDefinitionMonitoringOutput","resource-property-types"
"Add-VSSageMakerModelQualityJobDefinitionMonitoringOutputConfig","resource-property-types"
"Add-VSSageMakerModelQualityJobDefinitionMonitoringResources","resource-property-types"
"Add-VSSageMakerModelQualityJobDefinitionNetworkConfig","resource-property-types"
"Add-VSSageMakerModelQualityJobDefinitionS3Output","resource-property-types"
"Add-VSSageMakerModelQualityJobDefinitionStoppingCondition","resource-property-types"
"Add-VSSageMakerModelQualityJobDefinitionVpcConfig","resource-property-types"
"Add-VSSageMakerModelRepositoryAuthConfig","resource-property-types"
"Add-VSSageMakerModelS3DataSource","resource-property-types"
"Add-VSSageMakerModelVpcConfig","resource-property-types"
"Add-VSSageMakerMonitoringScheduleBaselineConfig","resource-property-types"
"Add-VSSageMakerMonitoringScheduleBatchTransformInput","resource-property-types"
"Add-VSSageMakerMonitoringScheduleClusterConfig","resource-property-types"
"Add-VSSageMakerMonitoringScheduleConstraintsResource","resource-property-types"
"Add-VSSageMakerMonitoringScheduleCsv","resource-property-types"
"Add-VSSageMakerMonitoringScheduleDatasetFormat","resource-property-types"
"Add-VSSageMakerMonitoringScheduleEndpointInput","resource-property-types"
"Add-VSSageMakerMonitoringScheduleJson","resource-property-types"
"Add-VSSageMakerMonitoringScheduleMonitoringAppSpecification","resource-property-types"
"Add-VSSageMakerMonitoringScheduleMonitoringExecutionSummary","resource-property-types"
"Add-VSSageMakerMonitoringScheduleMonitoringInput","resource-property-types"
"Add-VSSageMakerMonitoringScheduleMonitoringJobDefinition","resource-property-types"
"Add-VSSageMakerMonitoringScheduleMonitoringOutput","resource-property-types"
"Add-VSSageMakerMonitoringScheduleMonitoringOutputConfig","resource-property-types"
"Add-VSSageMakerMonitoringScheduleMonitoringResources","resource-property-types"
"Add-VSSageMakerMonitoringScheduleMonitoringScheduleConfig","resource-property-types"
"Add-VSSageMakerMonitoringScheduleNetworkConfig","resource-property-types"
"Add-VSSageMakerMonitoringScheduleS3Output","resource-property-types"
"Add-VSSageMakerMonitoringScheduleScheduleConfig","resource-property-types"
"Add-VSSageMakerMonitoringScheduleStatisticsResource","resource-property-types"
"Add-VSSageMakerMonitoringScheduleStoppingCondition","resource-property-types"
"Add-VSSageMakerMonitoringScheduleVpcConfig","resource-property-types"
"Add-VSSageMakerNotebookInstanceInstanceMetadataServiceConfiguration","resource-property-types"
"Add-VSSageMakerNotebookInstanceLifecycleConfigNotebookInstanceLifecycleHook","resource-property-types"
"Add-VSSageMakerPartnerAppPartnerAppConfig","resource-property-types"
"Add-VSSageMakerPartnerAppPartnerAppMaintenanceConfig","resource-property-types"
"Add-VSSageMakerPipelineParallelismConfiguration","resource-property-types"
"Add-VSSageMakerPipelinePipelineDefinition","resource-property-types"
"Add-VSSageMakerPipelineS3Location","resource-property-types"
"Add-VSSageMakerProcessingJobAppSpecification","resource-property-types"
"Add-VSSageMakerProcessingJobAthenaDatasetDefinition","resource-property-types"
"Add-VSSageMakerProcessingJobClusterConfig","resource-property-types"
"Add-VSSageMakerProcessingJobDatasetDefinition","resource-property-types"
"Add-VSSageMakerProcessingJobExperimentConfig","resource-property-types"
"Add-VSSageMakerProcessingJobFeatureStoreOutput","resource-property-types"
"Add-VSSageMakerProcessingJobNetworkConfig","resource-property-types"
"Add-VSSageMakerProcessingJobProcessingInputsObject","resource-property-types"
"Add-VSSageMakerProcessingJobProcessingOutputConfig","resource-property-types"
"Add-VSSageMakerProcessingJobProcessingOutputsObject","resource-property-types"
"Add-VSSageMakerProcessingJobProcessingResources","resource-property-types"
"Add-VSSageMakerProcessingJobRedshiftDatasetDefinition","resource-property-types"
"Add-VSSageMakerProcessingJobS3Input","resource-property-types"
"Add-VSSageMakerProcessingJobS3Output","resource-property-types"
"Add-VSSageMakerProcessingJobStoppingCondition","resource-property-types"
"Add-VSSageMakerProcessingJobVpcConfig","resource-property-types"
"Add-VSSageMakerProjectCfnStackParameter","resource-property-types"
"Add-VSSageMakerProjectCfnTemplateProviderDetail","resource-property-types"
"Add-VSSageMakerProjectProvisioningParameter","resource-property-types"
"Add-VSSageMakerProjectServiceCatalogProvisionedProductDetails","resource-property-types"
"Add-VSSageMakerProjectServiceCatalogProvisioningDetails","resource-property-types"
"Add-VSSageMakerProjectTemplateProviderDetail","resource-property-types"
"Add-VSSageMakerSpaceCodeRepository","resource-property-types"
"Add-VSSageMakerSpaceCustomFileSystem","resource-property-types"
"Add-VSSageMakerSpaceCustomImage","resource-property-types"
"Add-VSSageMakerSpaceEbsStorageSettings","resource-property-types"
"Add-VSSageMakerSpaceEFSFileSystem","resource-property-types"
"Add-VSSageMakerSpaceFSxLustreFileSystem","resource-property-types"
"Add-VSSageMakerSpaceJupyterServerAppSettings","resource-property-types"
"Add-VSSageMakerSpaceKernelGatewayAppSettings","resource-property-types"
"Add-VSSageMakerSpaceOwnershipSettings","resource-property-types"
"Add-VSSageMakerSpaceResourceSpec","resource-property-types"
"Add-VSSageMakerSpaceS3FileSystem","resource-property-types"
"Add-VSSageMakerSpaceSpaceAppLifecycleManagement","resource-property-types"
"Add-VSSageMakerSpaceSpaceCodeEditorAppSettings","resource-property-types"
"Add-VSSageMakerSpaceSpaceIdleSettings","resource-property-types"
"Add-VSSageMakerSpaceSpaceJupyterLabAppSettings","resource-property-types"
"Add-VSSageMakerSpaceSpaceSettings","resource-property-types"
"Add-VSSageMakerSpaceSpaceSharingSettings","resource-property-types"
"Add-VSSageMakerSpaceSpaceStorageSettings","resource-property-types"
"Add-VSSageMakerUserProfileAppLifecycleManagement","resource-property-types"
"Add-VSSageMakerUserProfileCodeEditorAppSettings","resource-property-types"
"Add-VSSageMakerUserProfileCodeRepository","resource-property-types"
"Add-VSSageMakerUserProfileCustomFileSystemConfig","resource-property-types"
"Add-VSSageMakerUserProfileCustomImage","resource-property-types"
"Add-VSSageMakerUserProfileCustomPosixUserConfig","resource-property-types"
"Add-VSSageMakerUserProfileDefaultEbsStorageSettings","resource-property-types"
"Add-VSSageMakerUserProfileDefaultSpaceStorageSettings","resource-property-types"
"Add-VSSageMakerUserProfileEFSFileSystemConfig","resource-property-types"
"Add-VSSageMakerUserProfileFSxLustreFileSystemConfig","resource-property-types"
"Add-VSSageMakerUserProfileHiddenSageMakerImage","resource-property-types"
"Add-VSSageMakerUserProfileIdleSettings","resource-property-types"
"Add-VSSageMakerUserProfileJupyterLabAppSettings","resource-property-types"
"Add-VSSageMakerUserProfileJupyterServerAppSettings","resource-property-types"
"Add-VSSageMakerUserProfileKernelGatewayAppSettings","resource-property-types"
"Add-VSSageMakerUserProfileResourceSpec","resource-property-types"
"Add-VSSageMakerUserProfileRStudioServerProAppSettings","resource-property-types"
"Add-VSSageMakerUserProfileS3FileSystemConfig","resource-property-types"
"Add-VSSageMakerUserProfileSharingSettings","resource-property-types"
"Add-VSSageMakerUserProfileStudioWebPortalSettings","resource-property-types"
"Add-VSSageMakerUserProfileUserSettings","resource-property-types"
"Add-VSSageMakerWorkteamCognitoMemberDefinition","resource-property-types"
"Add-VSSageMakerWorkteamMemberDefinition","resource-property-types"
"Add-VSSageMakerWorkteamNotificationConfiguration","resource-property-types"
"Add-VSSageMakerWorkteamOidcMemberDefinition","resource-property-types"
"Add-VSSchedulerScheduleAwsVpcConfiguration","resource-property-types"
"Add-VSSchedulerScheduleCapacityProviderStrategyItem","resource-property-types"
"Add-VSSchedulerScheduleDeadLetterConfig","resource-property-types"
"Add-VSSchedulerScheduleEcsParameters","resource-property-types"
"Add-VSSchedulerScheduleEventBridgeParameters","resource-property-types"
"Add-VSSchedulerScheduleFlexibleTimeWindow","resource-property-types"
"Add-VSSchedulerScheduleKinesisParameters","resource-property-types"
"Add-VSSchedulerScheduleNetworkConfiguration","resource-property-types"
"Add-VSSchedulerSchedulePlacementConstraint","resource-property-types"
"Add-VSSchedulerSchedulePlacementStrategy","resource-property-types"
"Add-VSSchedulerScheduleRetryPolicy","resource-property-types"
"Add-VSSchedulerScheduleSageMakerPipelineParameter","resource-property-types"
"Add-VSSchedulerScheduleSageMakerPipelineParameters","resource-property-types"
"Add-VSSchedulerScheduleSqsParameters","resource-property-types"
"Add-VSSchedulerScheduleTarget","resource-property-types"
"Add-VSSecretsManagerRotationScheduleExternalSecretRotationMetadataItem","resource-property-types"
"Add-VSSecretsManagerRotationScheduleHostedRotationLambda","resource-property-types"
"Add-VSSecretsManagerRotationScheduleRotationRules","resource-property-types"
"Add-VSSecretsManagerSecretGenerateSecretString","resource-property-types"
"Add-VSSecretsManagerSecretReplicaRegion","resource-property-types"
"Add-VSSecurityHubAutomationRuleAutomationRulesAction","resource-property-types"
"Add-VSSecurityHubAutomationRuleAutomationRulesFindingFieldsUpdate","resource-property-types"
"Add-VSSecurityHubAutomationRuleAutomationRulesFindingFilters","resource-property-types"
"Add-VSSecurityHubAutomationRuleDateFilter","resource-property-types"
"Add-VSSecurityHubAutomationRuleDateRange","resource-property-types"
"Add-VSSecurityHubAutomationRuleMapFilter","resource-property-types"
"Add-VSSecurityHubAutomationRuleNoteUpdate","resource-property-types"
"Add-VSSecurityHubAutomationRuleNumberFilter","resource-property-types"
"Add-VSSecurityHubAutomationRuleRelatedFinding","resource-property-types"
"Add-VSSecurityHubAutomationRuleSeverityUpdate","resource-property-types"
"Add-VSSecurityHubAutomationRuleStringFilter","resource-property-types"
"Add-VSSecurityHubAutomationRuleV2AutomationRulesActionV2","resource-property-types"
"Add-VSSecurityHubAutomationRuleV2AutomationRulesFindingFieldsUpdateV2","resource-property-types"
"Add-VSSecurityHubAutomationRuleV2BooleanFilter","resource-property-types"
"Add-VSSecurityHubAutomationRuleV2CompositeFilter","resource-property-types"
"Add-VSSecurityHubAutomationRuleV2Criteria","resource-property-types"
"Add-VSSecurityHubAutomationRuleV2DateFilter","resource-property-types"
"Add-VSSecurityHubAutomationRuleV2DateRange","resource-property-types"
"Add-VSSecurityHubAutomationRuleV2ExternalIntegrationConfiguration","resource-property-types"
"Add-VSSecurityHubAutomationRuleV2MapFilter","resource-property-types"
"Add-VSSecurityHubAutomationRuleV2NumberFilter","resource-property-types"
"Add-VSSecurityHubAutomationRuleV2OcsfBooleanFilter","resource-property-types"
"Add-VSSecurityHubAutomationRuleV2OcsfDateFilter","resource-property-types"
"Add-VSSecurityHubAutomationRuleV2OcsfFindingFilters","resource-property-types"
"Add-VSSecurityHubAutomationRuleV2OcsfMapFilter","resource-property-types"
"Add-VSSecurityHubAutomationRuleV2OcsfNumberFilter","resource-property-types"
"Add-VSSecurityHubAutomationRuleV2OcsfStringFilter","resource-property-types"
"Add-VSSecurityHubAutomationRuleV2StringFilter","resource-property-types"
"Add-VSSecurityHubAutomationRuleWorkflowUpdate","resource-property-types"
"Add-VSSecurityHubConfigurationPolicyParameterConfiguration","resource-property-types"
"Add-VSSecurityHubConfigurationPolicyParameterValue","resource-property-types"
"Add-VSSecurityHubConfigurationPolicyPolicy","resource-property-types"
"Add-VSSecurityHubConfigurationPolicySecurityControlCustomParameter","resource-property-types"
"Add-VSSecurityHubConfigurationPolicySecurityControlsConfiguration","resource-property-types"
"Add-VSSecurityHubConfigurationPolicySecurityHubPolicy","resource-property-types"
"Add-VSSecurityHubConnectorV2JiraCloudProviderConfiguration","resource-property-types"
"Add-VSSecurityHubConnectorV2Provider","resource-property-types"
"Add-VSSecurityHubConnectorV2ServiceNowProviderConfiguration","resource-property-types"
"Add-VSSecurityHubInsightAwsSecurityFindingFilters","resource-property-types"
"Add-VSSecurityHubInsightBooleanFilter","resource-property-types"
"Add-VSSecurityHubInsightDateFilter","resource-property-types"
"Add-VSSecurityHubInsightDateRange","resource-property-types"
"Add-VSSecurityHubInsightIpFilter","resource-property-types"
"Add-VSSecurityHubInsightMapFilter","resource-property-types"
"Add-VSSecurityHubInsightNumberFilter","resource-property-types"
"Add-VSSecurityHubInsightStringFilter","resource-property-types"
"Add-VSSecurityHubSecurityControlParameterConfiguration","resource-property-types"
"Add-VSSecurityHubSecurityControlParameterValue","resource-property-types"
"Add-VSSecurityHubStandardStandardsControl","resource-property-types"
"Add-VSSecurityLakeDataLakeEncryptionConfiguration","resource-property-types"
"Add-VSSecurityLakeDataLakeExpiration","resource-property-types"
"Add-VSSecurityLakeDataLakeLifecycleConfiguration","resource-property-types"
"Add-VSSecurityLakeDataLakeReplicationConfiguration","resource-property-types"
"Add-VSSecurityLakeDataLakeTransitions","resource-property-types"
"Add-VSSecurityLakeSubscriberAwsLogSource","resource-property-types"
"Add-VSSecurityLakeSubscriberCustomLogSource","resource-property-types"
"Add-VSSecurityLakeSubscriberNotificationHttpsNotificationConfiguration","resource-property-types"
"Add-VSSecurityLakeSubscriberNotificationNotificationConfiguration","resource-property-types"
"Add-VSSecurityLakeSubscriberSource","resource-property-types"
"Add-VSSecurityLakeSubscriberSubscriberIdentity","resource-property-types"
"Add-VSServiceCatalogCloudFormationProductCodeStarParameters","resource-property-types"
"Add-VSServiceCatalogCloudFormationProductConnectionParameters","resource-property-types"
"Add-VSServiceCatalogCloudFormationProductProvisioningArtifactProperties","resource-property-types"
"Add-VSServiceCatalogCloudFormationProductSourceConnection","resource-property-types"
"Add-VSServiceCatalogCloudFormationProvisionedProductProvisioningParameter","resource-property-types"
"Add-VSServiceCatalogCloudFormationProvisionedProductProvisioningPreferences","resource-property-types"
"Add-VSServiceCatalogServiceActionDefinitionParameter","resource-property-types"
"Add-VSServiceDiscoveryPrivateDnsNamespacePrivateDnsPropertiesMutable","resource-property-types"
"Add-VSServiceDiscoveryPrivateDnsNamespaceProperties","resource-property-types"
"Add-VSServiceDiscoveryPrivateDnsNamespaceSOA","resource-property-types"
"Add-VSServiceDiscoveryPublicDnsNamespaceProperties","resource-property-types"
"Add-VSServiceDiscoveryPublicDnsNamespacePublicDnsPropertiesMutable","resource-property-types"
"Add-VSServiceDiscoveryPublicDnsNamespaceSOA","resource-property-types"
"Add-VSServiceDiscoveryServiceDnsConfig","resource-property-types"
"Add-VSServiceDiscoveryServiceDnsRecord","resource-property-types"
"Add-VSServiceDiscoveryServiceHealthCheckConfig","resource-property-types"
"Add-VSServiceDiscoveryServiceHealthCheckCustomConfig","resource-property-types"
"Add-VSSESConfigurationSetConditionThreshold","resource-property-types"
"Add-VSSESConfigurationSetDashboardOptions","resource-property-types"
"Add-VSSESConfigurationSetDeliveryOptions","resource-property-types"
"Add-VSSESConfigurationSetEventDestinationCloudWatchDestination","resource-property-types"
"Add-VSSESConfigurationSetEventDestinationDimensionConfiguration","resource-property-types"
"Add-VSSESConfigurationSetEventDestinationEventBridgeDestination","resource-property-types"
"Add-VSSESConfigurationSetEventDestinationEventDestination","resource-property-types"
"Add-VSSESConfigurationSetEventDestinationKinesisFirehoseDestination","resource-property-types"
"Add-VSSESConfigurationSetEventDestinationSnsDestination","resource-property-types"
"Add-VSSESConfigurationSetGuardianOptions","resource-property-types"
"Add-VSSESConfigurationSetOverallConfidenceThreshold","resource-property-types"
"Add-VSSESConfigurationSetReputationOptions","resource-property-types"
"Add-VSSESConfigurationSetSendingOptions","resource-property-types"
"Add-VSSESConfigurationSetSuppressionOptions","resource-property-types"
"Add-VSSESConfigurationSetTrackingOptions","resource-property-types"
"Add-VSSESConfigurationSetValidationOptions","resource-property-types"
"Add-VSSESConfigurationSetVdmOptions","resource-property-types"
"Add-VSSESContactListTopic","resource-property-types"
"Add-VSSESEmailIdentityConfigurationSetAttributes","resource-property-types"
"Add-VSSESEmailIdentityDkimAttributes","resource-property-types"
"Add-VSSESEmailIdentityDkimSigningAttributes","resource-property-types"
"Add-VSSESEmailIdentityFeedbackAttributes","resource-property-types"
"Add-VSSESEmailIdentityMailFromAttributes","resource-property-types"
"Add-VSSESMailManagerArchiveArchiveRetention","resource-property-types"
"Add-VSSESMailManagerIngressPointIngressPointConfiguration","resource-property-types"
"Add-VSSESMailManagerIngressPointNetworkConfiguration","resource-property-types"
"Add-VSSESMailManagerIngressPointPrivateNetworkConfiguration","resource-property-types"
"Add-VSSESMailManagerIngressPointPublicNetworkConfiguration","resource-property-types"
"Add-VSSESMailManagerRelayRelayAuthentication","resource-property-types"
"Add-VSSESMailManagerRuleSetAddHeaderAction","resource-property-types"
"Add-VSSESMailManagerRuleSetAnalysis","resource-property-types"
"Add-VSSESMailManagerRuleSetArchiveAction","resource-property-types"
"Add-VSSESMailManagerRuleSetDeliverToMailboxAction","resource-property-types"
"Add-VSSESMailManagerRuleSetDeliverToQBusinessAction","resource-property-types"
"Add-VSSESMailManagerRuleSetRelayAction","resource-property-types"
"Add-VSSESMailManagerRuleSetReplaceRecipientAction","resource-property-types"
"Add-VSSESMailManagerRuleSetRule","resource-property-types"
"Add-VSSESMailManagerRuleSetRuleAction","resource-property-types"
"Add-VSSESMailManagerRuleSetRuleBooleanExpression","resource-property-types"
"Add-VSSESMailManagerRuleSetRuleBooleanToEvaluate","resource-property-types"
"Add-VSSESMailManagerRuleSetRuleCondition","resource-property-types"
"Add-VSSESMailManagerRuleSetRuleDmarcExpression","resource-property-types"
"Add-VSSESMailManagerRuleSetRuleIpExpression","resource-property-types"
"Add-VSSESMailManagerRuleSetRuleIpToEvaluate","resource-property-types"
"Add-VSSESMailManagerRuleSetRuleIsInAddressList","resource-property-types"
"Add-VSSESMailManagerRuleSetRuleNumberExpression","resource-property-types"
"Add-VSSESMailManagerRuleSetRuleNumberToEvaluate","resource-property-types"
"Add-VSSESMailManagerRuleSetRuleStringExpression","resource-property-types"
"Add-VSSESMailManagerRuleSetRuleStringToEvaluate","resource-property-types"
"Add-VSSESMailManagerRuleSetRuleVerdictExpression","resource-property-types"
"Add-VSSESMailManagerRuleSetRuleVerdictToEvaluate","resource-property-types"
"Add-VSSESMailManagerRuleSetS3Action","resource-property-types"
"Add-VSSESMailManagerRuleSetSendAction","resource-property-types"
"Add-VSSESMailManagerRuleSetSnsAction","resource-property-types"
"Add-VSSESMailManagerTrafficPolicyIngressAnalysis","resource-property-types"
"Add-VSSESMailManagerTrafficPolicyIngressBooleanExpression","resource-property-types"
"Add-VSSESMailManagerTrafficPolicyIngressBooleanToEvaluate","resource-property-types"
"Add-VSSESMailManagerTrafficPolicyIngressIpToEvaluate","resource-property-types"
"Add-VSSESMailManagerTrafficPolicyIngressIpv4Expression","resource-property-types"
"Add-VSSESMailManagerTrafficPolicyIngressIpv6Expression","resource-property-types"
"Add-VSSESMailManagerTrafficPolicyIngressIpv6ToEvaluate","resource-property-types"
"Add-VSSESMailManagerTrafficPolicyIngressIsInAddressList","resource-property-types"
"Add-VSSESMailManagerTrafficPolicyIngressStringExpression","resource-property-types"
"Add-VSSESMailManagerTrafficPolicyIngressStringToEvaluate","resource-property-types"
"Add-VSSESMailManagerTrafficPolicyIngressTlsProtocolExpression","resource-property-types"
"Add-VSSESMailManagerTrafficPolicyIngressTlsProtocolToEvaluate","resource-property-types"
"Add-VSSESMailManagerTrafficPolicyPolicyCondition","resource-property-types"
"Add-VSSESMailManagerTrafficPolicyPolicyStatement","resource-property-types"
"Add-VSSESMultiRegionEndpointDetails","resource-property-types"
"Add-VSSESMultiRegionEndpointRouteDetailsItems","resource-property-types"
"Add-VSSESReceiptFilterFilter","resource-property-types"
"Add-VSSESReceiptFilterIpFilter","resource-property-types"
"Add-VSSESReceiptRuleAction","resource-property-types"
"Add-VSSESReceiptRuleAddHeaderAction","resource-property-types"
"Add-VSSESReceiptRuleBounceAction","resource-property-types"
"Add-VSSESReceiptRuleConnectAction","resource-property-types"
"Add-VSSESReceiptRuleLambdaAction","resource-property-types"
"Add-VSSESReceiptRuleRule","resource-property-types"
"Add-VSSESReceiptRuleS3Action","resource-property-types"
"Add-VSSESReceiptRuleSNSAction","resource-property-types"
"Add-VSSESReceiptRuleStopAction","resource-property-types"
"Add-VSSESReceiptRuleWorkmailAction","resource-property-types"
"Add-VSSESTemplateTemplate","resource-property-types"
"Add-VSSESTenantResourceAssociation","resource-property-types"
"Add-VSSESVdmAttributesDashboardAttributes","resource-property-types"
"Add-VSSESVdmAttributesGuardianAttributes","resource-property-types"
"Add-VSShieldProactiveEngagementEmergencyContact","resource-property-types"
"Add-VSShieldProtectionAction","resource-property-types"
"Add-VSShieldProtectionApplicationLayerAutomaticResponseConfiguration","resource-property-types"
"Add-VSSignerSigningProfileSignatureValidityPeriod","resource-property-types"
"Add-VSSimSpaceWeaverSimulationS3Location","resource-property-types"
"Add-VSSMSVOICEConfigurationSetCloudWatchLogsDestination","resource-property-types"
"Add-VSSMSVOICEConfigurationSetEventDestination","resource-property-types"
"Add-VSSMSVOICEConfigurationSetKinesisFirehoseDestination","resource-property-types"
"Add-VSSMSVOICEConfigurationSetSnsDestination","resource-property-types"
"Add-VSSMSVOICEPhoneNumberMandatoryKeyword","resource-property-types"
"Add-VSSMSVOICEPhoneNumberMandatoryKeywords","resource-property-types"
"Add-VSSMSVOICEPhoneNumberOptionalKeyword","resource-property-types"
"Add-VSSMSVOICEPhoneNumberTwoWay","resource-property-types"
"Add-VSSMSVOICEPoolMandatoryKeyword","resource-property-types"
"Add-VSSMSVOICEPoolMandatoryKeywords","resource-property-types"
"Add-VSSMSVOICEPoolOptionalKeyword","resource-property-types"
"Add-VSSMSVOICEPoolTwoWay","resource-property-types"
"Add-VSSMSVOICEProtectConfigurationCountryRule","resource-property-types"
"Add-VSSMSVOICEProtectConfigurationCountryRuleSet","resource-property-types"
"Add-VSSNSTopicLoggingConfig","resource-property-types"
"Add-VSSNSTopicSubscription","resource-property-types"
"Add-VSSSMAssociationInstanceAssociationOutputLocation","resource-property-types"
"Add-VSSSMAssociationS3OutputLocation","resource-property-types"
"Add-VSSSMAssociationTarget","resource-property-types"
"Add-VSSSMContactsContactChannelTargetInfo","resource-property-types"
"Add-VSSSMContactsContactContactTargetInfo","resource-property-types"
"Add-VSSSMContactsContactStage","resource-property-types"
"Add-VSSSMContactsContactTargets","resource-property-types"
"Add-VSSSMContactsPlanChannelTargetInfo","resource-property-types"
"Add-VSSSMContactsPlanContactTargetInfo","resource-property-types"
"Add-VSSSMContactsPlanStage","resource-property-types"
"Add-VSSSMContactsPlanTargets","resource-property-types"
"Add-VSSSMContactsRotationCoverageTime","resource-property-types"
"Add-VSSSMContactsRotationMonthlySetting","resource-property-types"
"Add-VSSSMContactsRotationRecurrenceSettings","resource-property-types"
"Add-VSSSMContactsRotationShiftCoverage","resource-property-types"
"Add-VSSSMContactsRotationWeeklySetting","resource-property-types"
"Add-VSSSMDocumentAttachmentsSource","resource-property-types"
"Add-VSSSMDocumentDocumentRequires","resource-property-types"
"Add-VSSSMGuiConnectPreferencesConnectionRecordingPreferences","resource-property-types"
"Add-VSSSMGuiConnectPreferencesIdleConnectionAlert","resource-property-types"
"Add-VSSSMGuiConnectPreferencesIdleConnectionPreferences","resource-property-types"
"Add-VSSSMGuiConnectPreferencesIdleConnectionTimeout","resource-property-types"
"Add-VSSSMGuiConnectPreferencesRecordingDestinations","resource-property-types"
"Add-VSSSMGuiConnectPreferencesS3Bucket","resource-property-types"
"Add-VSSSMIncidentsReplicationSetRegionConfiguration","resource-property-types"
"Add-VSSSMIncidentsReplicationSetReplicationRegion","resource-property-types"
"Add-VSSSMIncidentsResponsePlanAction","resource-property-types"
"Add-VSSSMIncidentsResponsePlanChatChannel","resource-property-types"
"Add-VSSSMIncidentsResponsePlanDynamicSsmParameter","resource-property-types"
"Add-VSSSMIncidentsResponsePlanDynamicSsmParameterValue","resource-property-types"
"Add-VSSSMIncidentsResponsePlanIncidentTemplate","resource-property-types"
"Add-VSSSMIncidentsResponsePlanIntegration","resource-property-types"
"Add-VSSSMIncidentsResponsePlanNotificationTargetItem","resource-property-types"
"Add-VSSSMIncidentsResponsePlanPagerDutyConfiguration","resource-property-types"
"Add-VSSSMIncidentsResponsePlanPagerDutyIncidentConfiguration","resource-property-types"
"Add-VSSSMIncidentsResponsePlanSsmAutomation","resource-property-types"
"Add-VSSSMIncidentsResponsePlanSsmParameter","resource-property-types"
"Add-VSSSMMaintenanceWindowTargetTargets","resource-property-types"
"Add-VSSSMMaintenanceWindowTaskCloudWatchOutputConfig","resource-property-types"
"Add-VSSSMMaintenanceWindowTaskLoggingInfo","resource-property-types"
"Add-VSSSMMaintenanceWindowTaskMaintenanceWindowAutomationParameters","resource-property-types"
"Add-VSSSMMaintenanceWindowTaskMaintenanceWindowLambdaParameters","resource-property-types"
"Add-VSSSMMaintenanceWindowTaskMaintenanceWindowRunCommandParameters","resource-property-types"
"Add-VSSSMMaintenanceWindowTaskMaintenanceWindowStepFunctionsParameters","resource-property-types"
"Add-VSSSMMaintenanceWindowTaskNotificationConfig","resource-property-types"
"Add-VSSSMMaintenanceWindowTaskTarget","resource-property-types"
"Add-VSSSMMaintenanceWindowTaskTaskInvocationParameters","resource-property-types"
"Add-VSSSMPatchBaselinePatchFilter","resource-property-types"
"Add-VSSSMPatchBaselinePatchFilterGroup","resource-property-types"
"Add-VSSSMPatchBaselinePatchSource","resource-property-types"
"Add-VSSSMPatchBaselineRule","resource-property-types"
"Add-VSSSMPatchBaselineRuleGroup","resource-property-types"
"Add-VSSSMQuickSetupConfigurationManagerConfigurationDefinition","resource-property-types"
"Add-VSSSMQuickSetupConfigurationManagerStatusSummary","resource-property-types"
"Add-VSSSMResourceDataSyncAwsOrganizationsSource","resource-property-types"
"Add-VSSSMResourceDataSyncS3Destination","resource-property-types"
"Add-VSSSMResourceDataSyncSyncSource","resource-property-types"
"Add-VSSSOApplicationPortalOptionsConfiguration","resource-property-types"
"Add-VSSSOApplicationSignInOptions","resource-property-types"
"Add-VSSSOInstanceAccessControlAttributeConfigurationAccessControlAttribute","resource-property-types"
"Add-VSSSOInstanceAccessControlAttributeConfigurationAccessControlAttributeValue","resource-property-types"
"Add-VSSSOPermissionSetCustomerManagedPolicyReference","resource-property-types"
"Add-VSSSOPermissionSetPermissionsBoundary","resource-property-types"
"Add-VSStepFunctionsActivityEncryptionConfiguration","resource-property-types"
"Add-VSStepFunctionsActivityTagsEntry","resource-property-types"
"Add-VSStepFunctionsStateMachineAliasDeploymentPreference","resource-property-types"
"Add-VSStepFunctionsStateMachineAliasRoutingConfigurationVersion","resource-property-types"
"Add-VSStepFunctionsStateMachineCloudWatchLogsLogGroup","resource-property-types"
"Add-VSStepFunctionsStateMachineEncryptionConfiguration","resource-property-types"
"Add-VSStepFunctionsStateMachineLogDestination","resource-property-types"
"Add-VSStepFunctionsStateMachineLoggingConfiguration","resource-property-types"
"Add-VSStepFunctionsStateMachineS3Location","resource-property-types"
"Add-VSStepFunctionsStateMachineTagsEntry","resource-property-types"
"Add-VSStepFunctionsStateMachineTracingConfiguration","resource-property-types"
"Add-VSSyntheticsCanaryArtifactConfig","resource-property-types"
"Add-VSSyntheticsCanaryBaseScreenshot","resource-property-types"
"Add-VSSyntheticsCanaryBrowserConfig","resource-property-types"
"Add-VSSyntheticsCanaryCode","resource-property-types"
"Add-VSSyntheticsCanaryDependency","resource-property-types"
"Add-VSSyntheticsCanaryRetryConfig","resource-property-types"
"Add-VSSyntheticsCanaryRunConfig","resource-property-types"
"Add-VSSyntheticsCanaryS3Encryption","resource-property-types"
"Add-VSSyntheticsCanarySchedule","resource-property-types"
"Add-VSSyntheticsCanaryVisualReference","resource-property-types"
"Add-VSSyntheticsCanaryVPCConfig","resource-property-types"
"Add-VSSystemsManagerSAPApplicationComponentInfo","resource-property-types"
"Add-VSSystemsManagerSAPApplicationCredential","resource-property-types"
"Add-VSTag","resource-property-types"
"Add-VSTimestreamInfluxDBInstanceLogDeliveryConfiguration","resource-property-types"
"Add-VSTimestreamInfluxDBInstanceS3Configuration","resource-property-types"
"Add-VSTimestreamScheduledQueryDimensionMapping","resource-property-types"
"Add-VSTimestreamScheduledQueryErrorReportConfiguration","resource-property-types"
"Add-VSTimestreamScheduledQueryMixedMeasureMapping","resource-property-types"
"Add-VSTimestreamScheduledQueryMultiMeasureAttributeMapping","resource-property-types"
"Add-VSTimestreamScheduledQueryMultiMeasureMappings","resource-property-types"
"Add-VSTimestreamScheduledQueryNotificationConfiguration","resource-property-types"
"Add-VSTimestreamScheduledQueryS3Configuration","resource-property-types"
"Add-VSTimestreamScheduledQueryScheduleConfiguration","resource-property-types"
"Add-VSTimestreamScheduledQuerySnsConfiguration","resource-property-types"
"Add-VSTimestreamScheduledQueryTargetConfiguration","resource-property-types"
"Add-VSTimestreamScheduledQueryTimestreamConfiguration","resource-property-types"
"Add-VSTimestreamTableMagneticStoreRejectedDataLocation","resource-property-types"
"Add-VSTimestreamTableMagneticStoreWriteProperties","resource-property-types"
"Add-VSTimestreamTablePartitionKey","resource-property-types"
"Add-VSTimestreamTableRetentionProperties","resource-property-types"
"Add-VSTimestreamTableS3Configuration","resource-property-types"
"Add-VSTimestreamTableSchema","resource-property-types"
"Add-VSTransferAgreementCustomDirectories","resource-property-types"
"Add-VSTransferConnectorAs2Config","resource-property-types"
"Add-VSTransferConnectorConnectorEgressConfig","resource-property-types"
"Add-VSTransferConnectorConnectorVpcLatticeEgressConfig","resource-property-types"
"Add-VSTransferConnectorSftpConfig","resource-property-types"
"Add-VSTransferServerEndpointDetails","resource-property-types"
"Add-VSTransferServerIdentityProviderDetails","resource-property-types"
"Add-VSTransferServerProtocolDetails","resource-property-types"
"Add-VSTransferServerS3StorageOptions","resource-property-types"
"Add-VSTransferServerWorkflowDetail","resource-property-types"
"Add-VSTransferServerWorkflowDetails","resource-property-types"
"Add-VSTransferUserHomeDirectoryMapEntry","resource-property-types"
"Add-VSTransferUserPosixProfile","resource-property-types"
"Add-VSTransferWebAppIdentityProviderDetails","resource-property-types"
"Add-VSTransferWebAppWebAppCustomization","resource-property-types"
"Add-VSTransferWebAppWebAppUnits","resource-property-types"
"Add-VSTransferWorkflowCopyStepDetails","resource-property-types"
"Add-VSTransferWorkflowCustomStepDetails","resource-property-types"
"Add-VSTransferWorkflowDecryptStepDetails","resource-property-types"
"Add-VSTransferWorkflowDeleteStepDetails","resource-property-types"
"Add-VSTransferWorkflowEfsInputFileLocation","resource-property-types"
"Add-VSTransferWorkflowInputFileLocation","resource-property-types"
"Add-VSTransferWorkflowS3FileLocation","resource-property-types"
"Add-VSTransferWorkflowS3InputFileLocation","resource-property-types"
"Add-VSTransferWorkflowS3Tag","resource-property-types"
"Add-VSTransferWorkflowTagStepDetails","resource-property-types"
"Add-VSTransferWorkflowWorkflowStep","resource-property-types"
"Add-VSVerifiedPermissionsIdentitySourceCognitoGroupConfiguration","resource-property-types"
"Add-VSVerifiedPermissionsIdentitySourceCognitoUserPoolConfiguration","resource-property-types"
"Add-VSVerifiedPermissionsIdentitySourceIdentitySourceConfiguration","resource-property-types"
"Add-VSVerifiedPermissionsIdentitySourceOpenIdConnectAccessTokenConfiguration","resource-property-types"
"Add-VSVerifiedPermissionsIdentitySourceOpenIdConnectConfiguration","resource-property-types"
"Add-VSVerifiedPermissionsIdentitySourceOpenIdConnectGroupConfiguration","resource-property-types"
"Add-VSVerifiedPermissionsIdentitySourceOpenIdConnectIdentityTokenConfiguration","resource-property-types"
"Add-VSVerifiedPermissionsIdentitySourceOpenIdConnectTokenSelection","resource-property-types"
"Add-VSVerifiedPermissionsPolicyEntityIdentifier","resource-property-types"
"Add-VSVerifiedPermissionsPolicyPolicyDefinition","resource-property-types"
"Add-VSVerifiedPermissionsPolicyStaticPolicyDefinition","resource-property-types"
"Add-VSVerifiedPermissionsPolicyStoreDeletionProtection","resource-property-types"
"Add-VSVerifiedPermissionsPolicyStoreSchemaDefinition","resource-property-types"
"Add-VSVerifiedPermissionsPolicyStoreValidationSettings","resource-property-types"
"Add-VSVerifiedPermissionsPolicyTemplateLinkedPolicyDefinition","resource-property-types"
"Add-VSVoiceIDDomainServerSideEncryptionConfiguration","resource-property-types"
"Add-VSVpcLatticeDomainVerificationTxtMethodConfig","resource-property-types"
"Add-VSVpcLatticeListenerDefaultAction","resource-property-types"
"Add-VSVpcLatticeListenerFixedResponse","resource-property-types"
"Add-VSVpcLatticeListenerForward","resource-property-types"
"Add-VSVpcLatticeListenerWeightedTargetGroup","resource-property-types"
"Add-VSVpcLatticeResourceConfigurationDnsResource","resource-property-types"
"Add-VSVpcLatticeResourceConfigurationResourceConfigurationDefinition","resource-property-types"
"Add-VSVpcLatticeRuleAction","resource-property-types"
"Add-VSVpcLatticeRuleFixedResponse","resource-property-types"
"Add-VSVpcLatticeRuleForward","resource-property-types"
"Add-VSVpcLatticeRuleHeaderMatch","resource-property-types"
"Add-VSVpcLatticeRuleHeaderMatchType","resource-property-types"
"Add-VSVpcLatticeRuleHttpMatch","resource-property-types"
"Add-VSVpcLatticeRuleMatch","resource-property-types"
"Add-VSVpcLatticeRulePathMatch","resource-property-types"
"Add-VSVpcLatticeRulePathMatchType","resource-property-types"
"Add-VSVpcLatticeRuleWeightedTargetGroup","resource-property-types"
"Add-VSVpcLatticeServiceDnsEntry","resource-property-types"
"Add-VSVpcLatticeServiceNetworkServiceAssociationDnsEntry","resource-property-types"
"Add-VSVpcLatticeServiceNetworkSharingConfig","resource-property-types"
"Add-VSVpcLatticeServiceNetworkVpcAssociationDnsOptions","resource-property-types"
"Add-VSVpcLatticeTargetGroupHealthCheckConfig","resource-property-types"
"Add-VSVpcLatticeTargetGroupMatcher","resource-property-types"
"Add-VSVpcLatticeTargetGroupTarget","resource-property-types"
"Add-VSVpcLatticeTargetGroupTargetGroupConfig","resource-property-types"
"Add-VSWAFByteMatchSetByteMatchTuple","resource-property-types"
"Add-VSWAFByteMatchSetFieldToMatch","resource-property-types"
"Add-VSWAFIPSetIPSetDescriptor","resource-property-types"
"Add-VSWAFRegionalByteMatchSetByteMatchTuple","resource-property-types"
"Add-VSWAFRegionalByteMatchSetFieldToMatch","resource-property-types"
"Add-VSWAFRegionalGeoMatchSetGeoMatchConstraint","resource-property-types"
"Add-VSWAFRegionalIPSetIPSetDescriptor","resource-property-types"
"Add-VSWAFRegionalRateBasedRulePredicate","resource-property-types"
"Add-VSWAFRegionalRulePredicate","resource-property-types"
"Add-VSWAFRegionalSizeConstraintSetFieldToMatch","resource-property-types"
"Add-VSWAFRegionalSizeConstraintSetSizeConstraint","resource-property-types"
"Add-VSWAFRegionalSqlInjectionMatchSetFieldToMatch","resource-property-types"
"Add-VSWAFRegionalSqlInjectionMatchSetSqlInjectionMatchTuple","resource-property-types"
"Add-VSWAFRegionalWebACLAction","resource-property-types"
"Add-VSWAFRegionalWebACLRule","resource-property-types"
"Add-VSWAFRegionalXssMatchSetFieldToMatch","resource-property-types"
"Add-VSWAFRegionalXssMatchSetXssMatchTuple","resource-property-types"
"Add-VSWAFRulePredicate","resource-property-types"
"Add-VSWAFSizeConstraintSetFieldToMatch","resource-property-types"
"Add-VSWAFSizeConstraintSetSizeConstraint","resource-property-types"
"Add-VSWAFSqlInjectionMatchSetFieldToMatch","resource-property-types"
"Add-VSWAFSqlInjectionMatchSetSqlInjectionMatchTuple","resource-property-types"
"Add-VSWAFv2LoggingConfigurationActionCondition","resource-property-types"
"Add-VSWAFv2LoggingConfigurationCondition","resource-property-types"
"Add-VSWAFv2LoggingConfigurationFieldToMatch","resource-property-types"
"Add-VSWAFv2LoggingConfigurationFilter","resource-property-types"
"Add-VSWAFv2LoggingConfigurationLabelNameCondition","resource-property-types"
"Add-VSWAFv2LoggingConfigurationLoggingFilter","resource-property-types"
"Add-VSWAFv2LoggingConfigurationSingleHeader","resource-property-types"
"Add-VSWAFv2RuleGroupAllowAction","resource-property-types"
"Add-VSWAFv2RuleGroupAndStatement","resource-property-types"
"Add-VSWAFv2RuleGroupAsnMatchStatement","resource-property-types"
"Add-VSWAFv2RuleGroupBlockAction","resource-property-types"
"Add-VSWAFv2RuleGroupBody","resource-property-types"
"Add-VSWAFv2RuleGroupByteMatchStatement","resource-property-types"
"Add-VSWAFv2RuleGroupCaptchaAction","resource-property-types"
"Add-VSWAFv2RuleGroupCaptchaConfig","resource-property-types"
"Add-VSWAFv2RuleGroupChallengeAction","resource-property-types"
"Add-VSWAFv2RuleGroupChallengeConfig","resource-property-types"
"Add-VSWAFv2RuleGroupCookieMatchPattern","resource-property-types"
"Add-VSWAFv2RuleGroupCookies","resource-property-types"
"Add-VSWAFv2RuleGroupCountAction","resource-property-types"
"Add-VSWAFv2RuleGroupCustomHTTPHeader","resource-property-types"
"Add-VSWAFv2RuleGroupCustomRequestHandling","resource-property-types"
"Add-VSWAFv2RuleGroupCustomResponse","resource-property-types"
"Add-VSWAFv2RuleGroupCustomResponseBody","resource-property-types"
"Add-VSWAFv2RuleGroupFieldToMatch","resource-property-types"
"Add-VSWAFv2RuleGroupForwardedIPConfiguration","resource-property-types"
"Add-VSWAFv2RuleGroupGeoMatchStatement","resource-property-types"
"Add-VSWAFv2RuleGroupHeaderMatchPattern","resource-property-types"
"Add-VSWAFv2RuleGroupHeaders","resource-property-types"
"Add-VSWAFv2RuleGroupImmunityTimeProperty","resource-property-types"
"Add-VSWAFv2RuleGroupIPSetForwardedIPConfiguration","resource-property-types"
"Add-VSWAFv2RuleGroupIPSetReferenceStatement","resource-property-types"
"Add-VSWAFv2RuleGroupJA3Fingerprint","resource-property-types"
"Add-VSWAFv2RuleGroupJA4Fingerprint","resource-property-types"
"Add-VSWAFv2RuleGroupJsonBody","resource-property-types"
"Add-VSWAFv2RuleGroupJsonMatchPattern","resource-property-types"
"Add-VSWAFv2RuleGroupLabel","resource-property-types"
"Add-VSWAFv2RuleGroupLabelMatchStatement","resource-property-types"
"Add-VSWAFv2RuleGroupLabelSummary","resource-property-types"
"Add-VSWAFv2RuleGroupNotStatement","resource-property-types"
"Add-VSWAFv2RuleGroupOrStatement","resource-property-types"
"Add-VSWAFv2RuleGroupRateBasedStatement","resource-property-types"
"Add-VSWAFv2RuleGroupRateBasedStatementCustomKey","resource-property-types"
"Add-VSWAFv2RuleGroupRateLimitCookie","resource-property-types"
"Add-VSWAFv2RuleGroupRateLimitHeader","resource-property-types"
"Add-VSWAFv2RuleGroupRateLimitJA3Fingerprint","resource-property-types"
"Add-VSWAFv2RuleGroupRateLimitJA4Fingerprint","resource-property-types"
"Add-VSWAFv2RuleGroupRateLimitLabelNamespace","resource-property-types"
"Add-VSWAFv2RuleGroupRateLimitQueryArgument","resource-property-types"
"Add-VSWAFv2RuleGroupRateLimitQueryString","resource-property-types"
"Add-VSWAFv2RuleGroupRateLimitUriPath","resource-property-types"
"Add-VSWAFv2RuleGroupRegexMatchStatement","resource-property-types"
"Add-VSWAFv2RuleGroupRegexPatternSetReferenceStatement","resource-property-types"
"Add-VSWAFv2RuleGroupRule","resource-property-types"
"Add-VSWAFv2RuleGroupRuleAction","resource-property-types"
"Add-VSWAFv2RuleGroupSingleHeader","resource-property-types"
"Add-VSWAFv2RuleGroupSingleQueryArgument","resource-property-types"
"Add-VSWAFv2RuleGroupSizeConstraintStatement","resource-property-types"
"Add-VSWAFv2RuleGroupSqliMatchStatement","resource-property-types"
"Add-VSWAFv2RuleGroupStatement","resource-property-types"
"Add-VSWAFv2RuleGroupTextTransformation","resource-property-types"
"Add-VSWAFv2RuleGroupUriFragment","resource-property-types"
"Add-VSWAFv2RuleGroupVisibilityConfig","resource-property-types"
"Add-VSWAFv2RuleGroupXssMatchStatement","resource-property-types"
"Add-VSWAFv2WebACLAllowAction","resource-property-types"
"Add-VSWAFv2WebACLAndStatement","resource-property-types"
"Add-VSWAFv2WebACLApplicationAttribute","resource-property-types"
"Add-VSWAFv2WebACLApplicationConfig","resource-property-types"
"Add-VSWAFv2WebACLAsnMatchStatement","resource-property-types"
"Add-VSWAFv2WebACLAssociationConfig","resource-property-types"
"Add-VSWAFv2WebACLAWSManagedRulesACFPRuleSet","resource-property-types"
"Add-VSWAFv2WebACLAWSManagedRulesAntiDDoSRuleSet","resource-property-types"
"Add-VSWAFv2WebACLAWSManagedRulesATPRuleSet","resource-property-types"
"Add-VSWAFv2WebACLAWSManagedRulesBotControlRuleSet","resource-property-types"
"Add-VSWAFv2WebACLBlockAction","resource-property-types"
"Add-VSWAFv2WebACLBody","resource-property-types"
"Add-VSWAFv2WebACLByteMatchStatement","resource-property-types"
"Add-VSWAFv2WebACLCaptchaAction","resource-property-types"
"Add-VSWAFv2WebACLCaptchaConfig","resource-property-types"
"Add-VSWAFv2WebACLChallengeAction","resource-property-types"
"Add-VSWAFv2WebACLChallengeConfig","resource-property-types"
"Add-VSWAFv2WebACLClientSideAction","resource-property-types"
"Add-VSWAFv2WebACLClientSideActionConfig","resource-property-types"
"Add-VSWAFv2WebACLCookieMatchPattern","resource-property-types"
"Add-VSWAFv2WebACLCookies","resource-property-types"
"Add-VSWAFv2WebACLCountAction","resource-property-types"
"Add-VSWAFv2WebACLCustomHTTPHeader","resource-property-types"
"Add-VSWAFv2WebACLCustomRequestHandling","resource-property-types"
"Add-VSWAFv2WebACLCustomResponse","resource-property-types"
"Add-VSWAFv2WebACLCustomResponseBody","resource-property-types"
"Add-VSWAFv2WebACLDataProtect","resource-property-types"
"Add-VSWAFv2WebACLDataProtectionConfig","resource-property-types"
"Add-VSWAFv2WebACLDefaultAction","resource-property-types"
"Add-VSWAFv2WebACLExcludedRule","resource-property-types"
"Add-VSWAFv2WebACLFieldIdentifier","resource-property-types"
"Add-VSWAFv2WebACLFieldToMatch","resource-property-types"
"Add-VSWAFv2WebACLFieldToProtect","resource-property-types"
"Add-VSWAFv2WebACLForwardedIPConfiguration","resource-property-types"
"Add-VSWAFv2WebACLGeoMatchStatement","resource-property-types"
"Add-VSWAFv2WebACLHeaderMatchPattern","resource-property-types"
"Add-VSWAFv2WebACLHeaders","resource-property-types"
"Add-VSWAFv2WebACLImmunityTimeProperty","resource-property-types"
"Add-VSWAFv2WebACLIPSetForwardedIPConfiguration","resource-property-types"
"Add-VSWAFv2WebACLIPSetReferenceStatement","resource-property-types"
"Add-VSWAFv2WebACLJA3Fingerprint","resource-property-types"
"Add-VSWAFv2WebACLJA4Fingerprint","resource-property-types"
"Add-VSWAFv2WebACLJsonBody","resource-property-types"
"Add-VSWAFv2WebACLJsonMatchPattern","resource-property-types"
"Add-VSWAFv2WebACLLabel","resource-property-types"
"Add-VSWAFv2WebACLLabelMatchStatement","resource-property-types"
"Add-VSWAFv2WebACLManagedRuleGroupConfig","resource-property-types"
"Add-VSWAFv2WebACLManagedRuleGroupStatement","resource-property-types"
"Add-VSWAFv2WebACLNotStatement","resource-property-types"
"Add-VSWAFv2WebACLOnSourceDDoSProtectionConfig","resource-property-types"
"Add-VSWAFv2WebACLOrStatement","resource-property-types"
"Add-VSWAFv2WebACLOverrideAction","resource-property-types"
"Add-VSWAFv2WebACLRateBasedStatement","resource-property-types"
"Add-VSWAFv2WebACLRateBasedStatementCustomKey","resource-property-types"
"Add-VSWAFv2WebACLRateLimitCookie","resource-property-types"
"Add-VSWAFv2WebACLRateLimitHeader","resource-property-types"
"Add-VSWAFv2WebACLRateLimitJA3Fingerprint","resource-property-types"
"Add-VSWAFv2WebACLRateLimitJA4Fingerprint","resource-property-types"
"Add-VSWAFv2WebACLRateLimitLabelNamespace","resource-property-types"
"Add-VSWAFv2WebACLRateLimitQueryArgument","resource-property-types"
"Add-VSWAFv2WebACLRateLimitQueryString","resource-property-types"
"Add-VSWAFv2WebACLRateLimitUriPath","resource-property-types"
"Add-VSWAFv2WebACLRegex","resource-property-types"
"Add-VSWAFv2WebACLRegexMatchStatement","resource-property-types"
"Add-VSWAFv2WebACLRegexPatternSetReferenceStatement","resource-property-types"
"Add-VSWAFv2WebACLRequestBodyAssociatedResourceTypeConfig","resource-property-types"
"Add-VSWAFv2WebACLRequestInspection","resource-property-types"
"Add-VSWAFv2WebACLRequestInspectionACFP","resource-property-types"
"Add-VSWAFv2WebACLResponseInspection","resource-property-types"
"Add-VSWAFv2WebACLResponseInspectionBodyContains","resource-property-types"
"Add-VSWAFv2WebACLResponseInspectionHeader","resource-property-types"
"Add-VSWAFv2WebACLResponseInspectionJson","resource-property-types"
"Add-VSWAFv2WebACLResponseInspectionStatusCode","resource-property-types"
"Add-VSWAFv2WebACLRule","resource-property-types"
"Add-VSWAFv2WebACLRuleAction","resource-property-types"
"Add-VSWAFv2WebACLRuleActionOverride","resource-property-types"
"Add-VSWAFv2WebACLRuleGroupReferenceStatement","resource-property-types"
"Add-VSWAFv2WebACLSingleHeader","resource-property-types"
"Add-VSWAFv2WebACLSingleQueryArgument","resource-property-types"
"Add-VSWAFv2WebACLSizeConstraintStatement","resource-property-types"
"Add-VSWAFv2WebACLSqliMatchStatement","resource-property-types"
"Add-VSWAFv2WebACLStatement","resource-property-types"
"Add-VSWAFv2WebACLTextTransformation","resource-property-types"
"Add-VSWAFv2WebACLUriFragment","resource-property-types"
"Add-VSWAFv2WebACLVisibilityConfig","resource-property-types"
"Add-VSWAFv2WebACLXssMatchStatement","resource-property-types"
"Add-VSWAFWebACLActivatedRule","resource-property-types"
"Add-VSWAFWebACLWafAction","resource-property-types"
"Add-VSWAFXssMatchSetFieldToMatch","resource-property-types"
"Add-VSWAFXssMatchSetXssMatchTuple","resource-property-types"
"Add-VSWisdomAIAgentAIAgentConfiguration","resource-property-types"
"Add-VSWisdomAIAgentAnswerRecommendationAIAgentConfiguration","resource-property-types"
"Add-VSWisdomAIAgentAssociationConfiguration","resource-property-types"
"Add-VSWisdomAIAgentAssociationConfigurationData","resource-property-types"
"Add-VSWisdomAIAgentCaseSummarizationAIAgentConfiguration","resource-property-types"
"Add-VSWisdomAIAgentEmailGenerativeAnswerAIAgentConfiguration","resource-property-types"
"Add-VSWisdomAIAgentEmailOverviewAIAgentConfiguration","resource-property-types"
"Add-VSWisdomAIAgentEmailResponseAIAgentConfiguration","resource-property-types"
"Add-VSWisdomAIAgentKnowledgeBaseAssociationConfigurationData","resource-property-types"
"Add-VSWisdomAIAgentManualSearchAIAgentConfiguration","resource-property-types"
"Add-VSWisdomAIAgentNoteTakingAIAgentConfiguration","resource-property-types"
"Add-VSWisdomAIAgentOrchestrationAIAgentConfiguration","resource-property-types"
"Add-VSWisdomAIAgentOrCondition","resource-property-types"
"Add-VSWisdomAIAgentSelfServiceAIAgentConfiguration","resource-property-types"
"Add-VSWisdomAIAgentTagCondition","resource-property-types"
"Add-VSWisdomAIAgentTagFilter","resource-property-types"
"Add-VSWisdomAIAgentToolConfiguration","resource-property-types"
"Add-VSWisdomAIAgentToolInstruction","resource-property-types"
"Add-VSWisdomAIAgentToolOutputConfiguration","resource-property-types"
"Add-VSWisdomAIAgentToolOutputFilter","resource-property-types"
"Add-VSWisdomAIAgentToolOverrideConstantInputValue","resource-property-types"
"Add-VSWisdomAIAgentToolOverrideInputValue","resource-property-types"
"Add-VSWisdomAIAgentToolOverrideInputValueConfiguration","resource-property-types"
"Add-VSWisdomAIAgentUserInteractionConfiguration","resource-property-types"
"Add-VSWisdomAIGuardrailAIGuardrailContentPolicyConfig","resource-property-types"
"Add-VSWisdomAIGuardrailAIGuardrailContextualGroundingPolicyConfig","resource-property-types"
"Add-VSWisdomAIGuardrailAIGuardrailSensitiveInformationPolicyConfig","resource-property-types"
"Add-VSWisdomAIGuardrailAIGuardrailTopicPolicyConfig","resource-property-types"
"Add-VSWisdomAIGuardrailAIGuardrailWordPolicyConfig","resource-property-types"
"Add-VSWisdomAIGuardrailGuardrailContentFilterConfig","resource-property-types"
"Add-VSWisdomAIGuardrailGuardrailContextualGroundingFilterConfig","resource-property-types"
"Add-VSWisdomAIGuardrailGuardrailManagedWordsConfig","resource-property-types"
"Add-VSWisdomAIGuardrailGuardrailPiiEntityConfig","resource-property-types"
"Add-VSWisdomAIGuardrailGuardrailRegexConfig","resource-property-types"
"Add-VSWisdomAIGuardrailGuardrailTopicConfig","resource-property-types"
"Add-VSWisdomAIGuardrailGuardrailWordConfig","resource-property-types"
"Add-VSWisdomAIPromptAIPromptTemplateConfiguration","resource-property-types"
"Add-VSWisdomAIPromptTextFullAIPromptEditTemplateConfiguration","resource-property-types"
"Add-VSWisdomAssistantAssociationAssociationData","resource-property-types"
"Add-VSWisdomAssistantAssociationExternalBedrockKnowledgeBaseConfig","resource-property-types"
"Add-VSWisdomAssistantServerSideEncryptionConfiguration","resource-property-types"
"Add-VSWisdomKnowledgeBaseAppIntegrationsConfiguration","resource-property-types"
"Add-VSWisdomKnowledgeBaseBedrockFoundationModelConfiguration","resource-property-types"
"Add-VSWisdomKnowledgeBaseChunkingConfiguration","resource-property-types"
"Add-VSWisdomKnowledgeBaseCrawlerLimits","resource-property-types"
"Add-VSWisdomKnowledgeBaseFixedSizeChunkingConfiguration","resource-property-types"
"Add-VSWisdomKnowledgeBaseHierarchicalChunkingConfiguration","resource-property-types"
"Add-VSWisdomKnowledgeBaseHierarchicalChunkingLevelConfiguration","resource-property-types"
"Add-VSWisdomKnowledgeBaseManagedSourceConfiguration","resource-property-types"
"Add-VSWisdomKnowledgeBaseParsingConfiguration","resource-property-types"
"Add-VSWisdomKnowledgeBaseParsingPrompt","resource-property-types"
"Add-VSWisdomKnowledgeBaseRenderingConfiguration","resource-property-types"
"Add-VSWisdomKnowledgeBaseSeedUrl","resource-property-types"
"Add-VSWisdomKnowledgeBaseSemanticChunkingConfiguration","resource-property-types"
"Add-VSWisdomKnowledgeBaseServerSideEncryptionConfiguration","resource-property-types"
"Add-VSWisdomKnowledgeBaseSourceConfiguration","resource-property-types"
"Add-VSWisdomKnowledgeBaseUrlConfiguration","resource-property-types"
"Add-VSWisdomKnowledgeBaseVectorIngestionConfiguration","resource-property-types"
"Add-VSWisdomKnowledgeBaseWebCrawlerConfiguration","resource-property-types"
"Add-VSWisdomMessageTemplateAgentAttributes","resource-property-types"
"Add-VSWisdomMessageTemplateContent","resource-property-types"
"Add-VSWisdomMessageTemplateCustomerProfileAttributes","resource-property-types"
"Add-VSWisdomMessageTemplateEmailMessageTemplateContent","resource-property-types"
"Add-VSWisdomMessageTemplateEmailMessageTemplateContentBody","resource-property-types"
"Add-VSWisdomMessageTemplateEmailMessageTemplateHeader","resource-property-types"
"Add-VSWisdomMessageTemplateGroupingConfiguration","resource-property-types"
"Add-VSWisdomMessageTemplateMessageTemplateAttachment","resource-property-types"
"Add-VSWisdomMessageTemplateMessageTemplateAttributes","resource-property-types"
"Add-VSWisdomMessageTemplateMessageTemplateBodyContentProvider","resource-property-types"
"Add-VSWisdomMessageTemplateSmsMessageTemplateContent","resource-property-types"
"Add-VSWisdomMessageTemplateSmsMessageTemplateContentBody","resource-property-types"
"Add-VSWisdomMessageTemplateSystemAttributes","resource-property-types"
"Add-VSWisdomMessageTemplateSystemEndpointAttributes","resource-property-types"
"Add-VSWisdomQuickResponseGroupingConfiguration","resource-property-types"
"Add-VSWisdomQuickResponseQuickResponseContentProvider","resource-property-types"
"Add-VSWisdomQuickResponseQuickResponseContents","resource-property-types"
"Add-VSWorkSpacesConnectionAliasConnectionAliasAssociation","resource-property-types"
"Add-VSWorkspacesInstancesVolumeTagSpecification","resource-property-types"
"Add-VSWorkspacesInstancesWorkspaceInstanceBlockDeviceMapping","resource-property-types"
"Add-VSWorkspacesInstancesWorkspaceInstanceCapacityReservationSpecification","resource-property-types"
"Add-VSWorkspacesInstancesWorkspaceInstanceCapacityReservationTarget","resource-property-types"
"Add-VSWorkspacesInstancesWorkspaceInstanceCpuOptionsRequest","resource-property-types"
"Add-VSWorkspacesInstancesWorkspaceInstanceCreditSpecificationRequest","resource-property-types"
"Add-VSWorkspacesInstancesWorkspaceInstanceEbsBlockDevice","resource-property-types"
"Add-VSWorkspacesInstancesWorkspaceInstanceEC2ManagedInstance","resource-property-types"
"Add-VSWorkspacesInstancesWorkspaceInstanceEnclaveOptionsRequest","resource-property-types"
"Add-VSWorkspacesInstancesWorkspaceInstanceHibernationOptionsRequest","resource-property-types"
"Add-VSWorkspacesInstancesWorkspaceInstanceIamInstanceProfileSpecification","resource-property-types"
"Add-VSWorkspacesInstancesWorkspaceInstanceInstanceMaintenanceOptionsRequest","resource-property-types"
"Add-VSWorkspacesInstancesWorkspaceInstanceInstanceMarketOptionsRequest","resource-property-types"
"Add-VSWorkspacesInstancesWorkspaceInstanceInstanceMetadataOptionsRequest","resource-property-types"
"Add-VSWorkspacesInstancesWorkspaceInstanceInstanceNetworkInterfaceSpecification","resource-property-types"
"Add-VSWorkspacesInstancesWorkspaceInstanceInstanceNetworkPerformanceOptionsRequest","resource-property-types"
"Add-VSWorkspacesInstancesWorkspaceInstanceLicenseConfigurationRequest","resource-property-types"
"Add-VSWorkspacesInstancesWorkspaceInstanceManagedInstance","resource-property-types"
"Add-VSWorkspacesInstancesWorkspaceInstancePlacement","resource-property-types"
"Add-VSWorkspacesInstancesWorkspaceInstancePrivateDnsNameOptionsRequest","resource-property-types"
"Add-VSWorkspacesInstancesWorkspaceInstanceRunInstancesMonitoringEnabled","resource-property-types"
"Add-VSWorkspacesInstancesWorkspaceInstanceSpotMarketOptions","resource-property-types"
"Add-VSWorkspacesInstancesWorkspaceInstanceTagSpecification","resource-property-types"
"Add-VSWorkSpacesThinClientEnvironmentMaintenanceWindow","resource-property-types"
"Add-VSWorkSpacesWebBrowserSettingsWebContentFilteringPolicy","resource-property-types"
"Add-VSWorkSpacesWebDataProtectionSettingsCustomPattern","resource-property-types"
"Add-VSWorkSpacesWebDataProtectionSettingsInlineRedactionConfiguration","resource-property-types"
"Add-VSWorkSpacesWebDataProtectionSettingsInlineRedactionPattern","resource-property-types"
"Add-VSWorkSpacesWebDataProtectionSettingsRedactionPlaceHolder","resource-property-types"
"Add-VSWorkSpacesWebIpAccessSettingsIpRule","resource-property-types"
"Add-VSWorkSpacesWebSessionLoggerEventFilter","resource-property-types"
"Add-VSWorkSpacesWebSessionLoggerLogConfiguration","resource-property-types"
"Add-VSWorkSpacesWebSessionLoggerS3LogConfiguration","resource-property-types"
"Add-VSWorkSpacesWebUserSettingsBrandingConfiguration","resource-property-types"
"Add-VSWorkSpacesWebUserSettingsCookieSpecification","resource-property-types"
"Add-VSWorkSpacesWebUserSettingsCookieSynchronizationConfiguration","resource-property-types"
"Add-VSWorkSpacesWebUserSettingsImageMetadata","resource-property-types"
"Add-VSWorkSpacesWebUserSettingsLocalizedBrandingStrings","resource-property-types"
"Add-VSWorkSpacesWebUserSettingsToolbarConfiguration","resource-property-types"
"Add-VSWorkSpacesWorkspacesPoolApplicationSettings","resource-property-types"
"Add-VSWorkSpacesWorkspacesPoolCapacity","resource-property-types"
"Add-VSWorkSpacesWorkspacesPoolTimeoutSettings","resource-property-types"
"Add-VSWorkSpacesWorkspaceWorkspaceProperties","resource-property-types"
"Add-VSXRayGroupInsightsConfiguration","resource-property-types"
"Add-VSXRaySamplingRuleSamplingRule","resource-property-types"
"New-VSAccessAnalyzerAnalyzer","resource-types"
"New-VSACMPCACertificate","resource-types"
"New-VSACMPCACertificateAuthority","resource-types"
"New-VSACMPCACertificateAuthorityActivation","resource-types"
"New-VSACMPCAPermission","resource-types"
"New-VSAIOpsInvestigationGroup","resource-types"
"New-VSAlexaASKSkill","resource-types"
"New-VSAmazonMQBroker","resource-types"
"New-VSAmazonMQConfiguration","resource-types"
"New-VSAmazonMQConfigurationAssociation","resource-types"
"New-VSAmplifyApp","resource-types"
"New-VSAmplifyBranch","resource-types"
"New-VSAmplifyDomain","resource-types"
"New-VSAmplifyUIBuilderComponent","resource-types"
"New-VSAmplifyUIBuilderForm","resource-types"
"New-VSAmplifyUIBuilderTheme","resource-types"
"New-VSApiGatewayAccount","resource-types"
"New-VSApiGatewayApiKey","resource-types"
"New-VSApiGatewayAuthorizer","resource-types"
"New-VSApiGatewayBasePathMapping","resource-types"
"New-VSApiGatewayBasePathMappingV2","resource-types"
"New-VSApiGatewayClientCertificate","resource-types"
"New-VSApiGatewayDeployment","resource-types"
"New-VSApiGatewayDocumentationPart","resource-types"
"New-VSApiGatewayDocumentationVersion","resource-types"
"New-VSApiGatewayDomainName","resource-types"
"New-VSApiGatewayDomainNameAccessAssociation","resource-types"
"New-VSApiGatewayDomainNameV2","resource-types"
"New-VSApiGatewayGatewayResponse","resource-types"
"New-VSApiGatewayMethod","resource-types"
"New-VSApiGatewayModel","resource-types"
"New-VSApiGatewayRequestValidator","resource-types"
"New-VSApiGatewayResource","resource-types"
"New-VSApiGatewayRestApi","resource-types"
"New-VSApiGatewayStage","resource-types"
"New-VSApiGatewayUsagePlan","resource-types"
"New-VSApiGatewayUsagePlanKey","resource-types"
"New-VSApiGatewayV2Api","resource-types"
"New-VSApiGatewayV2ApiGatewayManagedOverrides","resource-types"
"New-VSApiGatewayV2ApiMapping","resource-types"
"New-VSApiGatewayV2Authorizer","resource-types"
"New-VSApiGatewayV2Deployment","resource-types"
"New-VSApiGatewayV2DomainName","resource-types"
"New-VSApiGatewayV2Integration","resource-types"
"New-VSApiGatewayV2IntegrationResponse","resource-types"
"New-VSApiGatewayV2Model","resource-types"
"New-VSApiGatewayV2Route","resource-types"
"New-VSApiGatewayV2RouteResponse","resource-types"
"New-VSApiGatewayV2RoutingRule","resource-types"
"New-VSApiGatewayV2Stage","resource-types"
"New-VSApiGatewayV2VpcLink","resource-types"
"New-VSApiGatewayVpcLink","resource-types"
"New-VSAppConfigApplication","resource-types"
"New-VSAppConfigConfigurationProfile","resource-types"
"New-VSAppConfigDeployment","resource-types"
"New-VSAppConfigDeploymentStrategy","resource-types"
"New-VSAppConfigEnvironment","resource-types"
"New-VSAppConfigExtension","resource-types"
"New-VSAppConfigExtensionAssociation","resource-types"
"New-VSAppConfigHostedConfigurationVersion","resource-types"
"New-VSAppFlowConnector","resource-types"
"New-VSAppFlowConnectorProfile","resource-types"
"New-VSAppFlowFlow","resource-types"
"New-VSAppIntegrationsApplication","resource-types"
"New-VSAppIntegrationsDataIntegration","resource-types"
"New-VSAppIntegrationsEventIntegration","resource-types"
"New-VSApplicationAutoScalingScalableTarget","resource-types"
"New-VSApplicationAutoScalingScalingPolicy","resource-types"
"New-VSApplicationInsightsApplication","resource-types"
"New-VSApplicationSignalsDiscovery","resource-types"
"New-VSApplicationSignalsGroupingConfiguration","resource-types"
"New-VSApplicationSignalsServiceLevelObjective","resource-types"
"New-VSAppMeshGatewayRoute","resource-types"
"New-VSAppMeshMesh","resource-types"
"New-VSAppMeshRoute","resource-types"
"New-VSAppMeshVirtualGateway","resource-types"
"New-VSAppMeshVirtualNode","resource-types"
"New-VSAppMeshVirtualRouter","resource-types"
"New-VSAppMeshVirtualService","resource-types"
"New-VSAppRunnerAutoScalingConfiguration","resource-types"
"New-VSAppRunnerObservabilityConfiguration","resource-types"
"New-VSAppRunnerService","resource-types"
"New-VSAppRunnerVpcConnector","resource-types"
"New-VSAppRunnerVpcIngressConnection","resource-types"
"New-VSAppStreamAppBlock","resource-types"
"New-VSAppStreamAppBlockBuilder","resource-types"
"New-VSAppStreamApplication","resource-types"
"New-VSAppStreamApplicationEntitlementAssociation","resource-types"
"New-VSAppStreamApplicationFleetAssociation","resource-types"
"New-VSAppStreamDirectoryConfig","resource-types"
"New-VSAppStreamEntitlement","resource-types"
"New-VSAppStreamFleet","resource-types"
"New-VSAppStreamImageBuilder","resource-types"
"New-VSAppStreamStack","resource-types"
"New-VSAppStreamStackFleetAssociation","resource-types"
"New-VSAppStreamStackUserAssociation","resource-types"
"New-VSAppStreamUser","resource-types"
"New-VSAppSyncApi","resource-types"
"New-VSAppSyncApiCache","resource-types"
"New-VSAppSyncApiKey","resource-types"
"New-VSAppSyncChannelNamespace","resource-types"
"New-VSAppSyncDataSource","resource-types"
"New-VSAppSyncDomainName","resource-types"
"New-VSAppSyncDomainNameApiAssociation","resource-types"
"New-VSAppSyncFunctionConfiguration","resource-types"
"New-VSAppSyncGraphQLApi","resource-types"
"New-VSAppSyncGraphQLSchema","resource-types"
"New-VSAppSyncResolver","resource-types"
"New-VSAppSyncSourceApiAssociation","resource-types"
"New-VSAppTestTestCase","resource-types"
"New-VSAPSAnomalyDetector","resource-types"
"New-VSAPSResourcePolicy","resource-types"
"New-VSAPSRuleGroupsNamespace","resource-types"
"New-VSAPSScraper","resource-types"
"New-VSAPSWorkspace","resource-types"
"New-VSARCRegionSwitchPlan","resource-types"
"New-VSARCZonalShiftAutoshiftObserverNotificationStatus","resource-types"
"New-VSARCZonalShiftZonalAutoshiftConfiguration","resource-types"
"New-VSAthenaCapacityReservation","resource-types"
"New-VSAthenaDataCatalog","resource-types"
"New-VSAthenaNamedQuery","resource-types"
"New-VSAthenaPreparedStatement","resource-types"
"New-VSAthenaWorkGroup","resource-types"
"New-VSAuditManagerAssessment","resource-types"
"New-VSAutoScalingAutoScalingGroup","resource-types"
"New-VSAutoScalingLaunchConfiguration","resource-types"
"New-VSAutoScalingLifecycleHook","resource-types"
"New-VSAutoScalingPlansScalingPlan","resource-types"
"New-VSAutoScalingScalingPolicy","resource-types"
"New-VSAutoScalingScheduledAction","resource-types"
"New-VSAutoScalingWarmPool","resource-types"
"New-VSB2BICapability","resource-types"
"New-VSB2BIPartnership","resource-types"
"New-VSB2BIProfile","resource-types"
"New-VSB2BITransformer","resource-types"
"New-VSBackupBackupPlan","resource-types"
"New-VSBackupBackupSelection","resource-types"
"New-VSBackupBackupVault","resource-types"
"New-VSBackupFramework","resource-types"
"New-VSBackupGatewayHypervisor","resource-types"
"New-VSBackupLogicallyAirGappedBackupVault","resource-types"
"New-VSBackupReportPlan","resource-types"
"New-VSBackupRestoreTestingPlan","resource-types"
"New-VSBackupRestoreTestingSelection","resource-types"
"New-VSBatchComputeEnvironment","resource-types"
"New-VSBatchConsumableResource","resource-types"
"New-VSBatchJobDefinition","resource-types"
"New-VSBatchJobQueue","resource-types"
"New-VSBatchSchedulingPolicy","resource-types"
"New-VSBatchServiceEnvironment","resource-types"
"New-VSBCMDataExportsExport","resource-types"
"New-VSBedrockAgent","resource-types"
"New-VSBedrockAgentAlias","resource-types"
"New-VSBedrockAgentCoreBrowserCustom","resource-types"
"New-VSBedrockAgentCoreCodeInterpreterCustom","resource-types"
"New-VSBedrockAgentCoreGateway","resource-types"
"New-VSBedrockAgentCoreGatewayTarget","resource-types"
"New-VSBedrockAgentCoreMemory","resource-types"
"New-VSBedrockAgentCoreRuntime","resource-types"
"New-VSBedrockAgentCoreRuntimeEndpoint","resource-types"
"New-VSBedrockAgentCoreWorkloadIdentity","resource-types"
"New-VSBedrockApplicationInferenceProfile","resource-types"
"New-VSBedrockAutomatedReasoningPolicy","resource-types"
"New-VSBedrockAutomatedReasoningPolicyVersion","resource-types"
"New-VSBedrockBlueprint","resource-types"
"New-VSBedrockDataAutomationProject","resource-types"
"New-VSBedrockDataSource","resource-types"
"New-VSBedrockFlow","resource-types"
"New-VSBedrockFlowAlias","resource-types"
"New-VSBedrockFlowVersion","resource-types"
"New-VSBedrockGuardrail","resource-types"
"New-VSBedrockGuardrailVersion","resource-types"
"New-VSBedrockIntelligentPromptRouter","resource-types"
"New-VSBedrockKnowledgeBase","resource-types"
"New-VSBedrockPrompt","resource-types"
"New-VSBedrockPromptVersion","resource-types"
"New-VSBillingBillingView","resource-types"
"New-VSBillingConductorBillingGroup","resource-types"
"New-VSBillingConductorCustomLineItem","resource-types"
"New-VSBillingConductorPricingPlan","resource-types"
"New-VSBillingConductorPricingRule","resource-types"
"New-VSBudgetsBudget","resource-types"
"New-VSBudgetsBudgetsAction","resource-types"
"New-VSCasesCaseRule","resource-types"
"New-VSCasesDomain","resource-types"
"New-VSCasesField","resource-types"
"New-VSCasesLayout","resource-types"
"New-VSCasesTemplate","resource-types"
"New-VSCassandraKeyspace","resource-types"
"New-VSCassandraTable","resource-types"
"New-VSCassandraType","resource-types"
"New-VSCEAnomalyMonitor","resource-types"
"New-VSCEAnomalySubscription","resource-types"
"New-VSCECostCategory","resource-types"
"New-VSCertificateManagerAccount","resource-types"
"New-VSCertificateManagerCertificate","resource-types"
"New-VSChatbotCustomAction","resource-types"
"New-VSChatbotMicrosoftTeamsChannelConfiguration","resource-types"
"New-VSChatbotSlackChannelConfiguration","resource-types"
"New-VSCleanRoomsAnalysisTemplate","resource-types"
"New-VSCleanRoomsCollaboration","resource-types"
"New-VSCleanRoomsConfiguredTable","resource-types"
"New-VSCleanRoomsConfiguredTableAssociation","resource-types"
"New-VSCleanRoomsIdMappingTable","resource-types"
"New-VSCleanRoomsIdNamespaceAssociation","resource-types"
"New-VSCleanRoomsMembership","resource-types"
"New-VSCleanRoomsMLTrainingDataset","resource-types"
"New-VSCleanRoomsPrivacyBudgetTemplate","resource-types"
"New-VSCloud9EnvironmentEC2","resource-types"
"New-VSCloudFormationCustomResource","resource-types"
"New-VSCloudFormationGuardHook","resource-types"
"New-VSCloudFormationHookDefaultVersion","resource-types"
"New-VSCloudFormationHookTypeConfig","resource-types"
"New-VSCloudFormationHookVersion","resource-types"
"New-VSCloudFormationLambdaHook","resource-types"
"New-VSCloudFormationMacro","resource-types"
"New-VSCloudFormationModuleDefaultVersion","resource-types"
"New-VSCloudFormationModuleVersion","resource-types"
"New-VSCloudFormationPublicTypeVersion","resource-types"
"New-VSCloudFormationPublisher","resource-types"
"New-VSCloudFormationResourceDefaultVersion","resource-types"
"New-VSCloudFormationResourceVersion","resource-types"
"New-VSCloudFormationStack","resource-types"
"New-VSCloudFormationStackSet","resource-types"
"New-VSCloudFormationTypeActivation","resource-types"
"New-VSCloudFormationWaitCondition","resource-types"
"New-VSCloudFormationWaitConditionHandle","resource-types"
"New-VSCloudFrontAnycastIpList","resource-types"
"New-VSCloudFrontCachePolicy","resource-types"
"New-VSCloudFrontCloudFrontOriginAccessIdentity","resource-types"
"New-VSCloudFrontConnectionFunction","resource-types"
"New-VSCloudFrontConnectionGroup","resource-types"
"New-VSCloudFrontContinuousDeploymentPolicy","resource-types"
"New-VSCloudFrontDistribution","resource-types"
"New-VSCloudFrontDistributionTenant","resource-types"
"New-VSCloudFrontFunction","resource-types"
"New-VSCloudFrontKeyGroup","resource-types"
"New-VSCloudFrontKeyValueStore","resource-types"
"New-VSCloudFrontMonitoringSubscription","resource-types"
"New-VSCloudFrontOriginAccessControl","resource-types"
"New-VSCloudFrontOriginRequestPolicy","resource-types"
"New-VSCloudFrontPublicKey","resource-types"
"New-VSCloudFrontRealtimeLogConfig","resource-types"
"New-VSCloudFrontResponseHeadersPolicy","resource-types"
"New-VSCloudFrontStreamingDistribution","resource-types"
"New-VSCloudFrontTrustStore","resource-types"
"New-VSCloudFrontVpcOrigin","resource-types"
"New-VSCloudTrailChannel","resource-types"
"New-VSCloudTrailDashboard","resource-types"
"New-VSCloudTrailEventDataStore","resource-types"
"New-VSCloudTrailResourcePolicy","resource-types"
"New-VSCloudTrailTrail","resource-types"
"New-VSCloudWatchAlarm","resource-types"
"New-VSCloudWatchAnomalyDetector","resource-types"
"New-VSCloudWatchCompositeAlarm","resource-types"
"New-VSCloudWatchDashboard","resource-types"
"New-VSCloudWatchInsightRule","resource-types"
"New-VSCloudWatchMetricStream","resource-types"
"New-VSCodeArtifactDomain","resource-types"
"New-VSCodeArtifactPackageGroup","resource-types"
"New-VSCodeArtifactRepository","resource-types"
"New-VSCodeBuildFleet","resource-types"
"New-VSCodeBuildProject","resource-types"
"New-VSCodeBuildReportGroup","resource-types"
"New-VSCodeBuildSourceCredential","resource-types"
"New-VSCodeCommitRepository","resource-types"
"New-VSCodeConnectionsConnection","resource-types"
"New-VSCodeDeployApplication","resource-types"
"New-VSCodeDeployDeploymentConfig","resource-types"
"New-VSCodeDeployDeploymentGroup","resource-types"
"New-VSCodeGuruProfilerProfilingGroup","resource-types"
"New-VSCodeGuruReviewerRepositoryAssociation","resource-types"
"New-VSCodePipelineCustomActionType","resource-types"
"New-VSCodePipelinePipeline","resource-types"
"New-VSCodePipelineWebhook","resource-types"
"New-VSCodeStarConnectionsConnection","resource-types"
"New-VSCodeStarConnectionsRepositoryLink","resource-types"
"New-VSCodeStarConnectionsSyncConfiguration","resource-types"
"New-VSCodeStarGitHubRepository","resource-types"
"New-VSCodeStarNotificationsNotificationRule","resource-types"
"New-VSCognitoIdentityPool","resource-types"
"New-VSCognitoIdentityPoolPrincipalTag","resource-types"
"New-VSCognitoIdentityPoolRoleAttachment","resource-types"
"New-VSCognitoLogDeliveryConfiguration","resource-types"
"New-VSCognitoManagedLoginBranding","resource-types"
"New-VSCognitoTerms","resource-types"
"New-VSCognitoUserPool","resource-types"
"New-VSCognitoUserPoolClient","resource-types"
"New-VSCognitoUserPoolDomain","resource-types"
"New-VSCognitoUserPoolGroup","resource-types"
"New-VSCognitoUserPoolIdentityProvider","resource-types"
"New-VSCognitoUserPoolResourceServer","resource-types"
"New-VSCognitoUserPoolRiskConfigurationAttachment","resource-types"
"New-VSCognitoUserPoolUICustomizationAttachment","resource-types"
"New-VSCognitoUserPoolUser","resource-types"
"New-VSCognitoUserPoolUserToGroupAttachment","resource-types"
"New-VSComprehendDocumentClassifier","resource-types"
"New-VSComprehendFlywheel","resource-types"
"New-VSConfigAggregationAuthorization","resource-types"
"New-VSConfigConfigRule","resource-types"
"New-VSConfigConfigurationAggregator","resource-types"
"New-VSConfigConfigurationRecorder","resource-types"
"New-VSConfigConformancePack","resource-types"
"New-VSConfigDeliveryChannel","resource-types"
"New-VSConfigOrganizationConfigRule","resource-types"
"New-VSConfigOrganizationConformancePack","resource-types"
"New-VSConfigRemediationConfiguration","resource-types"
"New-VSConfigStoredQuery","resource-types"
"New-VSConnectAgentStatus","resource-types"
"New-VSConnectApprovedOrigin","resource-types"
"New-VSConnectCampaignsCampaign","resource-types"
"New-VSConnectCampaignsV2Campaign","resource-types"
"New-VSConnectContactFlow","resource-types"
"New-VSConnectContactFlowModule","resource-types"
"New-VSConnectContactFlowVersion","resource-types"
"New-VSConnectDataTable","resource-types"
"New-VSConnectDataTableAttribute","resource-types"
"New-VSConnectDataTableRecord","resource-types"
"New-VSConnectEmailAddress","resource-types"
"New-VSConnectEvaluationForm","resource-types"
"New-VSConnectHoursOfOperation","resource-types"
"New-VSConnectInstance","resource-types"
"New-VSConnectInstanceStorageConfig","resource-types"
"New-VSConnectIntegrationAssociation","resource-types"
"New-VSConnectPhoneNumber","resource-types"
"New-VSConnectPredefinedAttribute","resource-types"
"New-VSConnectPrompt","resource-types"
"New-VSConnectQueue","resource-types"
"New-VSConnectQuickConnect","resource-types"
"New-VSConnectRoutingProfile","resource-types"
"New-VSConnectRule","resource-types"
"New-VSConnectSecurityKey","resource-types"
"New-VSConnectSecurityProfile","resource-types"
"New-VSConnectTaskTemplate","resource-types"
"New-VSConnectTrafficDistributionGroup","resource-types"
"New-VSConnectUser","resource-types"
"New-VSConnectUserHierarchyGroup","resource-types"
"New-VSConnectUserHierarchyStructure","resource-types"
"New-VSConnectView","resource-types"
"New-VSConnectViewVersion","resource-types"
"New-VSConnectWorkspace","resource-types"
"New-VSControlTowerEnabledBaseline","resource-types"
"New-VSControlTowerEnabledControl","resource-types"
"New-VSControlTowerLandingZone","resource-types"
"New-VSCURReportDefinition","resource-types"
"New-VSCustomerProfilesCalculatedAttributeDefinition","resource-types"
"New-VSCustomerProfilesDomain","resource-types"
"New-VSCustomerProfilesEventStream","resource-types"
"New-VSCustomerProfilesEventTrigger","resource-types"
"New-VSCustomerProfilesIntegration","resource-types"
"New-VSCustomerProfilesObjectType","resource-types"
"New-VSCustomerProfilesSegmentDefinition","resource-types"
"New-VSDataBrewDataset","resource-types"
"New-VSDataBrewJob","resource-types"
"New-VSDataBrewProject","resource-types"
"New-VSDataBrewRecipe","resource-types"
"New-VSDataBrewRuleset","resource-types"
"New-VSDataBrewSchedule","resource-types"
"New-VSDataPipelinePipeline","resource-types"
"New-VSDataSyncAgent","resource-types"
"New-VSDataSyncLocationAzureBlob","resource-types"
"New-VSDataSyncLocationEFS","resource-types"
"New-VSDataSyncLocationFSxLustre","resource-types"
"New-VSDataSyncLocationFSxONTAP","resource-types"
"New-VSDataSyncLocationFSxOpenZFS","resource-types"
"New-VSDataSyncLocationFSxWindows","resource-types"
"New-VSDataSyncLocationHDFS","resource-types"
"New-VSDataSyncLocationNFS","resource-types"
"New-VSDataSyncLocationObjectStorage","resource-types"
"New-VSDataSyncLocationS3","resource-types"
"New-VSDataSyncLocationSMB","resource-types"
"New-VSDataSyncTask","resource-types"
"New-VSDataZoneConnection","resource-types"
"New-VSDataZoneDataSource","resource-types"
"New-VSDataZoneDomain","resource-types"
"New-VSDataZoneDomainUnit","resource-types"
"New-VSDataZoneEnvironment","resource-types"
"New-VSDataZoneEnvironmentActions","resource-types"
"New-VSDataZoneEnvironmentBlueprintConfiguration","resource-types"
"New-VSDataZoneEnvironmentProfile","resource-types"
"New-VSDataZoneFormType","resource-types"
"New-VSDataZoneGroupProfile","resource-types"
"New-VSDataZoneOwner","resource-types"
"New-VSDataZonePolicyGrant","resource-types"
"New-VSDataZoneProject","resource-types"
"New-VSDataZoneProjectMembership","resource-types"
"New-VSDataZoneProjectProfile","resource-types"
"New-VSDataZoneSubscriptionTarget","resource-types"
"New-VSDataZoneUserProfile","resource-types"
"New-VSDAXCluster","resource-types"
"New-VSDAXParameterGroup","resource-types"
"New-VSDAXSubnetGroup","resource-types"
"New-VSDeadlineFarm","resource-types"
"New-VSDeadlineFleet","resource-types"
"New-VSDeadlineLicenseEndpoint","resource-types"
"New-VSDeadlineLimit","resource-types"
"New-VSDeadlineMeteredProduct","resource-types"
"New-VSDeadlineMonitor","resource-types"
"New-VSDeadlineQueue","resource-types"
"New-VSDeadlineQueueEnvironment","resource-types"
"New-VSDeadlineQueueFleetAssociation","resource-types"
"New-VSDeadlineQueueLimitAssociation","resource-types"
"New-VSDeadlineStorageProfile","resource-types"
"New-VSDetectiveGraph","resource-types"
"New-VSDetectiveMemberInvitation","resource-types"
"New-VSDetectiveOrganizationAdmin","resource-types"
"New-VSDeviceFarmDevicePool","resource-types"
"New-VSDeviceFarmInstanceProfile","resource-types"
"New-VSDeviceFarmNetworkProfile","resource-types"
"New-VSDeviceFarmProject","resource-types"
"New-VSDeviceFarmTestGridProject","resource-types"
"New-VSDeviceFarmVPCEConfiguration","resource-types"
"New-VSDevOpsAgentAgentSpace","resource-types"
"New-VSDevOpsAgentAssociation","resource-types"
"New-VSDevOpsGuruLogAnomalyDetectionIntegration","resource-types"
"New-VSDevOpsGuruNotificationChannel","resource-types"
"New-VSDevOpsGuruResourceCollection","resource-types"
"New-VSDevServiceCatalogLaunchRoleConstraint","resource-types"
"New-VSDirectoryServiceMicrosoftAD","resource-types"
"New-VSDirectoryServiceSimpleAD","resource-types"
"New-VSDLMLifecyclePolicy","resource-types"
"New-VSDMSCertificate","resource-types"
"New-VSDMSDataMigration","resource-types"
"New-VSDMSDataProvider","resource-types"
"New-VSDMSEndpoint","resource-types"
"New-VSDMSEventSubscription","resource-types"
"New-VSDMSInstanceProfile","resource-types"
"New-VSDMSMigrationProject","resource-types"
"New-VSDMSReplicationConfig","resource-types"
"New-VSDMSReplicationInstance","resource-types"
"New-VSDMSReplicationSubnetGroup","resource-types"
"New-VSDMSReplicationTask","resource-types"
"New-VSDocDBDBCluster","resource-types"
"New-VSDocDBDBClusterParameterGroup","resource-types"
"New-VSDocDBDBInstance","resource-types"
"New-VSDocDBDBSubnetGroup","resource-types"
"New-VSDocDBElasticCluster","resource-types"
"New-VSDocDBEventSubscription","resource-types"
"New-VSDocDBGlobalCluster","resource-types"
"New-VSDSQLCluster","resource-types"
"New-VSDynamoDBGlobalTable","resource-types"
"New-VSDynamoDBTable","resource-types"
"New-VSEC2CapacityManagerDataExport","resource-types"
"New-VSEC2CapacityReservation","resource-types"
"New-VSEC2CapacityReservationFleet","resource-types"
"New-VSEC2CarrierGateway","resource-types"
"New-VSEC2ClientVpnAuthorizationRule","resource-types"
"New-VSEC2ClientVpnEndpoint","resource-types"
"New-VSEC2ClientVpnRoute","resource-types"
"New-VSEC2ClientVpnTargetNetworkAssociation","resource-types"
"New-VSEC2CustomerGateway","resource-types"
"New-VSEC2DHCPOptions","resource-types"
"New-VSEC2EC2Fleet","resource-types"
"New-VSEC2EgressOnlyInternetGateway","resource-types"
"New-VSEC2EIP","resource-types"
"New-VSEC2EIPAssociation","resource-types"
"New-VSEC2EnclaveCertificateIamRoleAssociation","resource-types"
"New-VSEC2FlowLog","resource-types"
"New-VSEC2GatewayRouteTableAssociation","resource-types"
"New-VSEC2Host","resource-types"
"New-VSEC2Instance","resource-types"
"New-VSEC2InstanceConnectEndpoint","resource-types"
"New-VSEC2InternetGateway","resource-types"
"New-VSEC2IPAM","resource-types"
"New-VSEC2IPAMAllocation","resource-types"
"New-VSEC2IPAMPool","resource-types"
"New-VSEC2IPAMPoolCidr","resource-types"
"New-VSEC2IPAMResourceDiscovery","resource-types"
"New-VSEC2IPAMResourceDiscoveryAssociation","resource-types"
"New-VSEC2IPAMScope","resource-types"
"New-VSEC2IpPoolRouteTableAssociation","resource-types"
"New-VSEC2KeyPair","resource-types"
"New-VSEC2LaunchTemplate","resource-types"
"New-VSEC2LocalGatewayRoute","resource-types"
"New-VSEC2LocalGatewayRouteTable","resource-types"
"New-VSEC2LocalGatewayRouteTableVirtualInterfaceGroupAssociation","resource-types"
"New-VSEC2LocalGatewayRouteTableVPCAssociation","resource-types"
"New-VSEC2LocalGatewayVirtualInterface","resource-types"
"New-VSEC2LocalGatewayVirtualInterfaceGroup","resource-types"
"New-VSEC2NatGateway","resource-types"
"New-VSEC2NetworkAcl","resource-types"
"New-VSEC2NetworkAclEntry","resource-types"
"New-VSEC2NetworkInsightsAccessScope","resource-types"
"New-VSEC2NetworkInsightsAccessScopeAnalysis","resource-types"
"New-VSEC2NetworkInsightsAnalysis","resource-types"
"New-VSEC2NetworkInsightsPath","resource-types"
"New-VSEC2NetworkInterface","resource-types"
"New-VSEC2NetworkInterfaceAttachment","resource-types"
"New-VSEC2NetworkInterfacePermission","resource-types"
"New-VSEC2NetworkPerformanceMetricSubscription","resource-types"
"New-VSEC2PlacementGroup","resource-types"
"New-VSEC2PrefixList","resource-types"
"New-VSEC2Route","resource-types"
"New-VSEC2RouteServer","resource-types"
"New-VSEC2RouteServerAssociation","resource-types"
"New-VSEC2RouteServerEndpoint","resource-types"
"New-VSEC2RouteServerPeer","resource-types"
"New-VSEC2RouteServerPropagation","resource-types"
"New-VSEC2RouteTable","resource-types"
"New-VSEC2SecurityGroup","resource-types"
"New-VSEC2SecurityGroupEgress","resource-types"
"New-VSEC2SecurityGroupIngress","resource-types"
"New-VSEC2SecurityGroupVpcAssociation","resource-types"
"New-VSEC2SnapshotBlockPublicAccess","resource-types"
"New-VSEC2SpotFleet","resource-types"
"New-VSEC2Subnet","resource-types"
"New-VSEC2SubnetCidrBlock","resource-types"
"New-VSEC2SubnetNetworkAclAssociation","resource-types"
"New-VSEC2SubnetRouteTableAssociation","resource-types"
"New-VSEC2TrafficMirrorFilter","resource-types"
"New-VSEC2TrafficMirrorFilterRule","resource-types"
"New-VSEC2TrafficMirrorSession","resource-types"
"New-VSEC2TrafficMirrorTarget","resource-types"
"New-VSEC2TransitGateway","resource-types"
"New-VSEC2TransitGatewayAttachment","resource-types"
"New-VSEC2TransitGatewayConnect","resource-types"
"New-VSEC2TransitGatewayConnectPeer","resource-types"
"New-VSEC2TransitGatewayMeteringPolicy","resource-types"
"New-VSEC2TransitGatewayMeteringPolicyEntry","resource-types"
"New-VSEC2TransitGatewayMulticastDomain","resource-types"
"New-VSEC2TransitGatewayMulticastDomainAssociation","resource-types"
"New-VSEC2TransitGatewayMulticastGroupMember","resource-types"
"New-VSEC2TransitGatewayMulticastGroupSource","resource-types"
"New-VSEC2TransitGatewayPeeringAttachment","resource-types"
"New-VSEC2TransitGatewayRoute","resource-types"
"New-VSEC2TransitGatewayRouteTable","resource-types"
"New-VSEC2TransitGatewayRouteTableAssociation","resource-types"
"New-VSEC2TransitGatewayRouteTablePropagation","resource-types"
"New-VSEC2TransitGatewayVpcAttachment","resource-types"
"New-VSEC2VerifiedAccessEndpoint","resource-types"
"New-VSEC2VerifiedAccessGroup","resource-types"
"New-VSEC2VerifiedAccessInstance","resource-types"
"New-VSEC2VerifiedAccessTrustProvider","resource-types"
"New-VSEC2Volume","resource-types"
"New-VSEC2VolumeAttachment","resource-types"
"New-VSEC2VPC","resource-types"
"New-VSEC2VPCBlockPublicAccessExclusion","resource-types"
"New-VSEC2VPCBlockPublicAccessOptions","resource-types"
"New-VSEC2VPCCidrBlock","resource-types"
"New-VSEC2VPCDHCPOptionsAssociation","resource-types"
"New-VSEC2VPCEncryptionControl","resource-types"
"New-VSEC2VPCEndpoint","resource-types"
"New-VSEC2VPCEndpointConnectionNotification","resource-types"
"New-VSEC2VPCEndpointService","resource-types"
"New-VSEC2VPCEndpointServicePermissions","resource-types"
"New-VSEC2VPCGatewayAttachment","resource-types"
"New-VSEC2VPCPeeringConnection","resource-types"
"New-VSEC2VPNConcentrator","resource-types"
"New-VSEC2VPNConnection","resource-types"
"New-VSEC2VPNConnectionRoute","resource-types"
"New-VSEC2VPNGateway","resource-types"
"New-VSEC2VPNGatewayRoutePropagation","resource-types"
"New-VSECRPublicRepository","resource-types"
"New-VSECRPullThroughCacheRule","resource-types"
"New-VSECRPullTimeUpdateExclusion","resource-types"
"New-VSECRRegistryPolicy","resource-types"
"New-VSECRRegistryScanningConfiguration","resource-types"
"New-VSECRReplicationConfiguration","resource-types"
"New-VSECRRepository","resource-types"
"New-VSECRRepositoryCreationTemplate","resource-types"
"New-VSECRSigningConfiguration","resource-types"
"New-VSECSCapacityProvider","resource-types"
"New-VSECSCluster","resource-types"
"New-VSECSClusterCapacityProviderAssociations","resource-types"
"New-VSECSExpressGatewayService","resource-types"
"New-VSECSPrimaryTaskSet","resource-types"
"New-VSECSService","resource-types"
"New-VSECSTaskDefinition","resource-types"
"New-VSECSTaskSet","resource-types"
"New-VSEFSAccessPoint","resource-types"
"New-VSEFSFileSystem","resource-types"
"New-VSEFSMountTarget","resource-types"
"New-VSEKSAccessEntry","resource-types"
"New-VSEKSAddon","resource-types"
"New-VSEKSCapability","resource-types"
"New-VSEKSCluster","resource-types"
"New-VSEKSFargateProfile","resource-types"
"New-VSEKSIdentityProviderConfig","resource-types"
"New-VSEKSNodegroup","resource-types"
"New-VSEKSPodIdentityAssociation","resource-types"
"New-VSElastiCacheCacheCluster","resource-types"
"New-VSElastiCacheGlobalReplicationGroup","resource-types"
"New-VSElastiCacheParameterGroup","resource-types"
"New-VSElastiCacheReplicationGroup","resource-types"
"New-VSElastiCacheSecurityGroup","resource-types"
"New-VSElastiCacheSecurityGroupIngress","resource-types"
"New-VSElastiCacheServerlessCache","resource-types"
"New-VSElastiCacheSubnetGroup","resource-types"
"New-VSElastiCacheUser","resource-types"
"New-VSElastiCacheUserGroup","resource-types"
"New-VSElasticBeanstalkApplication","resource-types"
"New-VSElasticBeanstalkApplicationVersion","resource-types"
"New-VSElasticBeanstalkConfigurationTemplate","resource-types"
"New-VSElasticBeanstalkEnvironment","resource-types"
"New-VSElasticLoadBalancingLoadBalancer","resource-types"
"New-VSElasticLoadBalancingV2Listener","resource-types"
"New-VSElasticLoadBalancingV2ListenerCertificate","resource-types"
"New-VSElasticLoadBalancingV2ListenerRule","resource-types"
"New-VSElasticLoadBalancingV2LoadBalancer","resource-types"
"New-VSElasticLoadBalancingV2TargetGroup","resource-types"
"New-VSElasticLoadBalancingV2TrustStore","resource-types"
"New-VSElasticLoadBalancingV2TrustStoreRevocation","resource-types"
"New-VSElasticsearchDomain","resource-types"
"New-VSEMRCluster","resource-types"
"New-VSEMRContainersVirtualCluster","resource-types"
"New-VSEMRInstanceFleetConfig","resource-types"
"New-VSEMRInstanceGroupConfig","resource-types"
"New-VSEMRSecurityConfiguration","resource-types"
"New-VSEMRServerlessApplication","resource-types"
"New-VSEMRStep","resource-types"
"New-VSEMRStudio","resource-types"
"New-VSEMRStudioSessionMapping","resource-types"
"New-VSEMRWALWorkspace","resource-types"
"New-VSEntityResolutionIdMappingWorkflow","resource-types"
"New-VSEntityResolutionIdNamespace","resource-types"
"New-VSEntityResolutionMatchingWorkflow","resource-types"
"New-VSEntityResolutionPolicyStatement","resource-types"
"New-VSEntityResolutionSchemaMapping","resource-types"
"New-VSEventsApiDestination","resource-types"
"New-VSEventsArchive","resource-types"
"New-VSEventSchemasDiscoverer","resource-types"
"New-VSEventSchemasRegistry","resource-types"
"New-VSEventSchemasRegistryPolicy","resource-types"
"New-VSEventSchemasSchema","resource-types"
"New-VSEventsConnection","resource-types"
"New-VSEventsEndpoint","resource-types"
"New-VSEventsEventBus","resource-types"
"New-VSEventsEventBusPolicy","resource-types"
"New-VSEventsRule","resource-types"
"New-VSEvidentlyExperiment","resource-types"
"New-VSEvidentlyFeature","resource-types"
"New-VSEvidentlyLaunch","resource-types"
"New-VSEvidentlyProject","resource-types"
"New-VSEvidentlySegment","resource-types"
"New-VSEVSEnvironment","resource-types"
"New-VSFinSpaceEnvironment","resource-types"
"New-VSFISExperimentTemplate","resource-types"
"New-VSFISTargetAccountConfiguration","resource-types"
"New-VSFMSNotificationChannel","resource-types"
"New-VSFMSPolicy","resource-types"
"New-VSFMSResourceSet","resource-types"
"New-VSForecastDataset","resource-types"
"New-VSForecastDatasetGroup","resource-types"
"New-VSFraudDetectorDetector","resource-types"
"New-VSFraudDetectorEntityType","resource-types"
"New-VSFraudDetectorEventType","resource-types"
"New-VSFraudDetectorLabel","resource-types"
"New-VSFraudDetectorList","resource-types"
"New-VSFraudDetectorOutcome","resource-types"
"New-VSFraudDetectorVariable","resource-types"
"New-VSFSxDataRepositoryAssociation","resource-types"
"New-VSFSxFileSystem","resource-types"
"New-VSFSxS3AccessPointAttachment","resource-types"
"New-VSFSxSnapshot","resource-types"
"New-VSFSxStorageVirtualMachine","resource-types"
"New-VSFSxVolume","resource-types"
"New-VSGameLiftAlias","resource-types"
"New-VSGameLiftBuild","resource-types"
"New-VSGameLiftContainerFleet","resource-types"
"New-VSGameLiftContainerGroupDefinition","resource-types"
"New-VSGameLiftFleet","resource-types"
"New-VSGameLiftGameServerGroup","resource-types"
"New-VSGameLiftGameSessionQueue","resource-types"
"New-VSGameLiftLocation","resource-types"
"New-VSGameLiftMatchmakingConfiguration","resource-types"
"New-VSGameLiftMatchmakingRuleSet","resource-types"
"New-VSGameLiftScript","resource-types"
"New-VSGameLiftStreamsApplication","resource-types"
"New-VSGameLiftStreamsStreamGroup","resource-types"
"New-VSGammaDilithiumJobDefinition","resource-types"
"New-VSGlobalAcceleratorAccelerator","resource-types"
"New-VSGlobalAcceleratorCrossAccountAttachment","resource-types"
"New-VSGlobalAcceleratorEndpointGroup","resource-types"
"New-VSGlobalAcceleratorListener","resource-types"
"New-VSGlueClassifier","resource-types"
"New-VSGlueConnection","resource-types"
"New-VSGlueCrawler","resource-types"
"New-VSGlueCustomEntityType","resource-types"
"New-VSGlueDatabase","resource-types"
"New-VSGlueDataCatalogEncryptionSettings","resource-types"
"New-VSGlueDataQualityRuleset","resource-types"
"New-VSGlueDevEndpoint","resource-types"
"New-VSGlueIdentityCenterConfiguration","resource-types"
"New-VSGlueIntegration","resource-types"
"New-VSGlueIntegrationResourceProperty","resource-types"
"New-VSGlueJob","resource-types"
"New-VSGlueMLTransform","resource-types"
"New-VSGluePartition","resource-types"
"New-VSGlueRegistry","resource-types"
"New-VSGlueSchema","resource-types"
"New-VSGlueSchemaVersion","resource-types"
"New-VSGlueSchemaVersionMetadata","resource-types"
"New-VSGlueSecurityConfiguration","resource-types"
"New-VSGlueTable","resource-types"
"New-VSGlueTableOptimizer","resource-types"
"New-VSGlueTrigger","resource-types"
"New-VSGlueUsageProfile","resource-types"
"New-VSGlueWorkflow","resource-types"
"New-VSGrafanaWorkspace","resource-types"
"New-VSGreengrassConnectorDefinition","resource-types"
"New-VSGreengrassConnectorDefinitionVersion","resource-types"
"New-VSGreengrassCoreDefinition","resource-types"
"New-VSGreengrassCoreDefinitionVersion","resource-types"
"New-VSGreengrassDeviceDefinition","resource-types"
"New-VSGreengrassDeviceDefinitionVersion","resource-types"
"New-VSGreengrassFunctionDefinition","resource-types"
"New-VSGreengrassFunctionDefinitionVersion","resource-types"
"New-VSGreengrassGroup","resource-types"
"New-VSGreengrassGroupVersion","resource-types"
"New-VSGreengrassLoggerDefinition","resource-types"
"New-VSGreengrassLoggerDefinitionVersion","resource-types"
"New-VSGreengrassResourceDefinition","resource-types"
"New-VSGreengrassResourceDefinitionVersion","resource-types"
"New-VSGreengrassSubscriptionDefinition","resource-types"
"New-VSGreengrassSubscriptionDefinitionVersion","resource-types"
"New-VSGreengrassV2ComponentVersion","resource-types"
"New-VSGreengrassV2Deployment","resource-types"
"New-VSGroundStationConfig","resource-types"
"New-VSGroundStationDataflowEndpointGroup","resource-types"
"New-VSGroundStationDataflowEndpointGroupV2","resource-types"
"New-VSGroundStationMissionProfile","resource-types"
"New-VSGuardDutyDetector","resource-types"
"New-VSGuardDutyFilter","resource-types"
"New-VSGuardDutyIPSet","resource-types"
"New-VSGuardDutyMalwareProtectionPlan","resource-types"
"New-VSGuardDutyMaster","resource-types"
"New-VSGuardDutyMember","resource-types"
"New-VSGuardDutyPublishingDestination","resource-types"
"New-VSGuardDutyThreatEntitySet","resource-types"
"New-VSGuardDutyThreatIntelSet","resource-types"
"New-VSGuardDutyTrustedEntitySet","resource-types"
"New-VSHealthImagingDatastore","resource-types"
"New-VSHealthLakeFHIRDatastore","resource-types"
"New-VSIAMAccessKey","resource-types"
"New-VSIAMGroup","resource-types"
"New-VSIAMGroupPolicy","resource-types"
"New-VSIAMInstanceProfile","resource-types"
"New-VSIAMManagedPolicy","resource-types"
"New-VSIAMOIDCProvider","resource-types"
"New-VSIAMPolicy","resource-types"
"New-VSIAMRole","resource-types"
"New-VSIAMRolePolicy","resource-types"
"New-VSIAMSAMLProvider","resource-types"
"New-VSIAMServerCertificate","resource-types"
"New-VSIAMServiceLinkedRole","resource-types"
"New-VSIAMUser","resource-types"
"New-VSIAMUserPolicy","resource-types"
"New-VSIAMUserToGroupAddition","resource-types"
"New-VSIAMVirtualMFADevice","resource-types"
"New-VSIdentityStoreGroup","resource-types"
"New-VSIdentityStoreGroupMembership","resource-types"
"New-VSImageBuilderComponent","resource-types"
"New-VSImageBuilderContainerRecipe","resource-types"
"New-VSImageBuilderDistributionConfiguration","resource-types"
"New-VSImageBuilderImage","resource-types"
"New-VSImageBuilderImagePipeline","resource-types"
"New-VSImageBuilderImageRecipe","resource-types"
"New-VSImageBuilderInfrastructureConfiguration","resource-types"
"New-VSImageBuilderLifecyclePolicy","resource-types"
"New-VSImageBuilderWorkflow","resource-types"
"New-VSInspectorAssessmentTarget","resource-types"
"New-VSInspectorAssessmentTemplate","resource-types"
"New-VSInspectorResourceGroup","resource-types"
"New-VSInspectorV2CisScanConfiguration","resource-types"
"New-VSInspectorV2CodeSecurityIntegration","resource-types"
"New-VSInspectorV2CodeSecurityScanConfiguration","resource-types"
"New-VSInspectorV2Filter","resource-types"
"New-VSInternetMonitorMonitor","resource-types"
"New-VSInvoicingInvoiceUnit","resource-types"
"New-VSIoTAccountAuditConfiguration","resource-types"
"New-VSIoTAnalyticsChannel","resource-types"
"New-VSIoTAnalyticsDataset","resource-types"
"New-VSIoTAnalyticsDatastore","resource-types"
"New-VSIoTAnalyticsPipeline","resource-types"
"New-VSIoTAuthorizer","resource-types"
"New-VSIoTBillingGroup","resource-types"
"New-VSIoTCACertificate","resource-types"
"New-VSIoTCertificate","resource-types"
"New-VSIoTCertificateProvider","resource-types"
"New-VSIoTCommand","resource-types"
"New-VSIoTCoreDeviceAdvisorSuiteDefinition","resource-types"
"New-VSIoTCustomMetric","resource-types"
"New-VSIoTDimension","resource-types"
"New-VSIoTDomainConfiguration","resource-types"
"New-VSIoTEncryptionConfiguration","resource-types"
"New-VSIoTEventsAlarmModel","resource-types"
"New-VSIoTEventsDetectorModel","resource-types"
"New-VSIoTEventsInput","resource-types"
"New-VSIoTFleetMetric","resource-types"
"New-VSIoTFleetWiseCampaign","resource-types"
"New-VSIoTFleetWiseDecoderManifest","resource-types"
"New-VSIoTFleetWiseFleet","resource-types"
"New-VSIoTFleetWiseModelManifest","resource-types"
"New-VSIoTFleetWiseSignalCatalog","resource-types"
"New-VSIoTFleetWiseStateTemplate","resource-types"
"New-VSIoTFleetWiseVehicle","resource-types"
"New-VSIoTJobTemplate","resource-types"
"New-VSIoTLogging","resource-types"
"New-VSIoTManagedIntegrationsCredentialLocker","resource-types"
"New-VSIoTManagedIntegrationsManagedThing","resource-types"
"New-VSIoTManagedIntegrationsProvisioningProfile","resource-types"
"New-VSIoTMitigationAction","resource-types"
"New-VSIoTPolicy","resource-types"
"New-VSIoTPolicyPrincipalAttachment","resource-types"
"New-VSIoTProvisioningTemplate","resource-types"
"New-VSIoTResourceSpecificLogging","resource-types"
"New-VSIoTRoleAlias","resource-types"
"New-VSIoTScheduledAudit","resource-types"
"New-VSIoTSecurityProfile","resource-types"
"New-VSIoTSiteWiseAccessPolicy","resource-types"
"New-VSIoTSiteWiseAsset","resource-types"
"New-VSIoTSiteWiseAssetModel","resource-types"
"New-VSIoTSiteWiseComputationModel","resource-types"
"New-VSIoTSiteWiseDashboard","resource-types"
"New-VSIoTSiteWiseDataset","resource-types"
"New-VSIoTSiteWiseGateway","resource-types"
"New-VSIoTSiteWisePortal","resource-types"
"New-VSIoTSiteWiseProject","resource-types"
"New-VSIoTSoftwarePackage","resource-types"
"New-VSIoTSoftwarePackageVersion","resource-types"
"New-VSIoTThing","resource-types"
"New-VSIoTThingGroup","resource-types"
"New-VSIoTThingPrincipalAttachment","resource-types"
"New-VSIoTThingsGraphFlowTemplate","resource-types"
"New-VSIoTThingType","resource-types"
"New-VSIoTTopicRule","resource-types"
"New-VSIoTTopicRuleDestination","resource-types"
"New-VSIoTTwinMakerComponentType","resource-types"
"New-VSIoTTwinMakerEntity","resource-types"
"New-VSIoTTwinMakerScene","resource-types"
"New-VSIoTTwinMakerSyncJob","resource-types"
"New-VSIoTTwinMakerWorkspace","resource-types"
"New-VSIoTWirelessDestination","resource-types"
"New-VSIoTWirelessDeviceProfile","resource-types"
"New-VSIoTWirelessFuotaTask","resource-types"
"New-VSIoTWirelessMulticastGroup","resource-types"
"New-VSIoTWirelessNetworkAnalyzerConfiguration","resource-types"
"New-VSIoTWirelessPartnerAccount","resource-types"
"New-VSIoTWirelessServiceProfile","resource-types"
"New-VSIoTWirelessTaskDefinition","resource-types"
"New-VSIoTWirelessWirelessDevice","resource-types"
"New-VSIoTWirelessWirelessDeviceImportTask","resource-types"
"New-VSIoTWirelessWirelessGateway","resource-types"
"New-VSIVSChannel","resource-types"
"New-VSIVSChatLoggingConfiguration","resource-types"
"New-VSIVSChatRoom","resource-types"
"New-VSIVSEncoderConfiguration","resource-types"
"New-VSIVSIngestConfiguration","resource-types"
"New-VSIVSPlaybackKeyPair","resource-types"
"New-VSIVSPlaybackRestrictionPolicy","resource-types"
"New-VSIVSPublicKey","resource-types"
"New-VSIVSRecordingConfiguration","resource-types"
"New-VSIVSStage","resource-types"
"New-VSIVSStorageConfiguration","resource-types"
"New-VSIVSStreamKey","resource-types"
"New-VSKafkaConnectConnector","resource-types"
"New-VSKafkaConnectCustomPlugin","resource-types"
"New-VSKafkaConnectWorkerConfiguration","resource-types"
"New-VSKendraDataSource","resource-types"
"New-VSKendraFaq","resource-types"
"New-VSKendraIndex","resource-types"
"New-VSKendraRankingExecutionPlan","resource-types"
"New-VSKinesisAnalyticsApplication","resource-types"
"New-VSKinesisAnalyticsApplicationOutput","resource-types"
"New-VSKinesisAnalyticsApplicationReferenceDataSource","resource-types"
"New-VSKinesisAnalyticsV2Application","resource-types"
"New-VSKinesisAnalyticsV2ApplicationCloudWatchLoggingOption","resource-types"
"New-VSKinesisAnalyticsV2ApplicationOutput","resource-types"
"New-VSKinesisAnalyticsV2ApplicationReferenceDataSource","resource-types"
"New-VSKinesisFirehoseDeliveryStream","resource-types"
"New-VSKinesisResourcePolicy","resource-types"
"New-VSKinesisStream","resource-types"
"New-VSKinesisStreamConsumer","resource-types"
"New-VSKinesisVideoSignalingChannel","resource-types"
"New-VSKinesisVideoStream","resource-types"
"New-VSKMSAlias","resource-types"
"New-VSKMSKey","resource-types"
"New-VSKMSReplicaKey","resource-types"
"New-VSLakeFormationDataCellsFilter","resource-types"
"New-VSLakeFormationDataLakeSettings","resource-types"
"New-VSLakeFormationPermissions","resource-types"
"New-VSLakeFormationPrincipalPermissions","resource-types"
"New-VSLakeFormationResource","resource-types"
"New-VSLakeFormationTag","resource-types"
"New-VSLakeFormationTagAssociation","resource-types"
"New-VSLambdaAlias","resource-types"
"New-VSLambdaCapacityProvider","resource-types"
"New-VSLambdaCodeSigningConfig","resource-types"
"New-VSLambdaEventInvokeConfig","resource-types"
"New-VSLambdaEventSourceMapping","resource-types"
"New-VSLambdaFunction","resource-types"
"New-VSLambdaLayerVersion","resource-types"
"New-VSLambdaLayerVersionPermission","resource-types"
"New-VSLambdaPermission","resource-types"
"New-VSLambdaResourcePolicy","resource-types"
"New-VSLambdaUrl","resource-types"
"New-VSLambdaVersion","resource-types"
"New-VSLaunchWizardDeployment","resource-types"
"New-VSLexBot","resource-types"
"New-VSLexBotAlias","resource-types"
"New-VSLexBotVersion","resource-types"
"New-VSLexResourcePolicy","resource-types"
"New-VSLicenseManagerGrant","resource-types"
"New-VSLicenseManagerLicense","resource-types"
"New-VSLightsailAlarm","resource-types"
"New-VSLightsailBucket","resource-types"
"New-VSLightsailCertificate","resource-types"
"New-VSLightsailContainer","resource-types"
"New-VSLightsailDatabase","resource-types"
"New-VSLightsailDisk","resource-types"
"New-VSLightsailDiskSnapshot","resource-types"
"New-VSLightsailDistribution","resource-types"
"New-VSLightsailDomain","resource-types"
"New-VSLightsailInstance","resource-types"
"New-VSLightsailInstanceSnapshot","resource-types"
"New-VSLightsailLoadBalancer","resource-types"
"New-VSLightsailLoadBalancerTlsCertificate","resource-types"
"New-VSLightsailStaticIp","resource-types"
"New-VSLocationAPIKey","resource-types"
"New-VSLocationGeofenceCollection","resource-types"
"New-VSLocationMap","resource-types"
"New-VSLocationPlaceIndex","resource-types"
"New-VSLocationRouteCalculator","resource-types"
"New-VSLocationTracker","resource-types"
"New-VSLocationTrackerConsumer","resource-types"
"New-VSLogsAccountPolicy","resource-types"
"New-VSLogsDelivery","resource-types"
"New-VSLogsDeliveryDestination","resource-types"
"New-VSLogsDeliverySource","resource-types"
"New-VSLogsDestination","resource-types"
"New-VSLogsIntegration","resource-types"
"New-VSLogsLogAnomalyDetector","resource-types"
"New-VSLogsLogGroup","resource-types"
"New-VSLogsLogStream","resource-types"
"New-VSLogsMetricFilter","resource-types"
"New-VSLogsQueryDefinition","resource-types"
"New-VSLogsResourcePolicy","resource-types"
"New-VSLogsSubscriptionFilter","resource-types"
"New-VSLogsTransformer","resource-types"
"New-VSLookoutEquipmentInferenceScheduler","resource-types"
"New-VSLookoutVisionProject","resource-types"
"New-VSM2Application","resource-types"
"New-VSM2Deployment","resource-types"
"New-VSM2Environment","resource-types"
"New-VSMacieAllowList","resource-types"
"New-VSMacieCustomDataIdentifier","resource-types"
"New-VSMacieFindingsFilter","resource-types"
"New-VSMacieSession","resource-types"
"New-VSManagedBlockchainAccessor","resource-types"
"New-VSManagedBlockchainMember","resource-types"
"New-VSManagedBlockchainNode","resource-types"
"New-VSMediaConnectBridge","resource-types"
"New-VSMediaConnectBridgeOutput","resource-types"
"New-VSMediaConnectBridgeSource","resource-types"
"New-VSMediaConnectFlow","resource-types"
"New-VSMediaConnectFlowEntitlement","resource-types"
"New-VSMediaConnectFlowOutput","resource-types"
"New-VSMediaConnectFlowSource","resource-types"
"New-VSMediaConnectFlowVpcInterface","resource-types"
"New-VSMediaConnectGateway","resource-types"
"New-VSMediaConnectRouterInput","resource-types"
"New-VSMediaConnectRouterNetworkInterface","resource-types"
"New-VSMediaConnectRouterOutput","resource-types"
"New-VSMediaConvertJobTemplate","resource-types"
"New-VSMediaConvertPreset","resource-types"
"New-VSMediaConvertQueue","resource-types"
"New-VSMediaLiveChannel","resource-types"
"New-VSMediaLiveChannelPlacementGroup","resource-types"
"New-VSMediaLiveCloudWatchAlarmTemplate","resource-types"
"New-VSMediaLiveCloudWatchAlarmTemplateGroup","resource-types"
"New-VSMediaLiveCluster","resource-types"
"New-VSMediaLiveEventBridgeRuleTemplate","resource-types"
"New-VSMediaLiveEventBridgeRuleTemplateGroup","resource-types"
"New-VSMediaLiveInput","resource-types"
"New-VSMediaLiveInputSecurityGroup","resource-types"
"New-VSMediaLiveMultiplex","resource-types"
"New-VSMediaLiveMultiplexprogram","resource-types"
"New-VSMediaLiveNetwork","resource-types"
"New-VSMediaLiveSdiSource","resource-types"
"New-VSMediaLiveSignalMap","resource-types"
"New-VSMediaPackageAsset","resource-types"
"New-VSMediaPackageChannel","resource-types"
"New-VSMediaPackageOriginEndpoint","resource-types"
"New-VSMediaPackagePackagingConfiguration","resource-types"
"New-VSMediaPackagePackagingGroup","resource-types"
"New-VSMediaPackageV2Channel","resource-types"
"New-VSMediaPackageV2ChannelGroup","resource-types"
"New-VSMediaPackageV2ChannelPolicy","resource-types"
"New-VSMediaPackageV2OriginEndpoint","resource-types"
"New-VSMediaPackageV2OriginEndpointPolicy","resource-types"
"New-VSMediaStoreContainer","resource-types"
"New-VSMediaTailorChannel","resource-types"
"New-VSMediaTailorChannelPolicy","resource-types"
"New-VSMediaTailorLiveSource","resource-types"
"New-VSMediaTailorPlaybackConfiguration","resource-types"
"New-VSMediaTailorSourceLocation","resource-types"
"New-VSMediaTailorVodSource","resource-types"
"New-VSMemoryDBACL","resource-types"
"New-VSMemoryDBCluster","resource-types"
"New-VSMemoryDBMultiRegionCluster","resource-types"
"New-VSMemoryDBParameterGroup","resource-types"
"New-VSMemoryDBSubnetGroup","resource-types"
"New-VSMemoryDBUser","resource-types"
"New-VSMPAApprovalTeam","resource-types"
"New-VSMPAIdentitySource","resource-types"
"New-VSMSKBatchScramSecret","resource-types"
"New-VSMSKCluster","resource-types"
"New-VSMSKClusterPolicy","resource-types"
"New-VSMSKConfiguration","resource-types"
"New-VSMSKReplicator","resource-types"
"New-VSMSKServerlessCluster","resource-types"
"New-VSMSKVpcConnection","resource-types"
"New-VSMWAAEnvironment","resource-types"
"New-VSNeptuneDBCluster","resource-types"
"New-VSNeptuneDBClusterParameterGroup","resource-types"
"New-VSNeptuneDBInstance","resource-types"
"New-VSNeptuneDBParameterGroup","resource-types"
"New-VSNeptuneDBSubnetGroup","resource-types"
"New-VSNeptuneEventSubscription","resource-types"
"New-VSNeptuneGraphGraph","resource-types"
"New-VSNeptuneGraphPrivateGraphEndpoint","resource-types"
"New-VSNetworkFirewallFirewall","resource-types"
"New-VSNetworkFirewallFirewallPolicy","resource-types"
"New-VSNetworkFirewallLoggingConfiguration","resource-types"
"New-VSNetworkFirewallRuleGroup","resource-types"
"New-VSNetworkFirewallTLSInspectionConfiguration","resource-types"
"New-VSNetworkFirewallVpcEndpointAssociation","resource-types"
"New-VSNetworkManagerConnectAttachment","resource-types"
"New-VSNetworkManagerConnectPeer","resource-types"
"New-VSNetworkManagerCoreNetwork","resource-types"
"New-VSNetworkManagerCoreNetworkPrefixListAssociation","resource-types"
"New-VSNetworkManagerCustomerGatewayAssociation","resource-types"
"New-VSNetworkManagerDevice","resource-types"
"New-VSNetworkManagerDirectConnectGatewayAttachment","resource-types"
"New-VSNetworkManagerGlobalNetwork","resource-types"
"New-VSNetworkManagerLink","resource-types"
"New-VSNetworkManagerLinkAssociation","resource-types"
"New-VSNetworkManagerSite","resource-types"
"New-VSNetworkManagerSiteToSiteVpnAttachment","resource-types"
"New-VSNetworkManagerTransitGatewayPeering","resource-types"
"New-VSNetworkManagerTransitGatewayRegistration","resource-types"
"New-VSNetworkManagerTransitGatewayRouteTableAttachment","resource-types"
"New-VSNetworkManagerVpcAttachment","resource-types"
"New-VSNimbleStudioStudio","resource-types"
"New-VSNotificationsChannelAssociation","resource-types"
"New-VSNotificationsContactsEmailContact","resource-types"
"New-VSNotificationsEventRule","resource-types"
"New-VSNotificationsManagedNotificationAccountContactAssociation","resource-types"
"New-VSNotificationsManagedNotificationAdditionalChannelAssociation","resource-types"
"New-VSNotificationsNotificationConfiguration","resource-types"
"New-VSNotificationsNotificationHub","resource-types"
"New-VSNotificationsOrganizationalUnitAssociation","resource-types"
"New-VSOamLink","resource-types"
"New-VSOamSink","resource-types"
"New-VSObservabilityAdminOrganizationCentralizationRule","resource-types"
"New-VSObservabilityAdminOrganizationTelemetryRule","resource-types"
"New-VSObservabilityAdminS3TableIntegration","resource-types"
"New-VSObservabilityAdminTelemetryPipelines","resource-types"
"New-VSObservabilityAdminTelemetryRule","resource-types"
"New-VSODBCloudAutonomousVmCluster","resource-types"
"New-VSODBCloudExadataInfrastructure","resource-types"
"New-VSODBCloudVmCluster","resource-types"
"New-VSODBOdbNetwork","resource-types"
"New-VSODBOdbPeeringConnection","resource-types"
"New-VSOmicsAnnotationStore","resource-types"
"New-VSOmicsReferenceStore","resource-types"
"New-VSOmicsRunGroup","resource-types"
"New-VSOmicsSequenceStore","resource-types"
"New-VSOmicsVariantStore","resource-types"
"New-VSOmicsWorkflow","resource-types"
"New-VSOmicsWorkflowVersion","resource-types"
"New-VSOpenSearchServerlessAccessPolicy","resource-types"
"New-VSOpenSearchServerlessCollection","resource-types"
"New-VSOpenSearchServerlessIndex","resource-types"
"New-VSOpenSearchServerlessLifecyclePolicy","resource-types"
"New-VSOpenSearchServerlessSecurityConfig","resource-types"
"New-VSOpenSearchServerlessSecurityPolicy","resource-types"
"New-VSOpenSearchServerlessVpcEndpoint","resource-types"
"New-VSOpenSearchServiceApplication","resource-types"
"New-VSOpenSearchServiceDomain","resource-types"
"New-VSOpsWorksApp","resource-types"
"New-VSOpsWorksElasticLoadBalancerAttachment","resource-types"
"New-VSOpsWorksInstance","resource-types"
"New-VSOpsWorksLayer","resource-types"
"New-VSOpsWorksStack","resource-types"
"New-VSOpsWorksUserProfile","resource-types"
"New-VSOpsWorksVolume","resource-types"
"New-VSOrganizationsAccount","resource-types"
"New-VSOrganizationsOrganization","resource-types"
"New-VSOrganizationsOrganizationalUnit","resource-types"
"New-VSOrganizationsPolicy","resource-types"
"New-VSOrganizationsResourcePolicy","resource-types"
"New-VSOSISPipeline","resource-types"
"New-VSPanoramaApplicationInstance","resource-types"
"New-VSPanoramaPackage","resource-types"
"New-VSPanoramaPackageVersion","resource-types"
"New-VSPaymentCryptographyAlias","resource-types"
"New-VSPaymentCryptographyKey","resource-types"
"New-VSPCAConnectorADConnector","resource-types"
"New-VSPCAConnectorADDirectoryRegistration","resource-types"
"New-VSPCAConnectorADServicePrincipalName","resource-types"
"New-VSPCAConnectorADTemplate","resource-types"
"New-VSPCAConnectorADTemplateGroupAccessControlEntry","resource-types"
"New-VSPCAConnectorSCEPChallenge","resource-types"
"New-VSPCAConnectorSCEPConnector","resource-types"
"New-VSPCSCluster","resource-types"
"New-VSPCSComputeNodeGroup","resource-types"
"New-VSPCSQueue","resource-types"
"New-VSPersonalizeDataset","resource-types"
"New-VSPersonalizeDatasetGroup","resource-types"
"New-VSPersonalizeSchema","resource-types"
"New-VSPersonalizeSolution","resource-types"
"New-VSPinpointADMChannel","resource-types"
"New-VSPinpointAPNSChannel","resource-types"
"New-VSPinpointAPNSSandboxChannel","resource-types"
"New-VSPinpointAPNSVoipChannel","resource-types"
"New-VSPinpointAPNSVoipSandboxChannel","resource-types"
"New-VSPinpointApp","resource-types"
"New-VSPinpointApplicationSettings","resource-types"
"New-VSPinpointBaiduChannel","resource-types"
"New-VSPinpointCampaign","resource-types"
"New-VSPinpointEmailChannel","resource-types"
"New-VSPinpointEmailConfigurationSet","resource-types"
"New-VSPinpointEmailConfigurationSetEventDestination","resource-types"
"New-VSPinpointEmailDedicatedIpPool","resource-types"
"New-VSPinpointEmailIdentity","resource-types"
"New-VSPinpointEmailTemplate","resource-types"
"New-VSPinpointEventStream","resource-types"
"New-VSPinpointGCMChannel","resource-types"
"New-VSPinpointInAppTemplate","resource-types"
"New-VSPinpointPushTemplate","resource-types"
"New-VSPinpointSegment","resource-types"
"New-VSPinpointSMSChannel","resource-types"
"New-VSPinpointSmsTemplate","resource-types"
"New-VSPinpointVoiceChannel","resource-types"
"New-VSPipesPipe","resource-types"
"New-VSProtonEnvironmentAccountConnection","resource-types"
"New-VSProtonEnvironmentTemplate","resource-types"
"New-VSProtonServiceTemplate","resource-types"
"New-VSQBusinessApplication","resource-types"
"New-VSQBusinessDataAccessor","resource-types"
"New-VSQBusinessDataSource","resource-types"
"New-VSQBusinessIndex","resource-types"
"New-VSQBusinessPermission","resource-types"
"New-VSQBusinessPlugin","resource-types"
"New-VSQBusinessRetriever","resource-types"
"New-VSQBusinessWebExperience","resource-types"
"New-VSQLDBLedger","resource-types"
"New-VSQLDBStream","resource-types"
"New-VSQuickSightAnalysis","resource-types"
"New-VSQuickSightCustomPermissions","resource-types"
"New-VSQuickSightDashboard","resource-types"
"New-VSQuickSightDataSet","resource-types"
"New-VSQuickSightDataSource","resource-types"
"New-VSQuickSightFolder","resource-types"
"New-VSQuickSightRefreshSchedule","resource-types"
"New-VSQuickSightTemplate","resource-types"
"New-VSQuickSightTheme","resource-types"
"New-VSQuickSightTopic","resource-types"
"New-VSQuickSightVPCConnection","resource-types"
"New-VSRAMPermission","resource-types"
"New-VSRAMResourceShare","resource-types"
"New-VSRbinRule","resource-types"
"New-VSRDSCustomDBEngineVersion","resource-types"
"New-VSRDSDBCluster","resource-types"
"New-VSRDSDBClusterParameterGroup","resource-types"
"New-VSRDSDBInstance","resource-types"
"New-VSRDSDBParameterGroup","resource-types"
"New-VSRDSDBProxy","resource-types"
"New-VSRDSDBProxyEndpoint","resource-types"
"New-VSRDSDBProxyTargetGroup","resource-types"
"New-VSRDSDBSecurityGroup","resource-types"
"New-VSRDSDBSecurityGroupIngress","resource-types"
"New-VSRDSDBShardGroup","resource-types"
"New-VSRDSDBSubnetGroup","resource-types"
"New-VSRDSEventSubscription","resource-types"
"New-VSRDSGlobalCluster","resource-types"
"New-VSRDSIntegration","resource-types"
"New-VSRDSOptionGroup","resource-types"
"New-VSRedshiftCluster","resource-types"
"New-VSRedshiftClusterParameterGroup","resource-types"
"New-VSRedshiftClusterSecurityGroup","resource-types"
"New-VSRedshiftClusterSecurityGroupIngress","resource-types"
"New-VSRedshiftClusterSubnetGroup","resource-types"
"New-VSRedshiftEndpointAccess","resource-types"
"New-VSRedshiftEndpointAuthorization","resource-types"
"New-VSRedshiftEventSubscription","resource-types"
"New-VSRedshiftIntegration","resource-types"
"New-VSRedshiftScheduledAction","resource-types"
"New-VSRedshiftServerlessNamespace","resource-types"
"New-VSRedshiftServerlessSnapshot","resource-types"
"New-VSRedshiftServerlessWorkgroup","resource-types"
"New-VSRefactorSpacesApplication","resource-types"
"New-VSRefactorSpacesEnvironment","resource-types"
"New-VSRefactorSpacesRoute","resource-types"
"New-VSRefactorSpacesService","resource-types"
"New-VSRekognitionCollection","resource-types"
"New-VSRekognitionProject","resource-types"
"New-VSRekognitionStreamProcessor","resource-types"
"New-VSResilienceHubApp","resource-types"
"New-VSResilienceHubResiliencyPolicy","resource-types"
"New-VSResourceExplorer2DefaultViewAssociation","resource-types"
"New-VSResourceExplorer2Index","resource-types"
"New-VSResourceExplorer2View","resource-types"
"New-VSResourceGroupsGroup","resource-types"
"New-VSResourceGroupsTagSyncTask","resource-types"
"New-VSRoboMakerFleet","resource-types"
"New-VSRoboMakerRobot","resource-types"
"New-VSRoboMakerRobotApplication","resource-types"
"New-VSRoboMakerRobotApplicationVersion","resource-types"
"New-VSRoboMakerSimulationApplication","resource-types"
"New-VSRoboMakerSimulationApplicationVersion","resource-types"
"New-VSRolesAnywhereCRL","resource-types"
"New-VSRolesAnywhereProfile","resource-types"
"New-VSRolesAnywhereTrustAnchor","resource-types"
"New-VSRoute53CidrCollection","resource-types"
"New-VSRoute53DNSSEC","resource-types"
"New-VSRoute53HealthCheck","resource-types"
"New-VSRoute53HostedZone","resource-types"
"New-VSRoute53KeySigningKey","resource-types"
"New-VSRoute53ProfilesProfile","resource-types"
"New-VSRoute53ProfilesProfileAssociation","resource-types"
"New-VSRoute53ProfilesProfileResourceAssociation","resource-types"
"New-VSRoute53RecordSet","resource-types"
"New-VSRoute53RecordSetGroup","resource-types"
"New-VSRoute53RecoveryControlCluster","resource-types"
"New-VSRoute53RecoveryControlControlPanel","resource-types"
"New-VSRoute53RecoveryControlRoutingControl","resource-types"
"New-VSRoute53RecoveryControlSafetyRule","resource-types"
"New-VSRoute53RecoveryReadinessCell","resource-types"
"New-VSRoute53RecoveryReadinessReadinessCheck","resource-types"
"New-VSRoute53RecoveryReadinessRecoveryGroup","resource-types"
"New-VSRoute53RecoveryReadinessResourceSet","resource-types"
"New-VSRoute53ResolverFirewallDomainList","resource-types"
"New-VSRoute53ResolverFirewallRuleGroup","resource-types"
"New-VSRoute53ResolverFirewallRuleGroupAssociation","resource-types"
"New-VSRoute53ResolverOutpostResolver","resource-types"
"New-VSRoute53ResolverResolverConfig","resource-types"
"New-VSRoute53ResolverResolverDNSSECConfig","resource-types"
"New-VSRoute53ResolverResolverEndpoint","resource-types"
"New-VSRoute53ResolverResolverQueryLoggingConfig","resource-types"
"New-VSRoute53ResolverResolverQueryLoggingConfigAssociation","resource-types"
"New-VSRoute53ResolverResolverRule","resource-types"
"New-VSRoute53ResolverResolverRuleAssociation","resource-types"
"New-VSRTBFabricInboundExternalLink","resource-types"
"New-VSRTBFabricLink","resource-types"
"New-VSRTBFabricOutboundExternalLink","resource-types"
"New-VSRTBFabricRequesterGateway","resource-types"
"New-VSRTBFabricResponderGateway","resource-types"
"New-VSRUMAppMonitor","resource-types"
"New-VSS3AccessGrant","resource-types"
"New-VSS3AccessGrantsInstance","resource-types"
"New-VSS3AccessGrantsLocation","resource-types"
"New-VSS3AccessPoint","resource-types"
"New-VSS3Bucket","resource-types"
"New-VSS3BucketPolicy","resource-types"
"New-VSS3ExpressAccessPoint","resource-types"
"New-VSS3ExpressBucketPolicy","resource-types"
"New-VSS3ExpressDirectoryBucket","resource-types"
"New-VSS3MultiRegionAccessPoint","resource-types"
"New-VSS3MultiRegionAccessPointPolicy","resource-types"
"New-VSS3ObjectLambdaAccessPoint","resource-types"
"New-VSS3ObjectLambdaAccessPointPolicy","resource-types"
"New-VSS3OutpostsAccessPoint","resource-types"
"New-VSS3OutpostsBucket","resource-types"
"New-VSS3OutpostsBucketPolicy","resource-types"
"New-VSS3OutpostsEndpoint","resource-types"
"New-VSS3StorageLens","resource-types"
"New-VSS3StorageLensGroup","resource-types"
"New-VSS3TablesNamespace","resource-types"
"New-VSS3TablesTable","resource-types"
"New-VSS3TablesTableBucket","resource-types"
"New-VSS3TablesTableBucketPolicy","resource-types"
"New-VSS3TablesTablePolicy","resource-types"
"New-VSS3VectorsIndex","resource-types"
"New-VSS3VectorsVectorBucket","resource-types"
"New-VSS3VectorsVectorBucketPolicy","resource-types"
"New-VSSageMakerApp","resource-types"
"New-VSSageMakerAppImageConfig","resource-types"
"New-VSSageMakerCluster","resource-types"
"New-VSSageMakerCodeRepository","resource-types"
"New-VSSageMakerDataQualityJobDefinition","resource-types"
"New-VSSageMakerDevice","resource-types"
"New-VSSageMakerDeviceFleet","resource-types"
"New-VSSageMakerDomain","resource-types"
"New-VSSageMakerEndpoint","resource-types"
"New-VSSageMakerEndpointConfig","resource-types"
"New-VSSageMakerFeatureGroup","resource-types"
"New-VSSageMakerImage","resource-types"
"New-VSSageMakerImageVersion","resource-types"
"New-VSSageMakerInferenceComponent","resource-types"
"New-VSSageMakerInferenceExperiment","resource-types"
"New-VSSageMakerMlflowTrackingServer","resource-types"
"New-VSSageMakerModel","resource-types"
"New-VSSageMakerModelBiasJobDefinition","resource-types"
"New-VSSageMakerModelCard","resource-types"
"New-VSSageMakerModelExplainabilityJobDefinition","resource-types"
"New-VSSageMakerModelPackage","resource-types"
"New-VSSageMakerModelPackageGroup","resource-types"
"New-VSSageMakerModelQualityJobDefinition","resource-types"
"New-VSSageMakerMonitoringSchedule","resource-types"
"New-VSSageMakerNotebookInstance","resource-types"
"New-VSSageMakerNotebookInstanceLifecycleConfig","resource-types"
"New-VSSageMakerPartnerApp","resource-types"
"New-VSSageMakerPipeline","resource-types"
"New-VSSageMakerProcessingJob","resource-types"
"New-VSSageMakerProject","resource-types"
"New-VSSageMakerSpace","resource-types"
"New-VSSageMakerStudioLifecycleConfig","resource-types"
"New-VSSageMakerUserProfile","resource-types"
"New-VSSageMakerWorkteam","resource-types"
"New-VSSchedulerSchedule","resource-types"
"New-VSSchedulerScheduleGroup","resource-types"
"New-VSSDBDomain","resource-types"
"New-VSSecretsManagerResourcePolicy","resource-types"
"New-VSSecretsManagerRotationSchedule","resource-types"
"New-VSSecretsManagerSecret","resource-types"
"New-VSSecretsManagerSecretTargetAttachment","resource-types"
"New-VSSecurityHubAggregatorV2","resource-types"
"New-VSSecurityHubAutomationRule","resource-types"
"New-VSSecurityHubAutomationRuleV2","resource-types"
"New-VSSecurityHubConfigurationPolicy","resource-types"
"New-VSSecurityHubConnectorV2","resource-types"
"New-VSSecurityHubDelegatedAdmin","resource-types"
"New-VSSecurityHubFindingAggregator","resource-types"
"New-VSSecurityHubHub","resource-types"
"New-VSSecurityHubHubV2","resource-types"
"New-VSSecurityHubInsight","resource-types"
"New-VSSecurityHubOrganizationConfiguration","resource-types"
"New-VSSecurityHubPolicyAssociation","resource-types"
"New-VSSecurityHubProductSubscription","resource-types"
"New-VSSecurityHubSecurityControl","resource-types"
"New-VSSecurityHubStandard","resource-types"
"New-VSSecurityLakeAwsLogSource","resource-types"
"New-VSSecurityLakeDataLake","resource-types"
"New-VSSecurityLakeSubscriber","resource-types"
"New-VSSecurityLakeSubscriberNotification","resource-types"
"New-VSServiceCatalogAcceptedPortfolioShare","resource-types"
"New-VSServiceCatalogAppRegistryApplication","resource-types"
"New-VSServiceCatalogAppRegistryAttributeGroup","resource-types"
"New-VSServiceCatalogAppRegistryAttributeGroupAssociation","resource-types"
"New-VSServiceCatalogAppRegistryResourceAssociation","resource-types"
"New-VSServiceCatalogCloudFormationProduct","resource-types"
"New-VSServiceCatalogCloudFormationProvisionedProduct","resource-types"
"New-VSServiceCatalogLaunchNotificationConstraint","resource-types"
"New-VSServiceCatalogLaunchRoleConstraint","resource-types"
"New-VSServiceCatalogLaunchTemplateConstraint","resource-types"
"New-VSServiceCatalogPortfolio","resource-types"
"New-VSServiceCatalogPortfolioPrincipalAssociation","resource-types"
"New-VSServiceCatalogPortfolioProductAssociation","resource-types"
"New-VSServiceCatalogPortfolioShare","resource-types"
"New-VSServiceCatalogResourceUpdateConstraint","resource-types"
"New-VSServiceCatalogServiceAction","resource-types"
"New-VSServiceCatalogServiceActionAssociation","resource-types"
"New-VSServiceCatalogStackSetConstraint","resource-types"
"New-VSServiceCatalogTagOption","resource-types"
"New-VSServiceCatalogTagOptionAssociation","resource-types"
"New-VSServiceDiscoveryHttpNamespace","resource-types"
"New-VSServiceDiscoveryInstance","resource-types"
"New-VSServiceDiscoveryPrivateDnsNamespace","resource-types"
"New-VSServiceDiscoveryPublicDnsNamespace","resource-types"
"New-VSServiceDiscoveryService","resource-types"
"New-VSSESConfigurationSet","resource-types"
"New-VSSESConfigurationSetEventDestination","resource-types"
"New-VSSESContactList","resource-types"
"New-VSSESDedicatedIpPool","resource-types"
"New-VSSESEmailIdentity","resource-types"
"New-VSSESMailManagerAddonInstance","resource-types"
"New-VSSESMailManagerAddonSubscription","resource-types"
"New-VSSESMailManagerAddressList","resource-types"
"New-VSSESMailManagerArchive","resource-types"
"New-VSSESMailManagerIngressPoint","resource-types"
"New-VSSESMailManagerRelay","resource-types"
"New-VSSESMailManagerRuleSet","resource-types"
"New-VSSESMailManagerTrafficPolicy","resource-types"
"New-VSSESMultiRegionEndpoint","resource-types"
"New-VSSESReceiptFilter","resource-types"
"New-VSSESReceiptRule","resource-types"
"New-VSSESReceiptRuleSet","resource-types"
"New-VSSESTemplate","resource-types"
"New-VSSESTenant","resource-types"
"New-VSSESVdmAttributes","resource-types"
"New-VSShieldDRTAccess","resource-types"
"New-VSShieldProactiveEngagement","resource-types"
"New-VSShieldProtection","resource-types"
"New-VSShieldProtectionGroup","resource-types"
"New-VSSignerProfilePermission","resource-types"
"New-VSSignerSigningProfile","resource-types"
"New-VSSimSpaceWeaverSimulation","resource-types"
"New-VSSMSVOICEConfigurationSet","resource-types"
"New-VSSMSVOICEOptOutList","resource-types"
"New-VSSMSVOICEPhoneNumber","resource-types"
"New-VSSMSVOICEPool","resource-types"
"New-VSSMSVOICEProtectConfiguration","resource-types"
"New-VSSMSVOICEResourcePolicy","resource-types"
"New-VSSMSVOICESenderId","resource-types"
"New-VSSNSSubscription","resource-types"
"New-VSSNSTopic","resource-types"
"New-VSSNSTopicInlinePolicy","resource-types"
"New-VSSNSTopicPolicy","resource-types"
"New-VSSQSQueue","resource-types"
"New-VSSQSQueueInlinePolicy","resource-types"
"New-VSSQSQueuePolicy","resource-types"
"New-VSSSMAssociation","resource-types"
"New-VSSSMContactsContact","resource-types"
"New-VSSSMContactsContactChannel","resource-types"
"New-VSSSMContactsPlan","resource-types"
"New-VSSSMContactsRotation","resource-types"
"New-VSSSMDocument","resource-types"
"New-VSSSMGuiConnectPreferences","resource-types"
"New-VSSSMIncidentsReplicationSet","resource-types"
"New-VSSSMIncidentsResponsePlan","resource-types"
"New-VSSSMMaintenanceWindow","resource-types"
"New-VSSSMMaintenanceWindowTarget","resource-types"
"New-VSSSMMaintenanceWindowTask","resource-types"
"New-VSSSMParameter","resource-types"
"New-VSSSMPatchBaseline","resource-types"
"New-VSSSMQuickSetupConfigurationManager","resource-types"
"New-VSSSMQuickSetupLifecycleAutomation","resource-types"
"New-VSSSMResourceDataSync","resource-types"
"New-VSSSMResourcePolicy","resource-types"
"New-VSSSOApplication","resource-types"
"New-VSSSOApplicationAssignment","resource-types"
"New-VSSSOAssignment","resource-types"
"New-VSSSOInstance","resource-types"
"New-VSSSOInstanceAccessControlAttributeConfiguration","resource-types"
"New-VSSSOPermissionSet","resource-types"
"New-VSStepFunctionsActivity","resource-types"
"New-VSStepFunctionsStateMachine","resource-types"
"New-VSStepFunctionsStateMachineAlias","resource-types"
"New-VSStepFunctionsStateMachineVersion","resource-types"
"New-VSSupportAppAccountAlias","resource-types"
"New-VSSupportAppSlackChannelConfiguration","resource-types"
"New-VSSupportAppSlackWorkspaceConfiguration","resource-types"
"New-VSSyntheticsCanary","resource-types"
"New-VSSyntheticsGroup","resource-types"
"New-VSSystemsManagerSAPApplication","resource-types"
"New-VSTimestreamDatabase","resource-types"
"New-VSTimestreamInfluxDBInstance","resource-types"
"New-VSTimestreamScheduledQuery","resource-types"
"New-VSTimestreamTable","resource-types"
"New-VSTransferAgreement","resource-types"
"New-VSTransferCertificate","resource-types"
"New-VSTransferConnector","resource-types"
"New-VSTransferProfile","resource-types"
"New-VSTransferServer","resource-types"
"New-VSTransferUser","resource-types"
"New-VSTransferWebApp","resource-types"
"New-VSTransferWorkflow","resource-types"
"New-VSVerifiedPermissionsIdentitySource","resource-types"
"New-VSVerifiedPermissionsPolicy","resource-types"
"New-VSVerifiedPermissionsPolicyStore","resource-types"
"New-VSVerifiedPermissionsPolicyTemplate","resource-types"
"New-VSVoiceIDDomain","resource-types"
"New-VSVpcLatticeAccessLogSubscription","resource-types"
"New-VSVpcLatticeAuthPolicy","resource-types"
"New-VSVpcLatticeDomainVerification","resource-types"
"New-VSVpcLatticeListener","resource-types"
"New-VSVpcLatticeResourceConfiguration","resource-types"
"New-VSVpcLatticeResourceGateway","resource-types"
"New-VSVpcLatticeResourcePolicy","resource-types"
"New-VSVpcLatticeRule","resource-types"
"New-VSVpcLatticeService","resource-types"
"New-VSVpcLatticeServiceNetwork","resource-types"
"New-VSVpcLatticeServiceNetworkResourceAssociation","resource-types"
"New-VSVpcLatticeServiceNetworkServiceAssociation","resource-types"
"New-VSVpcLatticeServiceNetworkVpcAssociation","resource-types"
"New-VSVpcLatticeTargetGroup","resource-types"
"New-VSWAFByteMatchSet","resource-types"
"New-VSWAFIPSet","resource-types"
"New-VSWAFRegionalByteMatchSet","resource-types"
"New-VSWAFRegionalGeoMatchSet","resource-types"
"New-VSWAFRegionalIPSet","resource-types"
"New-VSWAFRegionalRateBasedRule","resource-types"
"New-VSWAFRegionalRegexPatternSet","resource-types"
"New-VSWAFRegionalRule","resource-types"
"New-VSWAFRegionalSizeConstraintSet","resource-types"
"New-VSWAFRegionalSqlInjectionMatchSet","resource-types"
"New-VSWAFRegionalWebACL","resource-types"
"New-VSWAFRegionalWebACLAssociation","resource-types"
"New-VSWAFRegionalXssMatchSet","resource-types"
"New-VSWAFRule","resource-types"
"New-VSWAFSizeConstraintSet","resource-types"
"New-VSWAFSqlInjectionMatchSet","resource-types"
"New-VSWAFv2IPSet","resource-types"
"New-VSWAFv2LoggingConfiguration","resource-types"
"New-VSWAFv2RegexPatternSet","resource-types"
"New-VSWAFv2RuleGroup","resource-types"
"New-VSWAFv2WebACL","resource-types"
"New-VSWAFv2WebACLAssociation","resource-types"
"New-VSWAFWebACL","resource-types"
"New-VSWAFXssMatchSet","resource-types"
"New-VSWisdomAIAgent","resource-types"
"New-VSWisdomAIAgentVersion","resource-types"
"New-VSWisdomAIGuardrail","resource-types"
"New-VSWisdomAIGuardrailVersion","resource-types"
"New-VSWisdomAIPrompt","resource-types"
"New-VSWisdomAIPromptVersion","resource-types"
"New-VSWisdomAssistant","resource-types"
"New-VSWisdomAssistantAssociation","resource-types"
"New-VSWisdomKnowledgeBase","resource-types"
"New-VSWisdomMessageTemplate","resource-types"
"New-VSWisdomMessageTemplateVersion","resource-types"
"New-VSWisdomQuickResponse","resource-types"
"New-VSWorkSpacesConnectionAlias","resource-types"
"New-VSWorkspacesInstancesVolume","resource-types"
"New-VSWorkspacesInstancesVolumeAssociation","resource-types"
"New-VSWorkspacesInstancesWorkspaceInstance","resource-types"
"New-VSWorkSpacesThinClientEnvironment","resource-types"
"New-VSWorkSpacesWebBrowserSettings","resource-types"
"New-VSWorkSpacesWebDataProtectionSettings","resource-types"
"New-VSWorkSpacesWebIdentityProvider","resource-types"
"New-VSWorkSpacesWebIpAccessSettings","resource-types"
"New-VSWorkSpacesWebNetworkSettings","resource-types"
"New-VSWorkSpacesWebPortal","resource-types"
"New-VSWorkSpacesWebSessionLogger","resource-types"
"New-VSWorkSpacesWebTrustStore","resource-types"
"New-VSWorkSpacesWebUserAccessLoggingSettings","resource-types"
"New-VSWorkSpacesWebUserSettings","resource-types"
"New-VSWorkSpacesWorkspace","resource-types"
"New-VSWorkSpacesWorkspacesPool","resource-types"
"New-VSXRayGroup","resource-types"
"New-VSXRayResourcePolicy","resource-types"
"New-VSXRaySamplingRule","resource-types"
"New-VSXRayTransactionSearchConfig","resource-types"
"Add-VSChangeSetResourceToImport","sdk-wrappers"
"Get-TemplateValidation","sdk-wrappers"
"Get-VSAccountLimits","sdk-wrappers"
"Get-VSChangeSet","sdk-wrappers"
"Get-VSS3BucketList","sdk-wrappers"
"Get-VSS3BucketLocation","sdk-wrappers"
"Get-VSS3ObjectList","sdk-wrappers"
"Get-VSS3ObjectMetadata","sdk-wrappers"
"Get-VSStack","sdk-wrappers"
"Get-VSStackSet","sdk-wrappers"
"Get-VSStackSetInstance","sdk-wrappers"
"Get-VSStackSetOperation","sdk-wrappers"
"Invoke-VSChangeSetExecution","sdk-wrappers"
"Invoke-VSDeploy","sdk-wrappers"
"Invoke-VSPackage","sdk-wrappers"
"New-VSChangeSet","sdk-wrappers"
"New-VSS3Box","sdk-wrappers"
"New-VSS3Object","sdk-wrappers"
"New-VSStack","sdk-wrappers"
"New-VSStackSet","sdk-wrappers"
"New-VSStackSetInstances","sdk-wrappers"
"Remove-VSChangeSet","sdk-wrappers"
"Remove-VSStack","sdk-wrappers"
"Remove-VSStackSet","sdk-wrappers"
"Remove-VSStackSetInstances","sdk-wrappers"
"Resume-VSStackUpdateRollback","sdk-wrappers"
"Set-VSCredential","sdk-wrappers"
"Set-VSStackPolicy","sdk-wrappers"
"Stop-VSStackSetOperation","sdk-wrappers"
"Stop-VSStackUpdate","sdk-wrappers"
"Update-VSStack","sdk-wrappers"
"Update-VSStackSet","sdk-wrappers"
"VSStackParameter","sdk-wrappers"
"VSStackSetOperationPreferences","sdk-wrappers"
"VSStackTag","sdk-wrappers"
"Watch-Stack","sdk-wrappers"
"Add-SAMAlexaSkillEventSource","serverless"
"Add-SAMApiEventSource","serverless"
"Add-SAMCloudWatchEventEventSource","serverless"
"Add-SAMDynamoDBEventSource","serverless"
"Add-SAMEnvironmentVariable","serverless"
"Add-SAMEventSource","serverless"
"Add-SAMIoTRuleEventSource","serverless"
"Add-SAMKinesisEventSource","serverless"
"Add-SAMS3EventSource","serverless"
"Add-SAMS3LocationObject","serverless"
"Add-SAMScheduleEventSource","serverless"
"Add-SAMSNSEventSource","serverless"
"New-SAMApi","serverless"
"New-SAMFunction","serverless"
"New-SAMSimpleTable","serverless"
"vsl","supersets"
"Add-Include","transform"
